1787728154.703117 read(11, "@PS1,M,230603,17538992,633249,9505162,00000000*20C2\r\n@PS1,M,230604,17539052,633120,9505186,00000000*B937\r\n@PS1,M,230605,17539112,633328,9505137,00000000*8E8A\r\n", 4096) = 159
1787728154.716672 read(11, "", 4096)    = 0
1787728154.763028 read(11, "@PS1,M,230606,17539172,633355,9505170,00000000*65BA\r\n", 4096) = 53
1787728154.766408 read(11, "", 4096)    = 0
1787728154.936764 read(11, "@PS1,M,230607,17539232,633409,9505168,00000000*DA20\r\n", 4096) = 53
1787728154.941137 read(11, "", 4096)    = 0
1787728155.111696 read(11, "@PS1,M,230608,17539412,633556,9505132,00000000*1765\r\n@PS1,M,230609,17539472,633584,9505159,00000000*AE68\r\n", 4096) = 106
1787728155.117619 read(11, "", 4096)    = 0
1787728155.131084 read(11, "@PS1,M,230610,17539532,633724,9505146,00000000*A9CB\r\n", 4096) = 53
1787728155.133447 read(11, "", 4096)    = 0
1787728155.181019 read(11, "@PS1,M,230611,17539592,633884,9505154,00000000*41E2\r\n", 4096) = 53
1787728155.182979 read(11, "", 4096)    = 0
1787728155.303088 read(11, "@PS1,M,230612,17539652,633747,9505139,00000000*FC51\r\n@PS1,M,230613,17539713,633832,9505102,00000000*2D37\r\n", 4096) = 106
1787728155.308311 read(11, "", 4096)    = 0
1787728155.361446 read(11, "@PS1,M,230614,17539774,633900,9505095,00000000*0A1F\r\n", 4096) = 53
1787728155.363843 read(11, "", 4096)    = 0
1787728155.602651 read(11, "@PS1,M,230615,17539953,634066,9505056,00000000*E5F8\r\n@PS1,M,230616,17540013,634223,9505024,00000000*481B\r\n", 4096) = 106
1787728155.608823 read(11, "", 4096)    = 0
1787728155.659821 read(11, "@PS1,M,230617,17540073,634240,9505018,00000000*76ED\r\n", 4096) = 53
1787728155.661927 read(11, "", 4096)    = 0
1787728155.794710 read(11, "@PS1,M,230618,17540133,634192,9504996,00000000*D915\r\n@PS1,M,230619,17540193,634219,9504964,00000000*5431\r\n", 4096) = 106
1787728155.800131 read(11, "", 4096)    = 0
1787728155.839017 read(11, "@PS1,M,230620,17540253,634226,9504952,00000000*25D9\r\n", 4096) = 53
1787728155.841286 read(11, "", 4096)    = 0
1787728156.018368 read(11, "@PS1,M,230621,17540434,634419,9504947,00000000*0389\r\n", 4096) = 53
1787728156.020618 read(11, "", 4096)    = 0
1787728156.193114 read(11, "@PS1,M,230622,17540495,634594,9504861,00000000*0D30\r\n@PS1,M,230623,17540555,634499,9504867,00000000*91ED\r\n", 4096) = 106
1787728156.199359 read(11, "@PS1,M,230624,17540615,634448,9504866,00000000*4253\r\n", 4096) = 53
1787728156.201573 read(11, "", 4096)    = 0
1787728156.258658 read(11, "@PS1,M,230625,17540675,634520,9504819,00000000*5883\r\n", 4096) = 53
1787728156.260712 read(11, "", 4096)    = 0
1787728156.380837 read(11, "@PS1,M,230626,17540735,634605,9504770,00000000*5D28\r\n@PS1,M,230627,17540795,634623,9504767,00000000*D20B\r\n", 4096) = 106
1787728156.390399 read(11, "", 4096)    = 0
1787728156.575486 read(11, "@PS1,M,230628,17540975,634683,9504711,00000000*CFF0\r\n", 4096) = 53
1787728156.579367 read(11, "", 4096)    = 0
1787728156.616920 read(11, "@PS1,M,230629,17541035,634720,9504699,00000000*BA81\r\n", 4096) = 53
1787728156.619693 read(11, "", 4096)    = 0
1787728156.753245 read(11, "@PS1,M,230630,17541095,634781,9504685,00000000*6854\r\n@PS1,M,230631,17541155,634681,9504734,00000000*C08B\r\n", 4096) = 106
1787728156.758421 read(11, "", 4096)    = 0
1787728156.796181 read(11, "@PS1,M,230632,17541215,634717,9504637,00000000*1365\r\n", 4096) = 53
1787728156.798385 read(11, "", 4096)    = 0
1787728156.932118 read(11, "@PS1,M,230633,17541275,634944,9504648,00000000*BF08\r\n", 4096) = 53
1787728156.935992 read(11, "", 4096)    = 0
1787728157.109521 read(11, "@PS1,M,230634,17541457,634697,9504639,00000000*925B\r\n@PS1,M,230635,17541517,634637,9504591,00000000*FB16\r\n", 4096) = 106
1787728157.115008 read(11, "", 4096)    = 0
1787728157.155933 read(11, "@PS1,M,230636,17541577,634803,9504613,00000000*6D52\r\n", 4096) = 53
1787728157.157965 read(11, "", 4096)    = 0
1787728157.302014 read(11, "@PS1,M,230637,17541637,634815,9504568,00000000*5646\r\n@PS1,M,230638,17541697,634633,9504566,00000000*FD20\r\n", 4096) = 106
1787728157.307682 read(11, "", 4096)    = 0
1787728157.335297 read(11, "@PS1,M,230639,17541757,634716,9504588,00000000*25BC\r\n", 4096) = 53
1787728157.337891 read(11, "", 4096)    = 0
1787728157.493617 read(11, "@PS1,M,230640,17541817,634644,9504553,00000000*EEAF\r\n", 4096) = 53
1787728157.498119 read(11, "", 4096)    = 0
1787728157.683962 read(11, "@PS1,M,230641,17541998,634654,9504557,00000000*E2A4\r\n@PS1,M,230642,17542058,634669,9504577,00000000*0421\r\n", 4096) = 106
1787728157.690480 read(11, "", 4096)    = 0
1787728157.702355 read(11, "@PS1,M,230643,17542118,634566,9504577,00000000*43CB\r\n", 4096) = 53
1787728157.704774 read(11, "", 4096)    = 0
1787728157.863833 read(11, "@PS1,M,230644,17542178,634495,9504613,00000000*B8C8\r\n@PS1,M,230645,17542238,634568,9504602,00000000*53E6\r\n", 4096) = 106
1787728157.869340 read(11, "", 4096)    = 0
1787728157.882128 read(11, "@PS1,M,230646,17542298,634416,9504604,00000000*117E\r\n", 4096) = 53
1787728157.884380 read(11, "", 4096)    = 0
1787728158.055514 read(11, "@PS1,M,230647,17542479,634278,9504639,00000000*05D3\r\n", 4096) = 53
1787728158.059415 read(11, "", 4096)    = 0
1787728158.112849 read(11, "@PS1,M,230648,17542539,634177,9504645,00000000*55EB\r\n", 4096) = 53
1787728158.115084 read(11, "", 4096)    = 0
1787728158.232761 read(11, "@PS1,M,230649,17542599,634162,9504675,00000000*14F3\r\n@PS1,M,230650,17542659,634080,9504675,00000000*6240\r\n", 4096) = 106
1787728158.238113 read(11, "", 4096)    = 0
1787728158.356102 read(11, "@PS1,M,230651,17542719,633954,9504677,00000000*D35C\r\n@PS1,M,230652,17542779,633994,9504682,00000000*2F55\r\n", 4096) = 106
1787728158.362079 read(11, "", 4096)    = 0
1787728158.411618 read(11, "@PS1,M,230653,17542839,633898,9504747,00000000*E503\r\n", 4096) = 53
1787728158.413920 read(11, "", 4096)    = 0
1787728158.591783 read(11, "@PS1,M,230654,17543020,633728,9504828,00000000*0930\r\n", 4096) = 53
1787728158.595378 read(11, "", 4096)    = 0
1787728158.651600 read(11, "@PS1,M,230655,17543080,633795,9504803,00000000*A6AB\r\n", 4096) = 53
1787728158.655332 read(11, "", 4096)    = 0
1787728158.699239 --- SIGCHLD {si_signo=SIGCHLD, si_code=CLD_EXITED, si_pid=51457, si_uid=1000, si_status=0, si_utime=0, si_stime=0} ---
1787728158.774526 read(11, "@PS1,M,230656,17543140,633627,9504865,00000000*006D\r\n@PS1,M,230657,17543200,633834,9504853,00000000*E71F\r\n", 4096) = 106
1787728158.779881 read(11, "", 4096)    = 0
1787728158.945993 read(11, "@PS1,M,230658,17543260,633554,9504840,00000000*A84E\r\n@PS1,M,230659,17543320,633645,9504900,00000000*9202\r\n", 4096) = 106
1787728158.951615 read(11, "", 4096)    = 0
1787728159.125224 read(11, "@PS1,M,230660,17543501,633387,9504943,00000000*5F42\r\n", 4096) = 53
1787728159.129041 read(11, "", 4096)    = 0
1787728159.129826 read(11, "@PS1,M,230661,17543561,633489,9504978,00000000*E0AE\r\n", 4096) = 53
1787728159.131845 read(11, "", 4096)    = 0
1787728159.306181 read(11, "@PS1,M,230662,17543621,633288,9504985,00000000*B41F\r\n@PS1,M,230663,17543681,633188,9505004,00000000*9DD4\r\n", 4096) = 106
1787728159.311079 read(11, "@PS1,M,230664,17543741,633286,9505030,00000000*B4D0\r\n", 4096) = 53
1787728159.313455 read(11, "", 4096)    = 0
1787728159.368916 read(11, "@PS1,M,230665,17543801,633189,9505034,00000000*8A6B\r\n", 4096) = 53
1787728159.370851 read(11, "", 4096)    = 0
1787728159.496297 read(11, "@PS1,M,230666,17543861,633161,9505045,00000000*24A9\r\n", 4096) = 53
1787728159.500206 read(11, "", 4096)    = 0
1787728159.672959 read(11, "@PS1,M,230667,17544042,633015,9505124,00000000*08A0\r\n@PS1,M,230668,17544102,633048,9505089,00000000*27BE\r\n", 4096) = 106
1787728159.678593 read(11, "", 4096)    = 0
1787728159.728161 read(11, "@PS1,M,230669,17544162,633092,9505103,00000000*5096\r\n", 4096) = 53
1787728159.730577 read(11, "", 4096)    = 0
1787728159.863852 read(11, "@PS1,M,230670,17544222,632972,9505135,00000000*86C1\r\n@PS1,M,230671,17544282,633019,9505145,00000000*00F6\r\n", 4096) = 106
1787728159.869414 read(11, "", 4096)    = 0
1787728159.907409 read(11, "@PS1,M,230672,17544342,633081,9505158,00000000*EC89\r\n", 4096) = 53
1787728159.910694 read(11, "", 4096)    = 0
1787728160.086127 read(11, "@PS1,M,230673,17544522,633032,9505152,00000000*A050\r\n", 4096) = 53
1787728160.088628 read(11, "", 4096)    = 0
1787728160.261649 read(11, "@PS1,M,230674,17544583,633126,9505180,00000000*9433\r\n@PS1,M,230675,17544643,633122,9505175,00000000*2C33\r\n", 4096) = 106
1787728160.266935 read(11, "@PS1,M,230676,17544703,633035,9505171,00000000*AA91\r\n", 4096) = 53
1787728160.268739 read(11, "", 4096)    = 0
1787728160.326315 read(11, "@PS1,M,230677,17544763,633223,9505187,00000000*A280\r\n", 4096) = 53
1787728160.328371 read(11, "", 4096)    = 0
1787728160.449886 read(11, "@PS1,M,230678,17544823,633160,9505188,00000000*F779\r\n@PS1,M,230679,17544884,633125,9505173,00000000*E001\r\n", 4096) = 106
1787728160.455796 read(11, "", 4096)    = 0
1787728160.641878 read(11, "@PS1,M,230680,17545064,633266,9505153,00000000*22CE\r\n", 4096) = 53
1787728160.645727 read(11, "", 4096)    = 0
1787728160.685075 read(11, "@PS1,M,230681,17545124,633183,9505142,00000000*A73A\r\n", 4096) = 53
1787728160.687175 read(11, "", 4096)    = 0
1787728160.820055 read(11, "@PS1,M,230682,17545184,633232,9505166,00000000*2966\r\n@PS1,M,230683,17545244,633391,9505116,00000000*08DF\r\n", 4096) = 106
1787728160.826843 read(11, "", 4096)    = 0
1787728160.864360 read(11, "@PS1,M,230684,17545304,633474,9505120,00000000*9F13\r\n", 4096) = 53
1787728160.867260 read(11, "", 4096)    = 0
1787728161.013060 read(11, "@PS1,M,230685,17545364,633481,9505136,00000000*DB52\r\n", 4096) = 53
1787728161.016870 read(11, "", 4096)    = 0
1787728161.189822 read(11, "@PS1,M,230686,17545545,633557,9505140,00000000*7474\r\n@PS1,M,230687,17545605,633572,9505114,00000000*CE8F\r\n", 4096) = 106
1787728161.195375 read(11, "", 4096)    = 0
1787728161.223510 read(11, "@PS1,M,230688,17545665,633744,9505078,00000000*5EE3\r\n", 4096) = 53
1787728161.225934 read(11, "", 4096)    = 0
1787728161.380914 read(11, "@PS1,M,230689,17545725,633802,9505070,00000000*7176\r\n@PS1,M,230690,17545785,633858,9505073,00000000*7667\r\n", 4096) = 106
1787728161.386564 read(11, "", 4096)    = 0
1787728161.402772 read(11, "@PS1,M,230691,17545845,633831,9505045,00000000*6730\r\n", 4096) = 53
1787728161.405987 read(11, "", 4096)    = 0
1787728161.559603 read(11, "@PS1,M,230692,17545905,633947,9505030,00000000*B35B\r\n", 4096) = 53
1787728161.563433 read(11, "", 4096)    = 0
1787728161.737442 read(11, "@PS1,M,230693,17546086,634233,9504980,00000000*A67B\r\n@PS1,M,230694,17546146,634186,9504963,00000000*AB26\r\n", 4096) = 106
1787728161.743361 read(11, "", 4096)    = 0
1787728161.761614 read(11, "@PS1,M,230695,17546206,634251,9504950,00000000*F864\r\n", 4096) = 53
1787728161.764597 read(11, "", 4096)    = 0
1787728161.930564 read(11, "@PS1,M,230696,17546266,634275,9504936,00000000*4BFC\r\n@PS1,M,230697,17546326,634282,9504903,00000000*B307\r\n", 4096) = 106
1787728161.936825 read(11, "", 4096)    = 0
1787728161.949159 read(11, "@PS1,M,230698,17546386,634437,9504853,00000000*5804\r\n", 4096) = 53
1787728161.951379 read(11, "", 4096)    = 0
1787728162.121305 read(11, "@PS1,M,230699,17546567,634539,9504825,00000000*8A73\r\n", 4096) = 53
1787728162.125514 read(11, "", 4096)    = 0
1787728162.179949 read(11, "@PS1,M,230700,17546627,634390,9504814,00000000*C943\r\n", 4096) = 53
1787728162.182242 read(11, "", 4096)    = 0
1787728162.298718 read(11, "@PS1,M,230701,17546687,634545,9504800,00000000*E056\r\n", 4096) = 53
1787728162.302289 read(11, "@PS1,M,230702,17546747,634551,9504797,00000000*B873\r\n", 4096) = 53
1787728162.304512 read(11, "", 4096)    = 0
1787728162.470768 read(11, "@PS1,M,230703,17546808,634652,9504799,00000000*D60E\r\n@PS1,M,230704,17546868,634750,9504736,00000000*7ACF\r\n", 4096) = 106
1787728162.477010 read(11, "", 4096)    = 0
1787728162.489470 read(11, "@PS1,M,230705,17546928,634738,9504723,00000000*6D1C\r\n", 4096) = 53
1787728162.491754 read(11, "", 4096)    = 0
1787728162.664843 read(11, "@PS1,M,230706,17547108,634763,9504666,00000000*E94A\r\n", 4096) = 53
1787728162.668683 read(11, "", 4096)    = 0
1787728162.719012 read(11, "@PS1,M,230707,17547168,634657,9504656,00000000*63A4\r\n", 4096) = 53
1787728162.725493 read(11, "", 4096)    = 0
1787728162.854595 read(11, "@PS1,M,230708,17547228,634609,9504639,00000000*4832\r\n@PS1,M,230709,17547288,634818,9504657,00000000*4964\r\n", 4096) = 106
1787728162.860329 read(11, "", 4096)    = 0
1787728162.898248 read(11, "@PS1,M,230710,17547349,634788,9504622,00000000*712D\r\n", 4096) = 53
1787728162.900447 read(11, "", 4096)    = 0
1787728163.034010 read(11, "@PS1,M,230711,17547409,634777,9504606,00000000*B0E1\r\n", 4096) = 53
1787728163.038187 read(11, "", 4096)    = 0
1787728163.213213 read(11, "@PS1,M,230712,17547589,634755,9504570,00000000*21A5\r\n@PS1,M,230713,17547650,634752,9504558,00000000*DE5B\r\n", 4096) = 106
1787728163.218461 read(11, "", 4096)    = 0
1787728163.257794 read(11, "@PS1,M,230714,17547710,634714,9504577,00000000*009A\r\n", 4096) = 53
1787728163.260135 read(11, "", 4096)    = 0
1787728163.391533 read(11, "@PS1,M,230715,17547770,634744,9504557,00000000*7329\r\n@PS1,M,230716,17547830,634545,9504543,00000000*7988\r\n", 4096) = 106
1787728163.397852 read(11, "", 4096)    = 0
1787728163.437029 read(11, "@PS1,M,230717,17547890,634664,9504541,00000000*4292\r\n", 4096) = 53
1787728163.439197 read(11, "", 4096)    = 0
1787728163.584009 read(11, "@PS1,M,230718,17547950,634669,9504549,00000000*0B19\r\n", 4096) = 53
1787728163.587707 read(11, "", 4096)    = 0
1787728163.733598 --- SIGCHLD {si_signo=SIGCHLD, si_code=CLD_EXITED, si_pid=51475, si_uid=1000, si_status=0, si_utime=0, si_stime=0} ---
1787728163.780845 read(11, "@PS1,M,230719,17548130,634342,9504557,00000000*7184\r\n@PS1,M,230720,17548191,634404,9504520,00000000*2E0D\r\n", 4096) = 106
1787728163.786397 read(11, "", 4096)    = 0
1787728163.801067 read(11, "@PS1,M,230721,17548251,634363,9504583,00000000*00D7\r\n", 4096) = 53
1787728163.803289 read(11, "", 4096)    = 0
1787728163.855382 read(11, "@PS1,M,230722,17548311,634318,9504564,00000000*B4BB\r\n", 4096) = 53
1787728163.857659 read(11, "", 4096)    = 0
1787728163.974081 read(11, "@PS1,M,230723,17548371,634344,9504615,00000000*2514\r\n", 4096) = 53
1787728163.977853 read(11, "@PS1,M,230724,17548431,634317,9504590,00000000*C96B\r\n", 4096) = 53
1787728163.980438 read(11, "", 4096)    = 0
1787728164.154895 read(11, "@PS1,M,230725,17548612,634104,9504648,00000000*28E2\r\n", 4096) = 53
1787728164.157543 read(11, "", 4096)    = 0
1787728164.330099 read(11, "@PS1,M,230726,17548672,634044,9504686,00000000*F218\r\n@PS1,M,230727,17548732,633996,9504715,00000000*5517\r\n", 4096) = 106
1787728164.335938 read(11, "@PS1,M,230728,17548792,633992,9504718,00000000*13F1\r\n", 4096) = 53
1787728164.338161 read(11, "", 4096)    = 0
1787728164.393958 read(11, "@PS1,M,230729,17548852,633774,9504756,00000000*F0C7\r\n", 4096) = 53
1787728164.396291 read(11, "", 4096)    = 0
1787728164.516139 read(11, "@PS1,M,230730,17548912,633870,9504753,00000000*29AC\r\n@PS1,M,230731,17548972,633670,9504733,00000000*9D4B\r\n", 4096) = 106
1787728164.521953 read(11, "", 4096)    = 0
1787728164.707934 read(11, "@PS1,M,230732,17549153,633442,9504891,00000000*8D87\r\n", 4096) = 53
1787728164.711813 read(11, "", 4096)    = 0
1787728164.752974 read(11, "@PS1,M,230733,17549213,633509,9504857,00000000*B309\r\n", 4096) = 53
1787728164.755363 read(11, "", 4096)    = 0
1787728164.884649 read(11, "@PS1,M,230734,17549273,633474,9504860,00000000*14E1\r\n@PS1,M,230735,17549333,633574,9504903,00000000*7A99\r\n", 4096) = 106
1787728164.891054 read(11, "", 4096)    = 0
1787728164.932233 read(11, "@PS1,M,230736,17549393,633477,9504908,00000000*7BDC\r\n", 4096) = 53
1787728164.934319 read(11, "", 4096)    = 0
1787728165.126110 read(11, "@PS1,M,230737,17549453,633369,9504945,00000000*5151\r\n", 4096) = 53
1787728165.129938 read(11, "", 4096)    = 0
1787728165.171612 read(11, "@PS1,M,230738,17549634,633348,9505026,00000000*6E0A\r\n", 4096) = 53
1787728165.174084 read(11, "", 4096)    = 0
1787728165.303153 read(11, "@PS1,M,230739,17549694,633195,9504994,00000000*4C80\r\n@PS1,M,230740,17549754,633138,9505020,00000000*0489\r\n", 4096) = 106
1787728165.309688 read(11, "", 4096)    = 0
1787728165.350858 read(11, "@PS1,M,230741,17549814,633128,9505046,00000000*943C\r\n", 4096) = 53
1787728165.352871 read(11, "", 4096)    = 0
1787728165.493985 read(11, "@PS1,M,230742,17549874,633130,9505057,00000000*612B\r\n@PS1,M,230743,17549934,633272,9505059,00000000*A6D3\r\n", 4096) = 106
1787728165.498948 read(11, "", 4096)    = 0
1787728165.530152 read(11, "@PS1,M,230744,17549994,633129,9505091,00000000*B94F\r\n", 4096) = 53
1787728165.532508 read(11, "", 4096)    = 0
1787728165.709394 read(11, "@PS1,M,230745,17550174,633089,9505117,00000000*5FF7\r\n", 4096) = 53
1787728165.711741 read(11, "", 4096)    = 0
1787728165.884708 read(11, "@PS1,M,230746,17550234,633051,9505127,00000000*CA7E\r\n@PS1,M,230747,17550294,633077,9505144,00000000*C1D5\r\n", 4096) = 106
1787728165.890063 read(11, "@PS1,M,230748,17550355,633221,9505168,00000000*CC17\r\n", 4096) = 53
1787728165.891890 read(11, "", 4096)    = 0
1787728165.949611 read(11, "@PS1,M,230749,17550415,633111,9505166,00000000*BEE7\r\n", 4096) = 53
1787728165.952209 read(11, "", 4096)    = 0
1787728166.072670 read(11, "@PS1,M,230750,17550476,632985,9505161,00000000*3991\r\n", 4096) = 53
1787728166.076538 read(11, "", 4096)    = 0
1787728166.250699 read(11, "@PS1,M,230751,17550655,633106,9505183,00000000*7CB4\r\n@PS1,M,230752,17550715,633004,9505166,00000000*18A0\r\n", 4096) = 106
1787728166.256916 read(11, "", 4096)    = 0
1787728166.307702 read(11, "@PS1,M,230753,17550775,633140,9505156,00000000*A851\r\n", 4096) = 53
1787728166.309831 read(11, "", 4096)    = 0
1787728166.442921 read(11, "@PS1,M,230754,17550835,633294,9505137,00000000*2AF0\r\n@PS1,M,230755,17550895,633224,9505174,00000000*CF2D\r\n", 4096) = 106
1787728166.448338 read(11, "", 4096)    = 0
1787728166.486899 read(11, "@PS1,M,230756,17550955,633314,9505155,00000000*442B\r\n", 4096) = 53
1787728166.488908 read(11, "", 4096)    = 0
1787728166.622451 read(11, "@PS1,M,230757,17551017,633437,9505187,00000000*891C\r\n", 4096) = 53
1787728166.626315 read(11, "", 4096)    = 0
1787728166.799677 read(11, "@PS1,M,230758,17551197,633417,9505142,00000000*7745\r\n@PS1,M,230759,17551257,633368,9505115,00000000*50E9\r\n", 4096) = 106
1787728166.805398 read(11, "", 4096)    = 0
1787728166.846239 read(11, "@PS1,M,230760,17551317,633488,9505115,00000000*BCB8\r\n", 4096) = 53
1787728166.848395 read(11, "", 4096)    = 0
1787728166.978899 read(11, "@PS1,M,230761,17551377,633520,9505172,00000000*EC4B\r\n@PS1,M,230762,17551437,633597,9505147,00000000*0B90\r\n", 4096) = 106
1787728166.984166 read(11, "", 4096)    = 0
1787728167.025493 read(11, "@PS1,M,230763,17551497,633788,9505112,00000000*1346\r\n", 4096) = 53
1787728167.027494 read(11, "", 4096)    = 0
1787728167.205826 read(11, "@PS1,M,230764,17551678,633695,9505073,00000000*75C4\r\n", 4096) = 53
1787728167.208382 read(11, "", 4096)    = 0
1787728167.380966 read(11, "@PS1,M,230765,17551738,633913,9505056,00000000*AAF8\r\n@PS1,M,230766,17551798,633845,9505049,00000000*4857\r\n", 4096) = 106
1787728167.387249 read(11, "@PS1,M,230767,17551858,634073,9505023,00000000*14F3\r\n", 4096) = 53
1787728167.388967 read(11, "", 4096)    = 0
1787728167.444835 read(11, "@PS1,M,230768,17551918,634059,9505030,00000000*11D2\r\n", 4096) = 53
1787728167.447148 read(11, "", 4096)    = 0
1787728167.566484 read(11, "@PS1,M,230769,17551978,634164,9505003,00000000*2BAD\r\n@PS1,M,230770,17552038,634063,9504955,00000000*5154\r\n", 4096) = 106
1787728167.572903 read(11, "", 4096)    = 0
1787728167.764464 read(11, "@PS1,M,230771,17552218,634267,9504871,00000000*3A6C\r\n", 4096) = 53
1787728167.768758 read(11, "", 4096)    = 0
1787728167.803194 read(11, "@PS1,M,230772,17552279,634335,9504913,00000000*6D48\r\n", 4096) = 53
1787728167.805688 read(11, "", 4096)    = 0
1787728167.942436 read(11, "@PS1,M,230773,17552339,634305,9504857,00000000*F8CA\r\n@PS1,M,230774,17552399,634437,9504868,00000000*430D\r\n", 4096) = 106
1787728167.949060 read(11, "", 4096)    = 0
1787728167.982468 read(11, "@PS1,M,230775,17552459,634444,9504839,00000000*CB57\r\n", 4096) = 53
1787728167.984862 read(11, "", 4096)    = 0
1787728168.134500 read(11, "@PS1,M,230776,17552519,634586,9504854,00000000*9FA7\r\n", 4096) = 53
1787728168.139053 read(11, "", 4096)    = 0
1787728168.313760 read(11, "@PS1,M,230777,17552700,634712,9504770,00000000*06FC\r\n@PS1,M,230778,17552760,634862,9504710,00000000*64A6\r\n", 4096) = 106
1787728168.319980 read(11, "", 4096)    = 0
1787728168.342108 read(11, "@PS1,M,230779,17552820,634614,9504721,00000000*8510\r\n", 4096) = 53
1787728168.344656 read(11, "", 4096)    = 0
1787728168.506905 read(11, "@PS1,M,230780,17552880,634601,9504731,00000000*E976\r\n@PS1,M,230781,17552940,634620,9504697,00000000*EC87\r\n", 4096) = 106
1787728168.513206 read(11, "", 4096)    = 0
1787728168.526445 read(11, "@PS1,M,230782,17553000,634629,9504668,00000000*8F11\r\n", 4096) = 53
1787728168.529405 read(11, "", 4096)    = 0
1787728168.581045 read(11, "@PS1,M,230783,17553060,634838,9504643,00000000*BF1B\r\n", 4096) = 53
1787728168.584327 read(11, "", 4096)    = 0
1787728168.663869 --- SIGCHLD {si_signo=SIGCHLD, si_code=CLD_EXITED, si_pid=51493, si_uid=1000, si_status=0, si_utime=0, si_stime=0} ---
1787728168.761112 read(11, "@PS1,M,230784,17553241,634852,9504601,00000000*16F9\r\n", 4096) = 53
1787728168.764170 read(11, "", 4096)    = 0
1787728168.820773 read(11, "@PS1,M,230785,17553301,634768,9504614,00000000*52C9\r\n", 4096) = 53
1787728168.823522 read(11, "", 4096)    = 0
1787728168.941428 read(11, "@PS1,M,230786,17553361,634862,9504547,00000000*3670\r\n@PS1,M,230787,17553421,634649,9504603,00000000*F55D\r\n", 4096) = 106
1787728168.947567 read(11, "", 4096)    = 0
1787728169.113211 read(11, "@PS1,M,230788,17553482,634752,9504572,00000000*5C2D\r\n@PS1,M,230789,17553542,634728,9504544,00000000*4773\r\n", 4096) = 106
1787728169.119712 read(11, "", 4096)    = 0
1787728169.306354 read(11, "@PS1,M,230790,17553722,634755,9504548,00000000*C2BE\r\n@PS1,M,230791,17553782,634783,9504536,00000000*3346\r\n", 4096) = 106
1787728169.316416 read(11, "", 4096)    = 0
1787728169.358461 read(11, "@PS1,M,230792,17553842,634763,9504518,00000000*0918\r\n", 4096) = 53
1787728169.361424 read(11, "", 4096)    = 0
1787728169.502166 read(11, "@PS1,M,230793,17553902,634754,9504521,00000000*CEBC\r\n@PS1,M,230794,17553962,634643,9504548,00000000*3C82\r\n", 4096) = 106
1787728169.508604 read(11, "", 4096)    = 0
1787728169.537735 read(11, "@PS1,M,230795,17554022,634545,9504541,00000000*0BE4\r\n", 4096) = 53
1787728169.540399 read(11, "", 4096)    = 0
1787728169.697051 read(11, "@PS1,M,230796,17554082,634427,9504547,00000000*96AB\r\n", 4096) = 53
1787728169.701641 read(11, "", 4096)    = 0
1787728169.876273 read(11, "@PS1,M,230797,17554263,634255,9504566,00000000*377E\r\n@PS1,M,230798,17554323,634293,9504572,00000000*5B53\r\n", 4096) = 106
1787728169.882791 read(11, "", 4096)    = 0
1787728169.896719 read(11, "@PS1,M,230799,17554383,634244,9504638,00000000*8ACA\r\n", 4096) = 53
1787728169.899367 read(11, "", 4096)    = 0
1787728170.068132 read(11, "@PS1,M,230800,17554443,634252,9504631,00000000*6EFF\r\n@PS1,M,230801,17554503,634209,9504679,00000000*0A6B\r\n", 4096) = 106
1787728170.074336 read(11, "", 4096)    = 0
1787728170.086817 read(11, "@PS1,M,230802,17554563,634132,9504642,00000000*39B6\r\n", 4096) = 53
1787728170.091283 read(11, "", 4096)    = 0
1787728170.319980 read(11, "@PS1,M,230803,17554744,633992,9504730,00000000*73CB\r\n@PS1,M,230804,17554804,633787,9504714,00000000*148B\r\n", 4096) = 106
1787728170.327593 read(11, "", 4096)    = 0
1787728170.375528 read(11, "@PS1,M,230805,17554864,633867,9504781,00000000*A8A2\r\n", 4096) = 53
1787728170.377752 read(11, "", 4096)    = 0
1787728170.512700 read(11, "@PS1,M,230806,17554924,633905,9504797,00000000*124A\r\n@PS1,M,230807,17554984,633682,9504824,00000000*D832\r\n", 4096) = 106
1787728170.519829 read(11, "", 4096)    = 0
1787728170.554814 read(11, "@PS1,M,230808,17555044,633736,9504793,00000000*57E8\r\n", 4096) = 53
1787728170.557869 read(11, "", 4096)    = 0
1787728170.705524 read(11, "@PS1,M,230809,17555104,633606,9504825,00000000*B2F6\r\n", 4096) = 53
1787728170.710597 read(11, "", 4096)    = 0
1787728170.884630 read(11, "@PS1,M,230810,17555285,633465,9504916,00000000*E4AD\r\n@PS1,M,230811,17555345,633394,9504951,00000000*5031\r\n", 4096) = 106
1787728170.890725 read(11, "", 4096)    = 0
1787728170.913866 read(11, "@PS1,M,230812,17555405,633382,9504959,00000000*8B3B\r\n", 4096) = 53
1787728170.916649 read(11, "", 4096)    = 0
1787728171.076283 read(11, "@PS1,M,230813,17555465,633385,9504966,00000000*10A5\r\n@PS1,M,230814,17555525,633388,9504963,00000000*4314\r\n", 4096) = 106
1787728171.082584 read(11, "", 4096)    = 0
1787728171.095079 read(11, "@PS1,M,230815,17555585,633177,9505023,00000000*687B\r\n", 4096) = 53
1787728171.097407 read(11, "", 4096)    = 0
1787728171.272357 read(11, "@PS1,M,230816,17555766,633091,9505033,00000000*4B8D\r\n", 4096) = 53
1787728171.276452 read(11, "", 4096)    = 0
1787728171.332033 read(11, "@PS1,M,230817,17555826,633188,9505057,00000000*315F\r\n", 4096) = 53
1787728171.334552 read(11, "", 4096)    = 0
1787728171.451682 read(11, "@PS1,M,230818,17555887,633065,9505112,00000000*6AA7\r\n", 4096) = 53
1787728171.456768 read(11, "@PS1,M,230819,17555947,633257,9505085,00000000*CDE2\r\n", 4096) = 53
1787728171.460278 read(11, "", 4096)    = 0
1787728171.624756 read(11, "@PS1,M,230820,17556007,633015,9505050,00000000*21D2\r\n@PS1,M,230821,17556067,633258,9505109,00000000*1927\r\n", 4096) = 106
1787728171.631264 read(11, "", 4096)    = 0
1787728171.643337 read(11, "@PS1,M,230822,17556127,632977,9505129,00000000*1245\r\n", 4096) = 53
1787728171.645828 read(11, "", 4096)    = 0
1787728171.822104 read(11, "@PS1,M,230823,17556307,633111,9505142,00000000*6A94\r\n", 4096) = 53
1787728171.826733 read(11, "", 4096)    = 0
1787728171.870827 read(11, "@PS1,M,230824,17556367,633068,9505142,00000000*59DB\r\n", 4096) = 53
1787728171.873233 read(11, "", 4096)    = 0
1787728172.005367 read(11, "@PS1,M,230825,17556427,633052,9505133,00000000*0BDE\r\n@PS1,M,230826,17556487,633023,9505143,00000000*274D\r\n", 4096) = 106
1787728172.012700 read(11, "", 4096)    = 0
1787728172.050054 read(11, "@PS1,M,230827,17556547,633194,9505151,00000000*2DFE\r\n", 4096) = 53
1787728172.052488 read(11, "", 4096)    = 0
1787728172.202788 read(11, "@PS1,M,230828,17556607,633061,9505148,00000000*A4E5\r\n", 4096) = 53
1787728172.207295 read(11, "", 4096)    = 0
1787728172.386264 read(11, "@PS1,M,230829,17556788,633254,9505156,00000000*2389\r\n@PS1,M,230830,17556848,633231,9505129,00000000*81C6\r\n", 4096) = 106
1787728172.393498 read(11, "", 4096)    = 0
1787728172.409193 read(11, "@PS1,M,230831,17556908,633247,9505146,00000000*04FD\r\n", 4096) = 53
1787728172.412096 read(11, "", 4096)    = 0
1787728172.582786 read(11, "@PS1,M,230832,17556968,633355,9505112,00000000*5642\r\n@PS1,M,230833,17557028,633432,9505138,00000000*69DD\r\n", 4096) = 106
1787728172.588475 read(11, "@PS1,M,230834,17557088,633433,9505093,00000000*FCF6\r\n", 4096) = 53
1787728172.590837 read(11, "", 4096)    = 0
1787728172.648260 read(11, "@PS1,M,230835,17557148,633401,9505057,00000000*0B61\r\n", 4096) = 53
1787728172.650837 read(11, "", 4096)    = 0
1787728172.827641 read(11, "@PS1,M,230836,17557329,633603,9505086,00000000*D692\r\n", 4096) = 53
1787728172.830481 read(11, "", 4096)    = 0
1787728173.008426 read(11, "@PS1,M,230837,17557389,633838,9505087,00000000*DDB2\r\n@PS1,M,230838,17557450,633833,9505057,00000000*6E75\r\n@PS1,M,230839,17557510,633867,9505004,00000000*2896\r\n", 4096) = 159
1787728173.015853 read(11, "", 4096)    = 0
1787728173.067849 read(11, "@PS1,M,230840,17557570,633882,9505049,00000000*4444\r\n", 4096) = 53
1787728173.070525 read(11, "", 4096)    = 0
1787728173.205569 read(11, "@PS1,M,230841,17557630,634047,9505003,00000000*DF05\r\n", 4096) = 53
1787728173.210152 read(11, "", 4096)    = 0
1787728173.388719 read(11, "@PS1,M,230842,17557810,634022,9504965,00000000*CCAF\r\n@PS1,M,230843,17557870,634251,9504948,00000000*F02C\r\n", 4096) = 106
1787728173.394819 read(11, "", 4096)    = 0
1787728173.426469 read(11, "@PS1,M,230844,17557930,634190,9504946,00000000*DF25\r\n", 4096) = 53
1787728173.428740 read(11, "", 4096)    = 0
1787728173.586089 read(11, "@PS1,M,230845,17557991,634285,9504915,00000000*C567\r\n@PS1,M,230846,17558051,634417,9504858,00000000*7FB8\r\n", 4096) = 106
1787728173.592025 read(11, "", 4096)    = 0
1787728173.606088 read(11, "@PS1,M,230847,17558111,634247,9504858,00000000*4C97\r\n", 4096) = 53
1787728173.610257 read(11, "", 4096)    = 0
1787728173.740915 --- SIGCHLD {si_signo=SIGCHLD, si_code=CLD_EXITED, si_pid=51511, si_uid=1000, si_status=0, si_utime=0, si_stime=0} ---
1787728173.788071 read(11, "@PS1,M,230848,17558171,634448,9504842,00000000*201E\r\n", 4096) = 53
1787728173.792612 read(11, "", 4096)    = 0
1787728173.845829 read(11, "@PS1,M,230849,17558352,634514,9504782,00000000*5299\r\n", 4096) = 53
1787728173.848753 read(11, "", 4096)    = 0
1787728173.973408 read(11, "@PS1,M,230850,17558412,634558,9504768,00000000*7DBD\r\n@PS1,M,230851,17558472,634569,9504768,00000000*BA8C\r\n", 4096) = 106
1787728173.978596 read(11, "", 4096)    = 0
1787728174.102028 read(11, "@PS1,M,230852,17558532,634590,9504705,00000000*58D2\r\n@PS1,M,230853,17558592,634774,9504705,00000000*5046\r\n", 4096) = 106
1787728174.107285 read(11, "", 4096)    = 0
1787728174.144353 read(11, "@PS1,M,230854,17558652,634742,9504726,00000000*4A87\r\n", 4096) = 53
1787728174.146699 read(11, "", 4096)    = 0
1787728174.323123 read(11, "@PS1,M,230855,17558832,634774,9504580,00000000*DE6F\r\n", 4096) = 53
1787728174.325405 read(11, "", 4096)    = 0
1787728174.503597 read(11, "@PS1,M,230856,17558892,634845,9504644,00000000*FD9D\r\n@PS1,M,230857,17558953,634938,9504591,00000000*813B\r\n@PS1,M,230858,17559013,634738,9504556,00000000*202B\r\n", 4096) = 159
1787728174.510706 read(11, "", 4096)    = 0
1787728174.563410 read(11, "@PS1,M,230859,17559073,634674,9504596,00000000*EA86\r\n", 4096) = 53
1787728174.565810 read(11, "", 4096)    = 0
1787728174.701065 read(11, "@PS1,M,230860,17559133,634770,9504555,00000000*7DE2\r\n@PS1,M,230861,17559193,634807,9504547,00000000*6320\r\n", 4096) = 106
1787728174.706300 read(11, "", 4096)    = 0
1787728174.884824 read(11, "@PS1,M,230862,17559373,634689,9504546,00000000*19C9\r\n", 4096) = 53
1787728174.888846 read(11, "", 4096)    = 0
1787728174.921329 read(11, "@PS1,M,230863,17559433,634670,9504534,00000000*2250\r\n", 4096) = 53
1787728174.923465 read(11, "", 4096)    = 0
1787728175.067833 read(11, "@PS1,M,230864,17559494,634553,9504482,00000000*2DAD\r\n@PS1,M,230865,17559554,634778,9504519,00000000*B2D7\r\n", 4096) = 106
1787728175.073142 read(11, "", 4096)    = 0
1787728175.101760 read(11, "@PS1,M,230866,17559614,634660,9504514,00000000*3A0D\r\n", 4096) = 53
1787728175.103794 read(11, "", 4096)    = 0
1787728175.263624 read(11, "@PS1,M,230867,17559674,634655,9504547,00000000*355A\r\n", 4096) = 53
1787728175.267780 read(11, "", 4096)    = 0
1787728175.475012 read(11, "@PS1,M,230868,17559855,634488,9504521,00000000*B7B7\r\n@PS1,M,230869,17559915,634354,9504540,00000000*BE6C\r\n@PS1,M,230870,17559975,634350,9504583,00000000*8F54\r\n", 4096) = 159
1787728175.482823 read(11, "", 4096)    = 0
1787728175.520062 read(11, "@PS1,M,230871,17560035,634271,9504575,00000000*BCEE\r\n", 4096) = 53
1787728175.522273 read(11, "", 4096)    = 0
1787728175.682309 read(11, "@PS1,M,230872,17560095,634256,9504567,00000000*29E7\r\n@PS1,M,230873,17560155,634161,9504609,00000000*1350\r\n", 4096) = 106
1787728175.685677 read(11, "", 4096)    = 0
1787728175.699342 read(11, "@PS1,M,230874,17560215,634148,9504624,00000000*DC6D\r\n", 4096) = 53
1787728175.702579 read(11, "", 4096)    = 0
1787728175.878383 read(11, "@PS1,M,230875,17560395,633987,9504692,00000000*A2EA\r\n", 4096) = 53
1787728175.880945 read(11, "", 4096)    = 0
1787728176.059493 read(11, "@PS1,M,230876,17560456,633926,9504710,00000000*A340\r\n@PS1,M,230877,17560516,633828,9504720,00000000*0707\r\n@PS1,M,230878,17560576,633738,9504747,00000000*9DA7\r\n", 4096) = 159
1787728176.066000 read(11, "", 4096)    = 0
1787728176.118477 read(11, "@PS1,M,230879,17560636,633735,9504761,00000000*8D1B\r\n", 4096) = 53
1787728176.120648 read(11, "", 4096)    = 0
1787728176.256347 read(11, "@PS1,M,230880,17560697,633661,9504767,00000000*82A2\r\n", 4096) = 53
1787728176.260202 read(11, "", 4096)    = 0
1787728176.438547 read(11, "@PS1,M,230881,17560877,633502,9504826,00000000*B72D\r\n@PS1,M,230882,17560937,633419,9504902,00000000*9381\r\n", 4096) = 106
1787728176.443657 read(11, "", 4096)    = 0
1787728176.476849 read(11, "@PS1,M,230883,17560997,633438,9504919,00000000*0B09\r\n", 4096) = 53
1787728176.478874 read(11, "", 4096)    = 0
1787728176.617367 read(11, "@PS1,M,230884,17561057,633494,9504889,00000000*9363\r\n@PS1,M,230885,17561117,633276,9504967,00000000*DBCA\r\n", 4096) = 106
1787728176.623504 read(11, "", 4096)    = 0
1787728176.656036 read(11, "@PS1,M,230886,17561177,633172,9504953,00000000*CD1C\r\n", 4096) = 53
1787728176.658180 read(11, "", 4096)    = 0
1787728176.813739 read(11, "@PS1,M,230887,17561238,633052,9504997,00000000*FDCA\r\n", 4096) = 53
1787728176.817664 read(11, "", 4096)    = 0
1787728176.996545 read(11, "@PS1,M,230888,17561418,633171,9505021,00000000*E2E2\r\n@PS1,M,230889,17561478,633185,9505088,00000000*DA57\r\n", 4096) = 106
1787728177.002062 read(11, "", 4096)    = 0
1787728177.015006 read(11, "@PS1,M,230890,17561538,633160,9505072,00000000*6F11\r\n", 4096) = 53
1787728177.017351 read(11, "", 4096)    = 0
1787728177.192495 read(11, "@PS1,M,230891,17561598,633030,9505044,00000000*208C\r\n@PS1,M,230892,17561658,633016,9505065,00000000*6A0E\r\n", 4096) = 106
1787728177.197925 read(11, "@PS1,M,230893,17561719,633012,9505099,00000000*ABD5\r\n", 4096) = 53
1787728177.199731 read(11, "", 4096)    = 0
1787728177.387078 read(11, "@PS1,M,230894,17561898,632975,9505094,00000000*3944\r\n", 4096) = 53
1787728177.391298 read(11, "", 4096)    = 0
1787728177.434715 read(11, "@PS1,M,230895,17561960,632903,9505142,00000000*9ABD\r\n", 4096) = 53
1787728177.436831 read(11, "", 4096)    = 0
1787728177.569033 read(11, "@PS1,M,230896,17562020,633002,9505158,00000000*8D9A\r\n@PS1,M,230897,17562080,632860,9505132,00000000*73C8\r\n", 4096) = 106
1787728177.573977 read(11, "", 4096)    = 0
1787728177.613914 read(11, "@PS1,M,230898,17562140,633069,9505146,00000000*6C68\r\n", 4096) = 53
1787728177.615960 read(11, "", 4096)    = 0
1787728177.764215 read(11, "@PS1,M,230899,17562200,633111,9505151,00000000*6451\r\n@PS1,M,230900,17562260,633077,9505144,00000000*0C2C\r\n", 4096) = 106
1787728177.769756 read(11, "", 4096)    = 0
1787728177.959759 read(11, "@PS1,M,230901,17562440,633132,9505132,00000000*8086\r\n", 4096) = 53
1787728177.963668 read(11, "", 4096)    = 0
1787728177.977786 read(11, "@PS1,M,230902,17562500,633280,9505109,00000000*7FBE\r\n", 4096) = 53
1787728177.979959 read(11, "", 4096)    = 0
1787728178.140317 read(11, "@PS1,M,230903,17562560,633222,9505135,00000000*6958\r\n@PS1,M,230904,17562620,633274,9505110,00000000*D78B\r\n", 4096) = 106
1787728178.146037 read(11, "", 4096)    = 0
1787728178.158618 read(11, "@PS1,M,230905,17562680,633217,9505088,00000000*E76B\r\n", 4096) = 53
1787728178.160947 read(11, "", 4096)    = 0
1787728178.212306 read(11, "@PS1,M,230906,17562741,633350,9505127,00000000*7B1C\r\n", 4096) = 53
1787728178.214949 read(11, "", 4096)    = 0
1787728178.390679 read(11, "@PS1,M,230907,17562921,633480,9505076,00000000*8161\r\n", 4096) = 53
1787728178.392938 read(11, "", 4096)    = 0
1787728178.514393 read(11, "@PS1,M,230908,17562982,633628,9505055,00000000*C693\r\n@PS1,M,230909,17563042,633527,9505075,00000000*9DC3\r\n", 4096) = 106
1787728178.519955 read(11, "", 4096)    = 0
1787728178.671993 --- SIGCHLD {si_signo=SIGCHLD, si_code=CLD_EXITED, si_pid=51530, si_uid=1000, si_status=0, si_utime=0, si_stime=0} ---
1787728178.701257 read(11, "@PS1,M,230910,17563102,633596,9505020,00000000*1AAE\r\n@PS1,M,230911,17563162,633653,9505037,00000000*1D7F\r\n@PS1,M,230912,17563222,633829,9505014,00000000*2D01\r\n", 4096) = 159
1787728178.707522 read(11, "", 4096)    = 0
1787728178.750427 read(11, "@PS1,M,230913,17563282,634000,9504996,00000000*F2A8\r\n", 4096) = 53
1787728178.752434 read(11, "", 4096)    = 0
1787728178.929066 read(11, "@PS1,M,230914,17563462,634085,9504933,00000000*D309\r\n", 4096) = 53
1787728178.931770 read(11, "", 4096)    = 0
1787728179.110394 read(11, "@PS1,M,230915,17563523,633999,9504932,00000000*BF20\r\n@PS1,M,230916,17563583,634098,9504931,00000000*B054\r\n@PS1,M,230917,17563643,634104,9504871,00000000*99D8\r\n", 4096) = 159
1787728179.116838 read(11, "", 4096)    = 0
1787728179.169252 read(11, "@PS1,M,230918,17563703,634340,9504852,00000000*9AEE\r\n", 4096) = 53
1787728179.171337 read(11, "", 4096)    = 0
1787728179.304279 read(11, "@PS1,M,230919,17563763,634359,9504849,00000000*2362\r\n", 4096) = 53
1787728179.309294 read(11, "", 4096)    = 0
1787728179.485243 read(11, "@PS1,M,230920,17563944,634374,9504801,00000000*A5F4\r\n@PS1,M,230921,17564004,634461,9504747,00000000*8E26\r\n", 4096) = 106
1787728179.490915 read(11, "", 4096)    = 0
1787728179.528167 read(11, "@PS1,M,230922,17564064,634495,9504727,00000000*483F\r\n", 4096) = 53
1787728179.530242 read(11, "", 4096)    = 0
1787728179.679663 read(11, "@PS1,M,230923,17564124,634567,9504730,00000000*FBD8\r\n@PS1,M,230924,17564184,634633,9504687,00000000*9987\r\n", 4096) = 106
1787728179.685757 read(11, "", 4096)    = 0
1787728179.707492 read(11, "@PS1,M,230925,17564244,634579,9504634,00000000*E43E\r\n", 4096) = 53
1787728179.710129 read(11, "", 4096)    = 0
1787728179.875314 read(11, "@PS1,M,230926,17564304,634584,9504677,00000000*6F80\r\n", 4096) = 53
1787728179.879567 read(11, "", 4096)    = 0
1787728180.056918 read(11, "@PS1,M,230927,17564484,634521,9504616,00000000*083C\r\n@PS1,M,230928,17564544,634537,9504580,00000000*2819\r\n", 4096) = 106
1787728180.062072 read(11, "", 4096)    = 0
1787728180.075126 read(11, "@PS1,M,230929,17564604,634680,9504572,00000000*03D7\r\n", 4096) = 53
1787728180.077904 read(11, "", 4096)    = 0
1787728180.125869 read(11, "@PS1,M,230930,17564665,634654,9504535,00000000*7EDE\r\n", 4096) = 53
1787728180.128140 read(11, "", 4096)    = 0
1787728180.251694 read(11, "@PS1,M,230931,17564725,634631,9504543,00000000*D8CF\r\n@PS1,M,230932,17564785,634673,9504550,00000000*C615\r\n", 4096) = 106
1787728180.257140 read(11, "", 4096)    = 0
1787728180.425267 read(11, "@PS1,M,230933,17564966,634569,9504501,00000000*CDAD\r\n", 4096) = 53
1787728180.429196 read(11, "", 4096)    = 0
1787728180.484899 read(11, "@PS1,M,230934,17565026,634616,9504506,00000000*5BBB\r\n", 4096) = 53
1787728180.488669 read(11, "", 4096)    = 0
1787728180.665392 read(11, "@PS1,M,230935,17565086,634548,9504498,00000000*C5C8\r\n@PS1,M,230936,17565146,634393,9504517,00000000*7B48\r\n@PS1,M,230937,17565206,634551,9504521,00000000*D78C\r\n", 4096) = 159
1787728180.671230 read(11, "", 4096)    = 0
1787728180.842194 read(11, "@PS1,M,230938,17565266,634352,9504528,00000000*D34B\r\n@PS1,M,230939,17565326,634391,9504522,00000000*875C\r\n", 4096) = 106
1787728180.848127 read(11, "", 4096)    = 0
1787728181.040031 read(11, "@PS1,M,230940,17565507,634276,9504554,00000000*0626\r\n@PS1,M,230941,17565567,634064,9504564,00000000*7EE6\r\n", 4096) = 106
1787728181.045073 read(11, "", 4096)    = 0
1787728181.083475 read(11, "@PS1,M,230942,17565627,634129,9504604,00000000*1CFA\r\n", 4096) = 53
1787728181.085621 read(11, "", 4096)    = 0
1787728181.237743 read(11, "@PS1,M,230943,17565687,634267,9504609,00000000*94EB\r\n@PS1,M,230944,17565747,634071,9504620,00000000*F75E\r\n", 4096) = 106
1787728181.243690 read(11, "", 4096)    = 0
1787728181.262744 read(11, "@PS1,M,230945,17565807,633874,9504665,00000000*1C27\r\n", 4096) = 53
1787728181.265299 read(11, "", 4096)    = 0
1787728181.442235 read(11, "@PS1,M,230946,17565988,633843,9504673,00000000*624E\r\n", 4096) = 53
1787728181.444951 read(11, "", 4096)    = 0
1787728181.502074 read(11, "@PS1,M,230947,17566048,633740,9504711,00000000*9633\r\n", 4096) = 53
1787728181.504709 read(11, "", 4096)    = 0
1787728181.630473 read(11, "@PS1,M,230948,17566108,633533,9504721,00000000*7E56\r\n@PS1,M,230949,17566168,633648,9504749,00000000*153E\r\n", 4096) = 106
1787728181.637192 read(11, "", 4096)    = 0
1787728181.681497 read(11, "@PS1,M,230950,17566228,633530,9504762,00000000*2F7C\r\n", 4096) = 53
1787728181.683628 read(11, "", 4096)    = 0
1787728181.812227 read(11, "@PS1,M,230951,17566288,633417,9504794,00000000*59E2\r\n@PS1,M,230952,17566348,633456,9504824,00000000*2B18\r\n", 4096) = 106
1787728181.822075 read(11, "", 4096)    = 0
1787728181.980453 read(11, "@PS1,M,230953,17566529,633414,9504908,00000000*A81C\r\n", 4096) = 53
1787728181.982787 read(11, "", 4096)    = 0
1787728182.166120 read(11, "@PS1,M,230954,17566589,633258,9504955,00000000*C282\r\n@PS1,M,230955,17566649,633235,9504935,00000000*276B\r\n@PS1,M,230956,17566709,633035,9504959,00000000*6A69\r\n", 4096) = 159
1787728182.173464 read(11, "", 4096)    = 0
1787728182.219484 read(11, "@PS1,M,230957,17566769,633088,9504983,00000000*83EF\r\n", 4096) = 53
1787728182.221927 read(11, "", 4096)    = 0
1787728182.368355 read(11, "@PS1,M,230958,17566829,633031,9505020,00000000*9B33\r\n", 4096) = 53
1787728182.372556 read(11, "", 4096)    = 0
1787728182.555897 read(11, "@PS1,M,230959,17567009,633000,9505045,00000000*71E4\r\n@PS1,M,230960,17567070,633017,9505068,00000000*DE62\r\n", 4096) = 106
1787728182.561773 read(11, "", 4096)    = 0
1787728182.578096 read(11, "@PS1,M,230961,17567130,632830,9505094,00000000*9E2F\r\n", 4096) = 53
1787728182.580812 read(11, "", 4096)    = 0
1787728182.755985 read(11, "@PS1,M,230962,17567190,632978,9505064,00000000*56DF\r\n@PS1,M,230963,17567250,632922,9505112,00000000*9960\r\n", 4096) = 106
1787728182.761021 read(11, "@PS1,M,230964,17567311,632945,9505089,00000000*2A0F\r\n", 4096) = 53
1787728182.763728 read(11, "", 4096)    = 0
1787728182.818225 read(11, "@PS1,M,230965,17567371,632958,9505045,00000000*545E\r\n", 4096) = 53
1787728182.820310 read(11, "", 4096)    = 0
1787728182.997540 read(11, "@PS1,M,230966,17567551,632933,9505136,00000000*59BD\r\n", 4096) = 53
1787728183.000685 read(11, "", 4096)    = 0
1787728183.057177 read(11, "@PS1,M,230967,17567611,632923,9505136,00000000*B5EB\r\n", 4096) = 53
1787728183.059300 read(11, "", 4096)    = 0
1787728183.184877 read(11, "@PS1,M,230968,17567671,632973,9505121,00000000*7B49\r\n@PS1,M,230969,17567731,632924,9505125,00000000*A82C\r\n", 4096) = 106
1787728183.191837 read(11, "", 4096)    = 0
1787728183.236408 read(11, "@PS1,M,230970,17567791,632947,9505118,00000000*9D6D\r\n", 4096) = 53
1787728183.238622 read(11, "", 4096)    = 0
1787728183.366585 read(11, "@PS1,M,230971,17567851,633072,9505134,00000000*0A86\r\n", 4096) = 53
1787728183.369520 read(11, "", 4096)    = 0
1787728183.499958 read(11, "@PS1,M,230972,17568032,633240,9505104,00000000*58B3\r\n", 4096) = 53
1787728183.503846 read(11, "", 4096)    = 0
1787728183.536166 read(11, "@PS1,M,230973,17568092,633290,9505121,00000000*DB25\r\n", 4096) = 53
1787728183.538643 read(11, "", 4096)    = 0
1787728183.662653 --- SIGCHLD {si_signo=SIGCHLD, si_code=CLD_EXITED, si_pid=51548, si_uid=1000, si_status=0, si_utime=0, si_stime=0} ---
1787728183.711571 read(11, "@PS1,M,230974,17568152,633251,9505122,00000000*116F\r\n@PS1,M,230975,17568212,633367,9505112,00000000*1C8B\r\n", 4096) = 106
1787728183.718596 read(11, "@PS1,M,230976,17568272,633388,9505111,00000000*B5AB\r\n", 4096) = 53
1787728183.720765 read(11, "", 4096)    = 0
1787728183.774814 read(11, "@PS1,M,230977,17568332,633525,9505109,00000000*4F5E\r\n", 4096) = 53
1787728183.777028 read(11, "", 4096)    = 0
1787728183.913425 read(11, "@PS1,M,230978,17568392,633510,9505090,00000000*5F0E\r\n", 4096) = 53
1787728183.917715 read(11, "", 4096)    = 0
1787728184.099166 read(11, "@PS1,M,230979,17568573,633683,9505064,00000000*25C3\r\n@PS1,M,230980,17568633,633739,9505046,00000000*32DF\r\n", 4096) = 106
1787728184.104656 read(11, "", 4096)    = 0
1787728184.133269 read(11, "@PS1,M,230981,17568693,633838,9504995,00000000*D7D4\r\n", 4096) = 53
1787728184.135273 read(11, "", 4096)    = 0
1787728184.298531 read(11, "@PS1,M,230982,17568753,633958,9504989,00000000*3A13\r\n@PS1,M,230983,17568813,633902,9504963,00000000*A665\r\n", 4096) = 106
1787728184.303889 read(11, "", 4096)    = 0
1787728184.316631 read(11, "@PS1,M,230984,17568874,633987,9504941,00000000*BD64\r\n", 4096) = 53
1787728184.319345 read(11, "", 4096)    = 0
1787728184.492623 read(11, "@PS1,M,230985,17569054,634161,9504899,00000000*445B\r\n", 4096) = 53
1787728184.494865 read(11, "", 4096)    = 0
1787728184.675946 read(11, "@PS1,M,230986,17569114,634277,9504847,00000000*E6EF\r\n@PS1,M,230987,17569174,634280,9504848,00000000*AFAA\r\n@PS1,M,230988,17569234,634472,9504834,00000000*6DF9\r\n", 4096) = 159
1787728184.682387 read(11, "", 4096)    = 0
1787728184.731624 read(11, "@PS1,M,230989,17569294,634451,9504810,00000000*2B79\r\n", 4096) = 53
1787728184.734859 read(11, "", 4096)    = 0
1787728184.873193 read(11, "@PS1,M,230990,17569354,634628,9504778,00000000*3EB3\r\n@PS1,M,230991,17569414,634386,9504745,00000000*8776\r\n", 4096) = 106
1787728184.878821 read(11, "", 4096)    = 0
1787728185.071792 read(11, "@PS1,M,230992,17569595,634713,9504702,00000000*8581\r\n", 4096) = 53
1787728185.075714 read(11, "", 4096)    = 0
1787728185.090791 read(11, "@PS1,M,230993,17569655,634599,9504684,00000000*AC55\r\n", 4096) = 53
1787728185.093340 read(11, "", 4096)    = 0
1787728185.257179 read(11, "@PS1,M,230994,17569715,634629,9504704,00000000*D17D\r\n@PS1,M,230995,17569775,634683,9504615,00000000*1D09\r\n", 4096) = 106
1787728185.262655 read(11, "", 4096)    = 0
1787728185.275378 read(11, "@PS1,M,230996,17569835,634645,9504598,00000000*0E6C\r\n", 4096) = 53
1787728185.278151 read(11, "", 4096)    = 0
1787728185.329701 read(11, "@PS1,M,230997,17569896,634671,9504601,00000000*FF2A\r\n", 4096) = 53
1787728185.332016 read(11, "", 4096)    = 0
1787728185.508806 read(11, "@PS1,M,230998,17570076,634723,9504556,00000000*D8CE\r\n", 4096) = 53
1787728185.511019 read(11, "", 4096)    = 0
1787728185.662658 read(11, "@PS1,M,230999,17570136,634732,9504540,00000000*4593\r\n@PS1,M,231000,17570197,634689,9504545,00000000*4BDD\r\n", 4096) = 106
1787728185.671068 read(11, "", 4096)    = 0
1787728185.690949 read(11, "@PS1,M,231001,17570257,634691,9504535,00000000*4CF4\r\n", 4096) = 53
1787728185.694757 read(11, "", 4096)    = 0
1787728185.824021 read(11, "@PS1,M,231002,17570317,634695,9504511,00000000*813B\r\n@PS1,M,231003,17570377,634557,9504532,00000000*A3F0\r\n", 4096) = 106
1787728185.829163 read(11, "", 4096)    = 0
1787728185.868523 read(11, "@PS1,M,231004,17570437,634478,9504511,00000000*35F6\r\n", 4096) = 53
1787728185.871331 read(11, "", 4096)    = 0
1787728186.047209 read(11, "@PS1,M,231005,17570617,634440,9504584,00000000*F024\r\n", 4096) = 53
1787728186.049583 read(11, "", 4096)    = 0
1787728186.233826 read(11, "@PS1,M,231006,17570677,634379,9504504,00000000*C486\r\n@PS1,M,231007,17570737,634476,9504565,00000000*CB11\r\n@PS1,M,231008,17570798,634387,9504537,00000000*B529\r\n", 4096) = 159
1787728186.240538 read(11, "", 4096)    = 0
1787728186.287448 read(11, "@PS1,M,231009,17570858,634382,9504558,00000000*EDB6\r\n", 4096) = 53
1787728186.290324 read(11, "", 4096)    = 0
1787728186.433112 read(11, "@PS1,M,231010,17570918,634264,9504577,00000000*84C1\r\n", 4096) = 53
1787728186.437386 read(11, "", 4096)    = 0
1787728186.617976 read(11, "@PS1,M,231011,17571098,634156,9504586,00000000*896B\r\n@PS1,M,231012,17571158,634123,9504595,00000000*D927\r\n", 4096) = 106
1787728186.623081 read(11, "", 4096)    = 0
1787728186.645497 read(11, "@PS1,M,231013,17571218,633911,9504660,00000000*91C8\r\n", 4096) = 53
1787728186.648138 read(11, "", 4096)    = 0
1787728186.804218 read(11, "@PS1,M,231014,17571278,633785,9504696,00000000*EA6C\r\n@PS1,M,231015,17571338,633906,9504717,00000000*AC08\r\n", 4096) = 106
1787728186.809854 read(11, "", 4096)    = 0
1787728186.824674 read(11, "@PS1,M,231016,17571398,633770,9504694,00000000*49D4\r\n", 4096) = 53
1787728186.827377 read(11, "", 4096)    = 0
1787728187.003020 read(11, "@PS1,M,231017,17571459,633685,9504769,00000000*C765\r\n", 4096) = 53
1787728187.006983 read(11, "", 4096)    = 0
1787728187.064205 read(11, "@PS1,M,231018,17571639,633431,9504784,00000000*D306\r\n", 4096) = 53
1787728187.066373 read(11, "", 4096)    = 0
1787728187.191227 read(11, "@PS1,M,231019,17571699,633464,9504831,00000000*A91C\r\n@PS1,M,231020,17571759,633415,9504851,00000000*B11D\r\n", 4096) = 106
1787728187.198001 read(11, "", 4096)    = 0
1787728187.243379 read(11, "@PS1,M,231021,17571819,633356,9504910,00000000*80FF\r\n", 4096) = 53
1787728187.245685 read(11, "", 4096)    = 0
1787728187.373107 read(11, "@PS1,M,231022,17571879,633335,9504881,00000000*1F11\r\n@PS1,M,231023,17571940,633160,9504895,00000000*B20A\r\n", 4096) = 106
1787728187.378260 read(11, "", 4096)    = 0
1787728187.542460 read(11, "@PS1,M,231024,17572120,633201,9504971,00000000*FEE5\r\n", 4096) = 53
1787728187.545399 read(11, "", 4096)    = 0
1787728187.726499 read(11, "@PS1,M,231025,17572181,633288,9505019,00000000*2B5B\r\n@PS1,M,231026,17572241,633119,9505011,00000000*A85A\r\n@PS1,M,231027,17572301,633026,9505039,00000000*1C2E\r\n", 4096) = 159
1787728187.733702 read(11, "", 4096)    = 0
1787728187.782639 read(11, "@PS1,M,231028,17572361,633037,9505034,00000000*262A\r\n", 4096) = 53
1787728187.784832 read(11, "", 4096)    = 0
1787728187.925443 read(11, "@PS1,M,231029,17572421,633086,9505060,00000000*77CF\r\n@PS1,M,231030,17572481,632856,9505078,00000000*AA4E\r\n", 4096) = 106
1787728187.931482 read(11, "", 4096)    = 0
1787728188.124382 read(11, "@PS1,M,231031,17572661,633078,9505126,00000000*707B\r\n", 4096) = 53
1787728188.127020 read(11, "", 4096)    = 0
1787728188.141099 read(11, "@PS1,M,231032,17572721,632880,9505146,00000000*8260\r\n", 4096) = 53
1787728188.144049 read(11, "", 4096)    = 0
1787728188.310440 read(11, "@PS1,M,231033,17572782,633127,9505108,00000000*526C\r\n@PS1,M,231034,17572842,632916,9505160,00000000*845C\r\n", 4096) = 106
1787728188.315979 read(11, "", 4096)    = 0
1787728188.330526 read(11, "@PS1,M,231035,17572902,633014,9505131,00000000*D72D\r\n", 4096) = 53
1787728188.332923 read(11, "", 4096)    = 0
1787728188.500288 read(11, "@PS1,M,231036,17572962,633052,9505137,00000000*8102\r\n", 4096) = 53
1787728188.504568 read(11, "", 4096)    = 0
1787728188.559855 read(11, "@PS1,M,231037,17573142,633037,9505143,00000000*BA7E\r\n", 4096) = 53
1787728188.562867 read(11, "", 4096)    = 0
1787728188.657778 --- SIGCHLD {si_signo=SIGCHLD, si_code=CLD_EXITED, si_pid=51579, si_uid=1000, si_status=0, si_utime=0, si_stime=0} ---
1787728188.710551 read(11, "@PS1,M,231038,17573202,632922,9505133,00000000*FBEE\r\n@PS1,M,231039,17573262,632824,9505137,00000000*268C\r\n", 4096) = 106
1787728188.716112 read(11, "", 4096)    = 0
1787728188.739147 read(11, "@PS1,M,231040,17573322,632740,9505124,00000000*F28E\r\n", 4096) = 53
1787728188.741459 read(11, "", 4096)    = 0
1787728188.908384 read(11, "@PS1,M,231041,17573383,632788,9505123,00000000*65E5\r\n@PS1,M,231042,17573443,632686,9505107,00000000*D04C\r\n", 4096) = 106
1787728188.913647 read(11, "", 4096)    = 0
1787728188.927144 read(11, "@PS1,M,231043,17573503,632568,9505117,00000000*CBE0\r\n", 4096) = 53
1787728188.929912 read(11, "", 4096)    = 0
1787728189.097639 read(11, "@PS1,M,231044,17573683,632149,9505067,00000000*8355\r\n", 4096) = 53
1787728189.100260 read(11, "", 4096)    = 0
1787728189.158547 read(11, "@PS1,M,231045,17573744,632091,9505096,00000000*46C4\r\n", 4096) = 53
1787728189.160558 read(11, "", 4096)    = 0
1787728189.288001 read(11, "@PS1,M,231046,17573804,632046,9505047,00000000*1060\r\n@PS1,M,231047,17573864,631812,9505058,00000000*6EBD\r\n", 4096) = 106
1787728189.293398 read(11, "", 4096)    = 0
1787728189.337757 read(11, "@PS1,M,231048,17573924,631715,9505069,00000000*7DE3\r\n", 4096) = 53
1787728189.339800 read(11, "", 4096)    = 0
1787728189.483485 read(11, "@PS1,M,231049,17573984,631445,9505000,00000000*86A7\r\n", 4096) = 53
1787728189.487917 read(11, "", 4096)    = 0
1787728189.664200 read(11, "@PS1,M,231050,17574164,630744,9504973,00000000*DC91\r\n@PS1,M,231051,17574224,630546,9504951,00000000*0BC4\r\n", 4096) = 106
1787728189.669947 read(11, "", 4096)    = 0
1787728189.695824 read(11, "@PS1,M,231052,17574284,630268,9504929,00000000*72BF\r\n", 4096) = 53
1787728189.697986 read(11, "", 4096)    = 0
1787728189.853159 read(11, "@PS1,M,231053,17574344,629948,9504889,00000000*60F4\r\n@PS1,M,231054,17574406,629634,9504902,00000000*A0F8\r\n", 4096) = 106
1787728189.860071 read(11, "", 4096)    = 0
1787728189.876160 read(11, "@PS1,M,231055,17574466,629416,9504869,00000000*DBC7\r\n", 4096) = 53
1787728189.879036 read(11, "", 4096)    = 0
1787728190.045231 read(11, "@PS1,M,231056,17574526,628966,9504866,00000000*0CB7\r\n", 4096) = 53
1787728190.049739 read(11, "", 4096)    = 0
1787728190.221979 read(11, "@PS1,M,231057,17574705,627790,9504809,00000000*F704\r\n@PS1,M,231058,17574765,627375,9504754,00000000*DBA7\r\n", 4096) = 106
1787728190.227550 read(11, "", 4096)    = 0
1787728190.240287 read(11, "@PS1,M,231059,17574827,627024,9504743,00000000*6079\r\n", 4096) = 53
1787728190.243273 read(11, "", 4096)    = 0
1787728190.398901 read(11, "@PS1,M,231060,17574887,626390,9504736,00000000*FD96\r\n@PS1,M,231061,17574947,625970,9504697,00000000*7469\r\n", 4096) = 106
1787728190.404932 read(11, "", 4096)    = 0
1787728190.418160 read(11, "@PS1,M,231062,17575007,625425,9504665,00000000*56CA\r\n", 4096) = 53
1787728190.420316 read(11, "", 4096)    = 0
1787728190.603506 read(11, "@PS1,M,231063,17575187,623785,9504587,00000000*DAC9\r\n", 4096) = 53
1787728190.606040 read(11, "", 4096)    = 0
1787728190.653441 read(11, "@PS1,M,231064,17575247,623181,9504603,00000000*E4B9\r\n", 4096) = 53
1787728190.655870 read(11, "", 4096)    = 0
1787728190.814753 read(11, "@PS1,M,231065,17575307,622431,9504583,00000000*8F9A\r\n@PS1,M,231066,17575367,621747,9504567,00000000*16AB\r\n", 4096) = 106
1787728190.820753 read(11, "", 4096)    = 0
1787728190.834503 read(11, "@PS1,M,231067,17575427,621111,9504535,00000000*0DB0\r\n", 4096) = 53
1787728190.836868 read(11, "", 4096)    = 0
1787728190.892370 read(11, "@PS1,M,231068,17575487,620328,9504548,00000000*5F82\r\n", 4096) = 53
1787728190.894542 read(11, "", 4096)    = 0
1787728191.006232 read(11, "@PS1,M,231069,17575547,619623,9504527,00000000*6D65\r\n", 4096) = 53
1787728191.010555 read(11, "", 4096)    = 0
1787728191.173247 read(11, "@PS1,M,231070,17575728,617335,9504546,00000000*B1CA\r\n", 4096) = 53
1787728191.177789 read(11, "", 4096)    = 0
1787728191.193246 read(11, "@PS1,M,231071,17575788,616412,9504504,00000000*D849\r\n", 4096) = 53
1787728191.195902 read(11, "", 4096)    = 0
1787728191.345905 read(11, "@PS1,M,231072,17575848,615728,9504529,00000000*6424\r\n@PS1,M,231073,17575908,614747,9504522,00000000*B769\r\n", 4096) = 106
1787728191.351784 read(11, "", 4096)    = 0
1787728191.370605 read(11, "@PS1,M,231074,17575968,614029,9504543,00000000*89F7\r\n", 4096) = 53
1787728191.374212 read(11, "", 4096)    = 0
1787728191.530863 read(11, "@PS1,M,231075,17576029,613074,9504528,00000000*7643\r\n", 4096) = 53
1787728191.535076 read(11, "", 4096)    = 0
1787728191.703965 read(11, "@PS1,M,231076,17576209,610517,9504567,00000000*CEE2\r\n@PS1,M,231077,17576269,609625,9504584,00000000*C299\r\n", 4096) = 106
1787728191.709615 read(11, "", 4096)    = 0
1787728191.730169 read(11, "@PS1,M,231078,17576329,608526,9504575,00000000*6C2A\r\n", 4096) = 53
1787728191.733438 read(11, "", 4096)    = 0
1787728191.875497 read(11, "@PS1,M,231079,17576389,608337,9504621,00000000*3961\r\n@PS1,M,231080,17576449,607832,9504629,00000000*8F97\r\n", 4096) = 106
1787728191.882282 read(11, "", 4096)    = 0
1787728191.909419 read(11, "@PS1,M,231081,17576509,607292,9504653,00000000*C090\r\n", 4096) = 53
1787728191.911554 read(11, "", 4096)    = 0
1787728192.060226 read(11, "@PS1,M,231082,17576569,606669,9504651,00000000*2B77\r\n", 4096) = 53
1787728192.064435 read(11, "", 4096)    = 0
1787728192.230369 read(11, "@PS1,M,231083,17576750,605175,9504760,00000000*1C75\r\n@PS1,M,231084,17576810,604476,9504772,00000000*9811\r\n", 4096) = 106
1787728192.237951 read(11, "", 4096)    = 0
1787728192.268353 read(11, "@PS1,M,231085,17576870,603981,9504772,00000000*D0A3\r\n", 4096) = 53
1787728192.270692 read(11, "", 4096)    = 0
1787728192.414588 read(11, "@PS1,M,231086,17576930,603350,9504786,00000000*E69B\r\n@PS1,M,231087,17576990,602749,9504849,00000000*6B10\r\n", 4096) = 106
1787728192.420697 read(11, "", 4096)    = 0
1787728192.447604 read(11, "@PS1,M,231088,17577050,602141,9504827,00000000*9248\r\n", 4096) = 53
1787728192.449880 read(11, "", 4096)    = 0
1787728192.626851 read(11, "@PS1,M,231089,17577230,600241,9504942,00000000*286D\r\n", 4096) = 53
1787728192.629918 read(11, "", 4096)    = 0
1787728192.686519 read(11, "@PS1,M,231090,17577291,599602,9504912,00000000*DD62\r\n", 4096) = 53
1787728192.689042 read(11, "", 4096)    = 0
1787728192.797370 read(11, "@PS1,M,231091,17577351,598860,9504980,00000000*93A1\r\n", 4096) = 53
1787728192.801315 read(11, "", 4096)    = 0
1787728192.816932 read(11, "@PS1,M,231092,17577411,598285,9505014,00000000*F420\r\n", 4096) = 53
1787728192.819618 read(11, "", 4096)    = 0
1787728192.966202 read(11, "@PS1,M,231093,17577472,597521,9504993,00000000*1E5F\r\n@PS1,M,231094,17577532,596861,9505016,00000000*8008\r\n", 4096) = 106
1787728192.971903 read(11, "", 4096)    = 0
1787728192.986442 read(11, "@PS1,M,231095,17577592,596154,9505042,00000000*B9C4\r\n", 4096) = 53
1787728192.988619 read(11, "", 4096)    = 0
1787728193.165424 read(11, "@PS1,M,231096,17577772,594148,9505053,00000000*1ED8\r\n", 4096) = 53
1787728193.168679 read(11, "", 4096)    = 0
1787728193.225163 read(11, "@PS1,M,231097,17577832,593424,9505083,00000000*F68E\r\n", 4096) = 53
1787728193.227627 read(11, "", 4096)    = 0
1787728193.335800 read(11, "@PS1,M,231098,17577892,592886,9505098,00000000*99D8\r\n", 4096) = 53
1787728193.339225 read(11, "", 4096)    = 0
1787728193.355865 read(11, "@PS1,M,231099,17577952,592077,9505120,00000000*C613\r\n", 4096) = 53
1787728193.358997 read(11, "", 4096)    = 0
1787728193.500838 read(11, "@PS1,M,231100,17578012,591592,9505130,00000000*797D\r\n@PS1,M,231101,17578072,590974,9505107,00000000*9224\r\n", 4096) = 106
1787728193.506794 read(11, "", 4096)    = 0
1787728193.652927 --- SIGCHLD {si_signo=SIGCHLD, si_code=CLD_EXITED, si_pid=51597, si_uid=1000, si_status=0, si_utime=0, si_stime=0} ---
1787728193.693434 read(11, "@PS1,M,231102,17578253,589157,9505107,00000000*677D\r\n", 4096) = 53
1787728193.697826 read(11, "", 4096)    = 0
1787728193.712353 read(11, "@PS1,M,231103,17578313,588486,9505152,00000000*F400\r\n", 4096) = 53
1787728193.714636 read(11, "", 4096)    = 0
1787728193.763326 read(11, "@PS1,M,231104,17578373,588069,9505137,00000000*5971\r\n", 4096) = 53
1787728193.766211 read(11, "", 4096)    = 0
1787728193.878225 read(11, "@PS1,M,231105,17578433,588070,9505143,00000000*6569\r\n", 4096) = 53
1787728193.882306 read(11, "", 4096)    = 0
1787728193.882900 read(11, "@PS1,M,231106,17578493,588027,9505178,00000000*4FC2\r\n", 4096) = 53
1787728193.885511 read(11, "", 4096)    = 0
1787728193.997265 read(11, "@PS1,M,231107,17578554,588180,9505141,00000000*0874\r\n", 4096) = 53
1787728194.006059 read(11, "@PS1,M,231108,17578614,588224,9505088,00000000*A4CD\r\n", 4096) = 53
1787728194.007833 read(11, "", 4096)    = 0
1787728194.182394 read(11, "@PS1,M,231109,17578794,588344,9505141,00000000*1A22\r\n", 4096) = 53
1787728194.185280 read(11, "", 4096)    = 0
1787728194.353331 read(11, "@PS1,M,231110,17578854,588337,9505119,00000000*DADF\r\n@PS1,M,231111,17578914,588364,9505100,00000000*A96F\r\n", 4096) = 106
1787728194.359010 read(11, "", 4096)    = 0
1787728194.371695 read(11, "@PS1,M,231112,17578974,588463,9505109,00000000*99C6\r\n", 4096) = 53
1787728194.374069 read(11, "", 4096)    = 0
1787728194.525483 read(11, "@PS1,M,231113,17579034,588411,9505070,00000000*CB7D\r\n@PS1,M,231114,17579094,588434,9505082,00000000*AD9B\r\n", 4096) = 106
1787728194.532045 read(11, "", 4096)    = 0
1787728194.710069 read(11, "@PS1,M,231115,17579275,588579,9505019,00000000*B958\r\n", 4096) = 53
1787728194.713920 read(11, "", 4096)    = 0
1787728194.728022 read(11, "@PS1,M,231116,17579335,588524,9504991,00000000*5B34\r\n", 4096) = 53
1787728194.730720 read(11, "", 4096)    = 0
1787728194.880340 read(11, "@PS1,M,231117,17579395,588636,9505005,00000000*469A\r\n@PS1,M,231118,17579455,588664,9504975,00000000*D9B7\r\n", 4096) = 106
1787728194.885457 read(11, "", 4096)    = 0
1787728194.899478 read(11, "@PS1,M,231119,17579515,588704,9504958,00000000*3809\r\n", 4096) = 53
1787728194.902228 read(11, "", 4096)    = 0
1787728195.051073 read(11, "@PS1,M,231120,17579575,588695,9504940,00000000*6C5B\r\n@PS1,M,231121,17579636,588713,9504932,00000000*C290\r\n", 4096) = 106
1787728195.057097 read(11, "", 4096)    = 0
1787728195.236582 read(11, "@PS1,M,231122,17579816,588916,9504861,00000000*D168\r\n", 4096) = 53
1787728195.241009 read(11, "", 4096)    = 0
1787728195.258708 read(11, "@PS1,M,231123,17579876,588844,9504823,00000000*4855\r\n", 4096) = 53
1787728195.261476 read(11, "", 4096)    = 0
1787728195.406554 read(11, "@PS1,M,231124,17579936,588829,9504810,00000000*F4A1\r\n@PS1,M,231125,17579996,588738,9504810,00000000*0844\r\n", 4096) = 106
1787728195.413925 read(11, "", 4096)    = 0
1787728195.438009 read(11, "@PS1,M,231126,17580056,588790,9504761,00000000*2D50\r\n", 4096) = 53
1787728195.440296 read(11, "", 4096)    = 0
1787728195.591352 read(11, "@PS1,M,231127,17580116,588785,9504726,00000000*A6E1\r\n", 4096) = 53
1787728195.595611 read(11, "", 4096)    = 0
1787728195.761675 read(11, "@PS1,M,231128,17580296,588699,9504700,00000000*D6BA\r\n@PS1,M,231129,17580358,588726,9504669,00000000*7C51\r\n", 4096) = 106
1787728195.767721 read(11, "", 4096)    = 0
1787728195.797735 read(11, "@PS1,M,231130,17580418,588609,9504659,00000000*3DF5\r\n", 4096) = 53
1787728195.799817 read(11, "", 4096)    = 0
1787728195.976255 read(11, "@PS1,M,231131,17580478,588596,9504637,00000000*A1BB\r\n@PS1,M,231132,17580538,588490,9504625,00000000*A2C1\r\n", 4096) = 106
1787728195.983187 read(11, "@PS1,M,231133,17580598,588544,9504568,00000000*5A63\r\n", 4096) = 53
1787728195.985311 read(11, "", 4096)    = 0
1787728196.036742 read(11, "@PS1,M,231134,17580658,588345,9504585,00000000*B5E0\r\n", 4096) = 53
1787728196.039398 read(11, "", 4096)    = 0
1787728196.215470 read(11, "@PS1,M,231135,17580838,588108,9504552,00000000*C17E\r\n", 4096) = 53
1787728196.218167 read(11, "", 4096)    = 0
1787728196.275137 read(11, "@PS1,M,231136,17580898,588087,9504536,00000000*F688\r\n", 4096) = 53
1787728196.277645 read(11, "", 4096)    = 0
1787728196.387507 read(11, "@PS1,M,231137,17580958,587933,9504529,00000000*0F3D\r\n", 4096) = 53
1787728196.391162 read(11, "", 4096)    = 0
1787728196.408660 read(11, "@PS1,M,231138,17581018,587832,9504520,00000000*A181\r\n", 4096) = 53
1787728196.411386 read(11, "", 4096)    = 0
1787728196.556921 read(11, "@PS1,M,231139,17581079,587798,9504518,00000000*9B29\r\n@PS1,M,231140,17581139,587635,9504496,00000000*67CE\r\n", 4096) = 106
1787728196.562765 read(11, "", 4096)    = 0
1787728196.740963 read(11, "@PS1,M,231141,17581319,587426,9504529,00000000*A37F\r\n", 4096) = 53
1787728196.745580 read(11, "", 4096)    = 0
1787728196.759545 read(11, "@PS1,M,231142,17581379,587531,9504576,00000000*0AD2\r\n", 4096) = 53
1787728196.762140 read(11, "", 4096)    = 0
1787728196.909844 read(11, "@PS1,M,231143,17581439,587338,9504566,00000000*09BE\r\n@PS1,M,231144,17581499,587210,9504589,00000000*FB60\r\n", 4096) = 106
1787728196.917358 read(11, "", 4096)    = 0
1787728196.933659 read(11, "@PS1,M,231145,17581559,587193,9504556,00000000*63E0\r\n", 4096) = 53
1787728196.936504 read(11, "", 4096)    = 0
1787728197.091577 read(11, "@PS1,M,231146,17581619,587037,9504601,00000000*109C\r\n@PS1,M,231147,17581680,587004,9504591,00000000*5609\r\n", 4096) = 106
1787728197.097459 read(11, "", 4096)    = 0
1787728197.271546 read(11, "@PS1,M,231148,17581860,586769,9504657,00000000*E02E\r\n", 4096) = 53
1787728197.275370 read(11, "", 4096)    = 0
1787728197.291980 read(11, "@PS1,M,231149,17581920,586696,9504693,00000000*387F\r\n", 4096) = 53
1787728197.295048 read(11, "", 4096)    = 0
1787728197.438234 read(11, "@PS1,M,231150,17581980,586592,9504710,00000000*A7CB\r\n@PS1,M,231151,17582041,586615,9504714,00000000*9CD0\r\n", 4096) = 106
1787728197.445443 read(11, "", 4096)    = 0
1787728197.472390 read(11, "@PS1,M,231152,17582101,586490,9504746,00000000*0074\r\n", 4096) = 53
1787728197.474850 read(11, "", 4096)    = 0
1787728197.619100 read(11, "@PS1,M,231153,17582161,586406,9504785,00000000*49B7\r\n", 4096) = 53
1787728197.623294 read(11, "", 4096)    = 0
1787728197.785886 read(11, "@PS1,M,231154,17582341,586221,9504850,00000000*D473\r\n@PS1,M,231155,17582401,586161,9504865,00000000*1FE2\r\n", 4096) = 106
1787728197.791765 read(11, "", 4096)    = 0
1787728197.830401 read(11, "@PS1,M,231156,17582461,585972,9504886,00000000*9DD3\r\n", 4096) = 53
1787728197.832404 read(11, "", 4096)    = 0
1787728197.966436 read(11, "@PS1,M,231157,17582521,585905,9504930,00000000*E522\r\n@PS1,M,231158,17582581,585975,9504876,00000000*C0CA\r\n", 4096) = 106
1787728197.971477 read(11, "", 4096)    = 0
1787728198.009683 read(11, "@PS1,M,231159,17582641,585734,9504937,00000000*4464\r\n", 4096) = 53
1787728198.012934 read(11, "", 4096)    = 0
1787728198.133810 read(11, "@PS1,M,231160,17582702,585625,9504982,00000000*9957\r\n", 4096) = 53
1787728198.138197 read(11, "", 4096)    = 0
1787728198.300898 read(11, "@PS1,M,231161,17582883,585471,9505014,00000000*EB6E\r\n", 4096) = 53
1787728198.305837 read(11, "", 4096)    = 0
1787728198.319538 read(11, "@PS1,M,231162,17582943,585516,9505084,00000000*B38C\r\n", 4096) = 53
1787728198.321929 read(11, "", 4096)    = 0
1787728198.467646 read(11, "@PS1,M,231163,17583003,585414,9505039,00000000*B312\r\n@PS1,M,231164,17583063,585489,9505066,00000000*EEC8\r\n", 4096) = 106
1787728198.473991 read(11, "", 4096)    = 0
1787728198.488966 read(11, "@PS1,M,231165,17583123,585342,9505090,00000000*AFE4\r\n", 4096) = 53
1787728198.491758 read(11, "", 4096)    = 0
1787728198.641749 read(11, "@PS1,M,231166,17583183,585169,9505126,00000000*FC3E\r\n", 4096) = 53
1787728198.647296 read(11, "", 4096)    = 0
1787728198.647733 --- SIGCHLD {si_signo=SIGCHLD, si_code=CLD_EXITED, si_pid=51615, si_uid=1000, si_status=0, si_utime=0, si_stime=0} ---
1787728198.821793 read(11, "@PS1,M,231167,17583363,585125,9505094,00000000*EE03\r\n@PS1,M,231168,17583423,585183,9505102,00000000*660B\r\n", 4096) = 106
1787728198.827387 read(11, "", 4096)    = 0
1787728198.847263 read(11, "@PS1,M,231169,17583483,585230,9505179,00000000*EFC0\r\n", 4096) = 53
1787728198.850587 read(11, "", 4096)    = 0
1787728199.001189 read(11, "@PS1,M,231170,17583543,585306,9505141,00000000*7797\r\n@PS1,M,231171,17583603,585172,9505157,00000000*4FF6\r\n", 4096) = 106
1787728199.007986 read(11, "", 4096)    = 0
1787728199.026532 read(11, "@PS1,M,231172,17583663,585239,9505143,00000000*B036\r\n", 4096) = 53
1787728199.029130 read(11, "", 4096)    = 0
1787728199.181777 read(11, "@PS1,M,231173,17583724,585284,9505122,00000000*EDE8\r\n", 4096) = 53
1787728199.186343 read(11, "", 4096)    = 0
1787728199.348358 read(11, "@PS1,M,231174,17583904,585445,9505176,00000000*2476\r\n@PS1,M,231175,17583964,585330,9505148,00000000*92E8\r\n", 4096) = 106
1787728199.354960 read(11, "", 4096)    = 0
1787728199.385710 read(11, "@PS1,M,231176,17584024,585332,9505116,00000000*B663\r\n", 4096) = 53
1787728199.387746 read(11, "", 4096)    = 0
1787728199.530754 read(11, "@PS1,M,231177,17584084,585571,9505144,00000000*F34B\r\n@PS1,M,231178,17584144,585636,9505125,00000000*79DC\r\n", 4096) = 106
1787728199.536521 read(11, "", 4096)    = 0
1787728199.564923 read(11, "@PS1,M,231179,17584204,585551,9505088,00000000*88E6\r\n", 4096) = 53
1787728199.567345 read(11, "", 4096)    = 0
1787728199.744753 read(11, "@PS1,M,231180,17584385,585889,9505075,00000000*50EE\r\n", 4096) = 53
1787728199.747360 read(11, "", 4096)    = 0
1787728199.909716 read(11, "@PS1,M,231181,17584445,585776,9505105,00000000*B061\r\n@PS1,M,231182,17584505,585890,9505056,00000000*FA41\r\n", 4096) = 106
1787728199.915360 read(11, "", 4096)    = 0
1787728199.927979 read(11, "@PS1,M,231183,17584565,586006,9505017,00000000*1C04\r\n", 4096) = 53
1787728199.930415 read(11, "", 4096)    = 0
1787728199.983695 read(11, "@PS1,M,231184,17584625,585974,9505010,00000000*6667\r\n", 4096) = 53
1787728199.990435 read(11, "", 4096)    = 0
1787728200.103681 read(11, "@PS1,M,231185,17584685,586048,9505018,00000000*5EBE\r\n@PS1,M,231186,17584746,586203,9505006,00000000*A0F8\r\n", 4096) = 106
1787728200.109923 read(11, "", 4096)    = 0
1787728200.283225 read(11, "@PS1,M,231187,17584926,586375,9504947,00000000*5D68\r\n", 4096) = 53
1787728200.286058 read(11, "", 4096)    = 0
1787728200.342860 read(11, "@PS1,M,231188,17584987,586240,9504901,00000000*437B\r\n", 4096) = 53
1787728200.345492 read(11, "", 4096)    = 0
1787728200.452559 read(11, "@PS1,M,231189,17585047,586454,9504950,00000000*92AE\r\n", 4096) = 53
1787728200.456623 read(11, "", 4096)    = 0
1787728200.472020 read(11, "@PS1,M,231190,17585107,586368,9504905,00000000*FC1D\r\n", 4096) = 53
1787728200.474333 read(11, "", 4096)    = 0
1787728200.615568 read(11, "@PS1,M,231191,17585167,586526,9504887,00000000*C252\r\n@PS1,M,231192,17585227,586477,9504849,00000000*41CF\r\n", 4096) = 106
1787728200.622042 read(11, "", 4096)    = 0
1787728200.795938 read(11, "@PS1,M,231193,17585407,586563,9504748,00000000*8DF0\r\n", 4096) = 53
1787728200.800217 read(11, "", 4096)    = 0
1787728200.821432 read(11, "@PS1,M,231194,17585467,586910,9504758,00000000*391C\r\n", 4096) = 53
1787728200.824619 read(11, "", 4096)    = 0
1787728201.003255 read(11, "@PS1,M,231195,17585528,586722,9504710,00000000*7D0A\r\n@PS1,M,231196,17585588,586796,9504727,00000000*C493\r\n@PS1,M,231197,17585648,586890,9504658,00000000*8C4A\r\n", 4096) = 159
1787728201.014249 read(11, "", 4096)    = 0
1787728201.060412 read(11, "@PS1,M,231198,17585708,586921,9504654,00000000*8D1C\r\n", 4096) = 53
1787728201.062701 read(11, "", 4096)    = 0
1787728201.187596 read(11, "@PS1,M,231199,17585768,586896,9504628,00000000*2187\r\n", 4096) = 53
1787728201.191741 read(11, "", 4096)    = 0
1787728201.354179 read(11, "@PS1,M,231200,17585949,586964,9504628,00000000*BFD1\r\n", 4096) = 53
1787728201.358442 read(11, "", 4096)    = 0
1787728201.359812 read(11, "@PS1,M,231201,17586009,587002,9504587,00000000*89D3\r\n", 4096) = 53
1787728201.361783 read(11, "", 4096)    = 0
1787728201.520480 read(11, "@PS1,M,231202,17586069,586992,9504563,00000000*092A\r\n@PS1,M,231203,17586129,586905,9504586,00000000*3E51\r\n", 4096) = 106
1787728201.525720 read(11, "", 4096)    = 0
1787728201.539093 read(11, "@PS1,M,231204,17586189,586962,9504548,00000000*7F6F\r\n", 4096) = 53
1787728201.541777 read(11, "", 4096)    = 0
1787728201.699682 read(11, "@PS1,M,231205,17586249,586855,9504560,00000000*2315\r\n", 4096) = 53
1787728201.704193 read(11, "", 4096)    = 0
1787728201.867478 read(11, "@PS1,M,231206,17586429,586998,9504505,00000000*1EC5\r\n@PS1,M,231207,17586489,586816,9504532,00000000*C9A8\r\n", 4096) = 106
1787728201.873069 read(11, "", 4096)    = 0
1787728201.897965 read(11, "@PS1,M,231208,17586550,586871,9504534,00000000*B8CC\r\n", 4096) = 53
1787728201.900156 read(11, "", 4096)    = 0
1787728202.035263 read(11, "@PS1,M,231209,17586610,586866,9504478,00000000*1103\r\n@PS1,M,231210,17586670,586813,9504546,00000000*EA68\r\n", 4096) = 106
1787728202.040995 read(11, "", 4096)    = 0
1787728202.077196 read(11, "@PS1,M,231211,17586730,586762,9504515,00000000*35A2\r\n", 4096) = 53
1787728202.079201 read(11, "", 4096)    = 0
1787728202.216134 read(11, "@PS1,M,231212,17586790,586682,9504546,00000000*83EE\r\n", 4096) = 53
1787728202.219991 read(11, "", 4096)    = 0
1787728202.382956 read(11, "@PS1,M,231213,17586971,586500,9504613,00000000*14DA\r\n@PS1,M,231214,17587031,586425,9504594,00000000*D997\r\n", 4096) = 106
1787728202.388926 read(11, "", 4096)    = 0
1787728202.436481 read(11, "@PS1,M,231215,17587091,586424,9504588,00000000*F1FA\r\n", 4096) = 53
1787728202.438463 read(11, "", 4096)    = 0
1787728202.564261 read(11, "@PS1,M,231216,17587151,586412,9504648,00000000*760B\r\n@PS1,M,231217,17587211,586249,9504639,00000000*D80D\r\n", 4096) = 106
1787728202.569948 read(11, "", 4096)    = 0
1787728202.615725 read(11, "@PS1,M,231218,17587271,586140,9504670,00000000*6FDE\r\n", 4096) = 53
1787728202.618333 read(11, "", 4096)    = 0
1787728202.794904 read(11, "@PS1,M,231219,17587451,585972,9504720,00000000*1FF6\r\n", 4096) = 53
1787728202.797899 read(11, "", 4096)    = 0
1787728202.854646 read(11, "@PS1,M,231220,17587511,585899,9504730,00000000*6759\r\n", 4096) = 53
1787728202.857130 read(11, "", 4096)    = 0
1787728202.963622 read(11, "@PS1,M,231221,17587571,585797,9504752,00000000*C90C\r\n", 4096) = 53
1787728202.967665 read(11, "", 4096)    = 0
1787728202.983074 read(11, "@PS1,M,231222,17587631,585873,9504777,00000000*00D4\r\n", 4096) = 53
1787728202.985479 read(11, "", 4096)    = 0
1787728203.129284 read(11, "@PS1,M,231223,17587693,585665,9504814,00000000*E1E7\r\n@PS1,M,231224,17587753,585669,9504814,00000000*B3BA\r\n", 4096) = 106
1787728203.134872 read(11, "", 4096)    = 0
1787728203.154599 read(11, "@PS1,M,231225,17587813,585776,9504882,00000000*9C35\r\n", 4096) = 53
1787728203.157261 read(11, "", 4096)    = 0
1787728203.334019 read(11, "@PS1,M,231226,17587993,585670,9504905,00000000*86E6\r\n", 4096) = 53
1787728203.336505 read(11, "", 4096)    = 0
1787728203.499104 read(11, "@PS1,M,231227,17588053,585483,9504935,00000000*745C\r\n@PS1,M,231228,17588113,585439,9504972,00000000*1B67\r\n", 4096) = 106
1787728203.505074 read(11, "", 4096)    = 0
1787728203.518706 read(11, "@PS1,M,231229,17588173,585382,9504997,00000000*5457\r\n", 4096) = 53
1787728203.522654 read(11, "", 4096)    = 0
1787728203.573116 read(11, "@PS1,M,231230,17588233,585278,9505015,00000000*1F83\r\n", 4096) = 53
1787728203.577535 read(11, "", 4096)    = 0
1787728203.654881 --- SIGCHLD {si_signo=SIGCHLD, si_code=CLD_EXITED, si_pid=51633, si_uid=1000, si_status=0, si_utime=0, si_stime=0} ---
1787728203.689610 read(11, "@PS1,M,231231,17588293,585349,9504971,00000000*4E15\r\n", 4096) = 53
1787728203.693511 read(11, "", 4096)    = 0
1787728203.855954 read(11, "@PS1,M,231232,17588473,585347,9505077,00000000*B00D\r\n", 4096) = 53
1787728203.860314 read(11, "", 4096)    = 0
1787728203.874111 read(11, "@PS1,M,231233,17588533,585306,9505060,00000000*D415\r\n", 4096) = 53
1787728203.876507 read(11, "", 4096)    = 0
1787728204.021601 read(11, "@PS1,M,231234,17588594,585205,9505107,00000000*5854\r\n@PS1,M,231235,17588654,585159,9505097,00000000*E91F\r\n", 4096) = 106
1787728204.028743 read(11, "", 4096)    = 0
1787728204.050929 read(11, "@PS1,M,231236,17588714,585146,9505146,00000000*41E4\r\n", 4096) = 53
1787728204.053568 read(11, "", 4096)    = 0
1787728204.202163 read(11, "@PS1,M,231237,17588774,585044,9505132,00000000*459C\r\n@PS1,M,231238,17588835,585095,9505104,00000000*E892\r\n", 4096) = 106
1787728204.207859 read(11, "", 4096)    = 0
1787728204.381728 read(11, "@PS1,M,231239,17589014,585289,9505148,00000000*F4CC\r\n", 4096) = 53
1787728204.386365 read(11, "", 4096)    = 0
1787728204.410035 read(11, "@PS1,M,231240,17589075,585288,9505159,00000000*3743\r\n", 4096) = 53
1787728204.412303 read(11, "", 4096)    = 0
1787728204.547233 read(11, "@PS1,M,231241,17589135,585280,9505156,00000000*8818\r\n@PS1,M,231242,17589195,585275,9505131,00000000*00A1\r\n", 4096) = 106
1787728204.554157 read(11, "", 4096)    = 0
1787728204.589275 read(11, "@PS1,M,231243,17589255,585215,9505153,00000000*CA3B\r\n", 4096) = 53
1787728204.591358 read(11, "", 4096)    = 0
1787728204.727031 read(11, "@PS1,M,231244,17589315,585249,9505143,00000000*E582\r\n", 4096) = 53
1787728204.731725 read(11, "", 4096)    = 0
1787728204.894642 read(11, "@PS1,M,231245,17589495,585518,9505145,00000000*BDAF\r\n@PS1,M,231246,17589555,585528,9505164,00000000*031A\r\n", 4096) = 106
1787728204.900364 read(11, "", 4096)    = 0
1787728204.948152 read(11, "@PS1,M,231247,17589615,585532,9505137,00000000*D6A1\r\n", 4096) = 53
1787728204.950543 read(11, "", 4096)    = 0
1787728205.060666 read(11, "@PS1,M,231248,17589676,585727,9505107,00000000*4979\r\n", 4096) = 53
1787728205.064561 read(11, "", 4096)    = 0
1787728205.080265 read(11, "@PS1,M,231249,17589736,585649,9505112,00000000*6BFD\r\n", 4096) = 53
1787728205.082887 read(11, "", 4096)    = 0
1787728205.229718 read(11, "@PS1,M,231250,17589797,585749,9505104,00000000*91FE\r\n@PS1,M,231251,17589857,585784,9505120,00000000*4AEC\r\n", 4096) = 106
1787728205.235515 read(11, "", 4096)    = 0
1787728205.412299 read(11, "@PS1,M,231252,17590037,586065,9505058,00000000*6EEA\r\n", 4096) = 53
1787728205.416889 read(11, "", 4096)    = 0
1787728205.430716 read(11, "@PS1,M,231253,17590097,585947,9505075,00000000*1B64\r\n", 4096) = 53
1787728205.433376 read(11, "", 4096)    = 0
1787728205.580533 read(11, "@PS1,M,231254,17590157,586065,9505038,00000000*2BE0\r\n@PS1,M,231255,17590217,586153,9505034,00000000*B980\r\n", 4096) = 106
1787728205.586492 read(11, "", 4096)    = 0
1787728205.606250 read(11, "@PS1,M,231256,17590277,586246,9505008,00000000*CB33\r\n", 4096) = 53
1787728205.609421 read(11, "", 4096)    = 0
1787728205.764968 read(11, "@PS1,M,231257,17590337,586197,9504958,00000000*AFDC\r\n", 4096) = 53
1787728205.768885 read(11, "", 4096)    = 0
1787728205.932532 read(11, "@PS1,M,231258,17590517,586346,9504934,00000000*56BC\r\n@PS1,M,231259,17590578,586425,9504914,00000000*1AAB\r\n", 4096) = 106
1787728205.939272 read(11, "", 4096)    = 0
1787728205.965991 read(11, "@PS1,M,231260,17590639,586474,9504937,00000000*12E8\r\n", 4096) = 53
1787728205.968700 read(11, "", 4096)    = 0
1787728206.140491 read(11, "@PS1,M,231261,17590699,586476,9504863,00000000*228E\r\n@PS1,M,231262,17590759,586662,9504887,00000000*9A5C\r\n", 4096) = 106
1787728206.145829 read(11, "@PS1,M,231263,17590819,586670,9504842,00000000*4958\r\n", 4096) = 53
1787728206.147748 read(11, "", 4096)    = 0
1787728206.204942 read(11, "@PS1,M,231264,17590879,586639,9504798,00000000*9106\r\n", 4096) = 53
1787728206.207359 read(11, "", 4096)    = 0
1787728206.383810 read(11, "@PS1,M,231265,17591059,586749,9504766,00000000*770F\r\n", 4096) = 53
1787728206.386103 read(11, "", 4096)    = 0
1787728206.533671 read(11, "@PS1,M,231266,17591119,586870,9504734,00000000*569B\r\n@PS1,M,231267,17591179,586941,9504703,00000000*C019\r\n", 4096) = 106
1787728206.538627 read(11, "", 4096)    = 0
1787728206.563007 read(11, "@PS1,M,231268,17591239,586859,9504699,00000000*DCF1\r\n", 4096) = 53
1787728206.565125 read(11, "", 4096)    = 0
1787728206.675977 read(11, "@PS1,M,231269,17591300,586951,9504655,00000000*290D\r\n", 4096) = 53
1787728206.680360 read(11, "", 4096)    = 0
1787728206.694594 read(11, "@PS1,M,231270,17591360,586984,9504647,00000000*AAFF\r\n", 4096) = 53
1787728206.696914 read(11, "", 4096)    = 0
1787728206.862419 read(11, "@PS1,M,231271,17591540,587059,9504635,00000000*5C61\r\n", 4096) = 53
1787728206.864644 read(11, "", 4096)    = 0
1787728207.002439 read(11, "@PS1,M,231272,17591600,587027,9504578,00000000*5134\r\n@PS1,M,231273,17591660,587048,9504578,00000000*F18E\r\n", 4096) = 106
1787728207.007914 read(11, "", 4096)    = 0
1787728207.041561 read(11, "@PS1,M,231274,17591720,587042,9504561,00000000*6DDD\r\n", 4096) = 53
1787728207.043925 read(11, "", 4096)    = 0
1787728207.157190 read(11, "@PS1,M,231275,17591780,586903,9504534,00000000*241A\r\n", 4096) = 53
1787728207.161149 read(11, "", 4096)    = 0
1787728207.162257 read(11, "@PS1,M,231276,17591841,586999,9504562,00000000*0335\r\n", 4096) = 53
1787728207.164192 read(11, "", 4096)    = 0
1787728207.298406 read(11, "@PS1,M,231277,17591901,586875,9504541,00000000*4A89\r\n", 4096) = 53
1787728207.302207 read(11, "", 4096)    = 0
1787728207.439166 read(11, "@PS1,M,231278,17592081,586794,9504537,00000000*0457\r\n", 4096) = 53
1787728207.443043 read(11, "", 4096)    = 0
1787728207.460901 read(11, "@PS1,M,231279,17592141,586764,9504481,00000000*2FE0\r\n", 4096) = 53
1787728207.464011 read(11, "", 4096)    = 0
1787728207.575765 read(11, "@PS1,M,231280,17592201,586794,9504524,00000000*F97D\r\n", 4096) = 53
1787728207.580043 read(11, "", 4096)    = 0
1787728207.580536 read(11, "@PS1,M,231281,17592261,586758,9504543,00000000*889A\r\n", 4096) = 53
1787728207.582815 read(11, "", 4096)    = 0
1787728207.717671 read(11, "@PS1,M,231282,17592321,586677,9504540,00000000*91AD\r\n@PS1,M,231283,17592381,586684,9504548,00000000*96DE\r\n", 4096) = 106
1787728207.722786 read(11, "", 4096)    = 0
1787728207.879611 read(11, "@PS1,M,231284,17592562,586626,9504603,00000000*4A78\r\n", 4096) = 53
1787728207.882488 read(11, "", 4096)    = 0
1787728207.939241 read(11, "@PS1,M,231285,17592622,586637,9504563,00000000*A274\r\n", 4096) = 53
1787728207.941414 read(11, "", 4096)    = 0
1787728208.022476 read(11, "@PS1,M,231286,17592682,586566,9504621,00000000*DFC2\r\n", 4096) = 53
1787728208.026185 read(11, "", 4096)    = 0
1787728208.058857 read(11, "@PS1,M,231287,17592742,586312,9504590,00000000*3356\r\n", 4096) = 53
1787728208.060892 read(11, "", 4096)    = 0
1787728208.164473 read(11, "@PS1,M,231288,17592802,586417,9504602,00000000*0FFB\r\n", 4096) = 53
1787728208.168295 read(11, "", 4096)    = 0
1787728208.182440 read(11, "@PS1,M,231289,17592862,586375,9504646,00000000*2AD3\r\n", 4096) = 53
1787728208.185086 read(11, "", 4096)    = 0
1787728208.305872 read(11, "@PS1,M,231290,17592922,586195,9504617,00000000*0DDC\r\n", 4096) = 53
1787728208.309730 read(11, "", 4096)    = 0
1787728208.448547 read(11, "@PS1,M,231291,17593103,586252,9504730,00000000*DA17\r\n", 4096) = 53
1787728208.452760 read(11, "", 4096)    = 0
1787728208.477561 read(11, "@PS1,M,231292,17593163,586073,9504702,00000000*2644\r\n", 4096) = 53
1787728208.480225 read(11, "", 4096)    = 0
1787728208.603864 read(11, "@PS1,M,231293,17593223,585927,9504776,00000000*1013\r\n@PS1,M,231294,17593283,585998,9504783,00000000*2502\r\n", 4096) = 106
1787728208.609822 read(11, "", 4096)    = 0
1787728208.656728 read(11, "@PS1,M,231295,17593343,585910,9504761,00000000*E28B\r\n", 4096) = 53
1787728208.659188 read(11, "", 4096)    = 0
1787728208.761976 read(11, "@PS1,M,231296,17593403,585767,9504795,00000000*41EE\r\n", 4096) = 53
1787728208.765824 read(11, "", 4096)    = 0
1787728208.905985 read(11, "@PS1,M,231297,17593584,585463,9504891,00000000*2389\r\n", 4096) = 53
1787728208.909839 read(11, "", 4096)    = 0
1787728208.956442 read(11, "@PS1,M,231298,17593644,585559,9504881,00000000*65AA\r\n", 4096) = 53
1787728208.958613 read(11, "", 4096)    = 0
1787728209.045137 read(11, "@PS1,M,231299,17593704,585434,9504947,00000000*DE66\r\n", 4096) = 53
1787728209.049888 read(11, "", 4096)    = 0
1787728209.075897 read(11, "@PS1,M,231300,17593764,585526,9504936,00000000*2062\r\n", 4096) = 53
1787728209.078157 read(11, "", 4096)    = 0
1787728209.188504 read(11, "@PS1,M,231301,17593824,585500,9504942,00000000*C4F0\r\n", 4096) = 53
1787728209.192332 read(11, "", 4096)    = 0
1787728209.195365 read(11, "@PS1,M,231302,17593885,585496,9504987,00000000*048B\r\n", 4096) = 53
1787728209.197434 read(11, "", 4096)    = 0
1787728209.330805 read(11, "@PS1,M,231303,17593945,585481,9504996,00000000*B665\r\n", 4096) = 53
1787728209.335211 read(11, "", 4096)    = 0
1787728209.474312 read(11, "@PS1,M,231304,17594125,585391,9505046,00000000*FF3C\r\n", 4096) = 53
1787728209.478610 read(11, "", 4096)    = 0
1787728209.494143 read(11, "@PS1,M,231305,17594185,585329,9505071,00000000*6F06\r\n", 4096) = 53
1787728209.496108 read(11, "", 4096)    = 0
1787728209.617572 read(11, "@PS1,M,231306,17594245,585301,9505085,00000000*3DFF\r\n@PS1,M,231307,17594305,585317,9505086,00000000*4A4E\r\n", 4096) = 106
1787728209.622723 read(11, "", 4096)    = 0
1787728209.673434 read(11, "@PS1,M,231308,17594365,585301,9505079,00000000*D526\r\n", 4096) = 53
1787728209.675605 read(11, "", 4096)    = 0
1787728209.762330 read(11, "@PS1,M,231309,17594425,585179,9505107,00000000*01DD\r\n", 4096) = 53
1787728209.766727 read(11, "", 4096)    = 0
1787728209.913351 read(11, "@PS1,M,231310,17594606,585184,9505130,00000000*C84A\r\n", 4096) = 53
1787728209.915578 read(11, "", 4096)    = 0
1787728210.054669 read(11, "@PS1,M,231311,17594666,585060,9505121,00000000*8B6C\r\n@PS1,M,231312,17594726,585192,9505124,00000000*1623\r\n", 4096) = 106
1787728210.060768 read(11, "", 4096)    = 0
1787728210.092590 read(11, "@PS1,M,231313,17594786,585249,9505108,00000000*1F73\r\n", 4096) = 53
1787728210.094739 read(11, "", 4096)    = 0
1787728210.211832 read(11, "@PS1,M,231314,17594846,585237,9505151,00000000*FF16\r\n", 4096) = 53
1787728210.216428 read(11, "@PS1,M,231315,17594906,585382,9505128,00000000*3C3B\r\n", 4096) = 53
1787728210.218598 read(11, "", 4096)    = 0
1787728210.271839 read(11, "@PS1,M,231316,17594966,585347,9505157,00000000*F6EB\r\n", 4096) = 53
1787728210.274064 read(11, "", 4096)    = 0
1787728210.451955 read(11, "@PS1,M,231317,17595147,585400,9505144,00000000*B168\r\n", 4096) = 53
1787728210.454348 read(11, "", 4096)    = 0
1787728210.511626 read(11, "@PS1,M,231318,17595207,585456,9505105,00000000*F2D6\r\n", 4096) = 53
1787728210.514342 read(11, "", 4096)    = 0
1787728210.597534 read(11, "@PS1,M,231319,17595267,585353,9505142,00000000*72E4\r\n", 4096) = 53
1787728210.602075 read(11, "", 4096)    = 0
1787728210.631258 read(11, "@PS1,M,231320,17595328,585528,9505139,00000000*03CC\r\n", 4096) = 53
1787728210.633744 read(11, "", 4096)    = 0
1787728210.741523 read(11, "@PS1,M,231321,17595388,585476,9505133,00000000*225E\r\n", 4096) = 53
1787728210.746068 read(11, "", 4096)    = 0
1787728210.759766 read(11, "@PS1,M,231322,17595448,585630,9505161,00000000*2A50\r\n", 4096) = 53
1787728210.762182 read(11, "", 4096)    = 0
1787728210.930587 read(11, "@PS1,M,231323,17595628,585766,9505101,00000000*173F\r\n", 4096) = 53
1787728210.932787 read(11, "", 4096)    = 0
1787728211.073155 read(11, "@PS1,M,231324,17595688,585736,9505105,00000000*B3DC\r\n@PS1,M,231325,17595748,585793,9505089,00000000*E2C6\r\n", 4096) = 106
1787728211.078664 read(11, "", 4096)    = 0
1787728211.109928 read(11, "@PS1,M,231326,17595808,585840,9505085,00000000*D2DE\r\n", 4096) = 53
1787728211.111860 read(11, "", 4096)    = 0
1787728211.262022 read(11, "@PS1,M,231327,17595869,585875,9505092,00000000*644F\r\n@PS1,M,231328,17595929,585986,9505057,00000000*0B82\r\n", 4096) = 106
1787728211.266961 read(11, "", 4096)    = 0
1787728211.289251 read(11, "@PS1,M,231329,17595989,585926,9505030,00000000*3DC6\r\n", 4096) = 53
1787728211.291907 read(11, "", 4096)    = 0
1787728211.468574 read(11, "@PS1,M,231330,17596169,586186,9504994,00000000*566B\r\n", 4096) = 53
1787728211.470963 read(11, "", 4096)    = 0
1787728211.610065 read(11, "@PS1,M,231331,17596229,586448,9505007,00000000*3841\r\n@PS1,M,231332,17596289,586273,9504983,00000000*9BF3\r\n", 4096) = 106
1787728211.614970 read(11, "", 4096)    = 0
1787728211.647938 read(11, "@PS1,M,231333,17596349,586428,9504918,00000000*EB2F\r\n", 4096) = 53
1787728211.650172 read(11, "", 4096)    = 0
1787728211.754855 read(11, "@PS1,M,231334,17596409,586411,9504893,00000000*DD62\r\n", 4096) = 53
1787728211.759045 read(11, "", 4096)    = 0
1787728211.772827 read(11, "@PS1,M,231335,17596469,586581,9504896,00000000*2180\r\n", 4096) = 53
1787728211.775009 read(11, "", 4096)    = 0
1787728211.946504 read(11, "@PS1,M,231336,17596649,586712,9504855,00000000*90D2\r\n", 4096) = 53
1787728211.948775 read(11, "", 4096)    = 0
1787728212.088087 read(11, "@PS1,M,231337,17596709,586760,9504822,00000000*774C\r\n@PS1,M,231338,17596769,586738,9504844,00000000*0E79\r\n", 4096) = 106
1787728212.094630 read(11, "", 4096)    = 0
1787728212.125735 read(11, "@PS1,M,231339,17596829,586785,9504782,00000000*42CA\r\n", 4096) = 53
1787728212.128205 read(11, "", 4096)    = 0
1787728212.246035 read(11, "@PS1,M,231340,17596889,586761,9504811,00000000*7DD5\r\n@PS1,M,231341,17596949,586829,9504727,00000000*C28B\r\n", 4096) = 106
1787728212.255439 read(11, "", 4096)    = 0
1787728212.306229 read(11, "@PS1,M,231342,17597011,586859,9504737,00000000*3E14\r\n", 4096) = 53
1787728212.308947 read(11, "", 4096)    = 0
1787728212.485301 read(11, "@PS1,M,231343,17597191,587122,9504652,00000000*22F5\r\n", 4096) = 53
1787728212.487828 read(11, "", 4096)    = 0
1787728212.629631 read(11, "@PS1,M,231344,17597251,586855,9504694,00000000*4CEC\r\n@PS1,M,231345,17597311,587159,9504649,00000000*ABE6\r\n", 4096) = 106
1787728212.634923 read(11, "", 4096)    = 0
1787728212.664617 read(11, "@PS1,M,231346,17597371,587018,9504642,00000000*B094\r\n", 4096) = 53
1787728212.666739 read(11, "", 4096)    = 0
1787728212.774820 read(11, "@PS1,M,231347,17597431,587039,9504620,00000000*A415\r\n", 4096) = 53
1787728212.778691 read(11, "", 4096)    = 0
1787728212.792673 read(11, "@PS1,M,231348,17597491,586914,9504588,00000000*D79C\r\n", 4096) = 53
1787728212.794951 read(11, "", 4096)    = 0
1787728212.963588 read(11, "@PS1,M,231349,17597671,587081,9504552,00000000*27F7\r\n", 4096) = 53
1787728212.966252 read(11, "", 4096)    = 0
1787728213.023266 read(11, "@PS1,M,231350,17597731,587075,9504560,00000000*051D\r\n", 4096) = 53
1787728213.025592 read(11, "", 4096)    = 0
1787728213.109927 read(11, "@PS1,M,231351,17597791,587034,9504509,00000000*8EA2\r\n", 4096) = 53
1787728213.113964 read(11, "", 4096)    = 0
1787728213.142856 read(11, "@PS1,M,231352,17597851,586996,9504548,00000000*F619\r\n", 4096) = 53
1787728213.144915 read(11, "", 4096)    = 0
1787728213.254033 read(11, "@PS1,M,231353,17597911,587068,9504526,00000000*20CA\r\n", 4096) = 53
1787728213.257871 read(11, "", 4096)    = 0
1787728213.272408 read(11, "@PS1,M,231354,17597972,586882,9504533,00000000*D4CF\r\n", 4096) = 53
1787728213.275114 read(11, "", 4096)    = 0
1787728213.402648 read(11, "@PS1,M,231355,17598032,586883,9504511,00000000*221F\r\n", 4096) = 53
1787728213.406338 read(11, "", 4096)    = 0
1787728213.551759 read(11, "@PS1,M,231356,17598212,586927,9504526,00000000*694B\r\n", 4096) = 53
1787728213.555614 read(11, "", 4096)    = 0
1787728213.575345 read(11, "@PS1,M,231357,17598272,586775,9504505,00000000*5B67\r\n", 4096) = 53
1787728213.578440 read(11, "", 4096)    = 0
1787728213.621075 read(11, "@PS1,M,231358,17598332,586629,9504534,00000000*2F37\r\n", 4096) = 53
1787728213.623519 read(11, "", 4096)    = 0
1787728213.704549 --- SIGCHLD {si_signo=SIGCHLD, si_code=CLD_EXITED, si_pid=51669, si_uid=1000, si_status=0, si_utime=0, si_stime=0} ---
1787728213.722923 read(11, "@PS1,M,231359,17598392,586720,9504521,00000000*E688\r\n", 4096) = 53
1787728213.727185 read(11, "", 4096)    = 0
1787728213.742113 read(11, "@PS1,M,231360,17598452,586605,9504539,00000000*B13F\r\n", 4096) = 53
1787728213.744442 read(11, "", 4096)    = 0
1787728213.871893 read(11, "@PS1,M,231361,17598513,586714,9504551,00000000*4C2C\r\n", 4096) = 53
1787728213.875809 read(11, "", 4096)    = 0
1787728214.020068 read(11, "@PS1,M,231362,17598693,586498,9504560,00000000*2CF9\r\n", 4096) = 53
1787728214.023917 read(11, "", 4096)    = 0
1787728214.040036 read(11, "@PS1,M,231363,17598753,586403,9504601,00000000*23C3\r\n", 4096) = 53
1787728214.042309 read(11, "", 4096)    = 0
1787728214.169041 read(11, "@PS1,M,231364,17598813,586322,9504588,00000000*C1B7\r\n@PS1,M,231365,17598873,586284,9504635,00000000*DA11\r\n", 4096) = 106
1787728214.174854 read(11, "", 4096)    = 0
1787728214.219284 read(11, "@PS1,M,231366,17598933,586363,9504676,00000000*BB2F\r\n", 4096) = 53
1787728214.221460 read(11, "", 4096)    = 0
1787728214.319558 read(11, "@PS1,M,231367,17598993,586279,9504639,00000000*B132\r\n", 4096) = 53
1787728214.323829 read(11, "", 4096)    = 0
1787728214.338783 read(11, "@PS1,M,231368,17599053,586309,9504644,00000000*6285\r\n", 4096) = 53
1787728214.340972 read(11, "", 4096)    = 0
1787728214.518071 read(11, "@PS1,M,231369,17599234,586120,9504752,00000000*ABC0\r\n", 4096) = 53
1787728214.520656 read(11, "", 4096)    = 0
1787728214.664689 read(11, "@PS1,M,231370,17599295,585961,9504770,00000000*DA13\r\n@PS1,M,231371,17599355,585967,9504745,00000000*4B55\r\n", 4096) = 106
1787728214.671373 read(11, "", 4096)    = 0
1787728214.698526 read(11, "@PS1,M,231372,17599415,586010,9504780,00000000*19AD\r\n", 4096) = 53
1787728214.700588 read(11, "", 4096)    = 0
1787728214.827760 read(11, "@PS1,M,231373,17599475,585938,9504824,00000000*5B07\r\n@PS1,M,231374,17599535,585869,9504823,00000000*7447\r\n", 4096) = 106
1787728214.833926 read(11, "", 4096)    = 0
1787728215.008569 read(11, "@PS1,M,231375,17599715,585676,9504900,00000000*47F2\r\n", 4096) = 53
1787728215.011106 read(11, "", 4096)    = 0
1787728215.056767 read(11, "@PS1,M,231376,17599775,585700,9504926,00000000*F6DD\r\n", 4096) = 53
1787728215.058874 read(11, "", 4096)    = 0
1787728215.150287 read(11, "@PS1,M,231377,17599835,585586,9504905,00000000*D0FC\r\n", 4096) = 53
1787728215.154173 read(11, "", 4096)    = 0
1787728215.176286 read(11, "@PS1,M,231378,17599895,585535,9504976,00000000*94B8\r\n", 4096) = 53
1787728215.179463 read(11, "", 4096)    = 0
1787728215.298410 read(11, "@PS1,M,231379,17599955,585571,9504982,00000000*212E\r\n@PS1,M,231380,17600015,585484,9504978,00000000*93A5\r\n", 4096) = 106
1787728215.303765 read(11, "", 4096)    = 0
1787728215.355564 read(11, "@PS1,M,231381,17600075,585474,9504985,00000000*7F8C\r\n", 4096) = 53
1787728215.357946 read(11, "", 4096)    = 0
1787728215.542589 read(11, "@PS1,M,231382,17600256,585435,9505027,00000000*5E16\r\n", 4096) = 53
1787728215.546445 read(11, "", 4096)    = 0
1787728215.594976 read(11, "@PS1,M,231383,17600316,585424,9505035,00000000*6E7E\r\n", 4096) = 53
1787728215.597002 read(11, "", 4096)    = 0
1787728215.687305 read(11, "@PS1,M,231384,17600376,585416,9505072,00000000*9C3D\r\n", 4096) = 53
1787728215.691643 read(11, "", 4096)    = 0
1787728215.714564 read(11, "@PS1,M,231385,17600436,585447,9505052,00000000*3D6E\r\n", 4096) = 53
1787728215.717317 read(11, "", 4096)    = 0
1787728215.834988 read(11, "@PS1,M,231386,17600496,585463,9505121,00000000*35D1\r\n@PS1,M,231387,17600556,585323,9505103,00000000*A0C6\r\n", 4096) = 106
1787728215.839959 read(11, "", 4096)    = 0
1787728216.014261 read(11, "@PS1,M,231388,17600737,585321,9505150,00000000*9B2D\r\n", 4096) = 53
1787728216.016501 read(11, "", 4096)    = 0
1787728216.159872 read(11, "@PS1,M,231389,17600797,585291,9505123,00000000*33B9\r\n@PS1,M,231390,17600857,585262,9505104,00000000*1C76\r\n", 4096) = 106
1787728216.165612 read(11, "", 4096)    = 0
1787728216.193519 read(11, "@PS1,M,231391,17600918,585370,9505163,00000000*37DD\r\n", 4096) = 53
1787728216.195994 read(11, "", 4096)    = 0
1787728216.360506 read(11, "@PS1,M,231392,17600978,585259,9505127,00000000*3E36\r\n@PS1,M,231393,17601038,585309,9505125,00000000*D42E\r\n", 4096) = 106
1787728216.366116 read(11, "", 4096)    = 0
1787728216.378934 read(11, "@PS1,M,231394,17601098,585336,9505112,00000000*5C42\r\n", 4096) = 53
1787728216.381734 read(11, "", 4096)    = 0
1787728216.552029 read(11, "@PS1,M,231395,17601278,585335,9505168,00000000*BD2D\r\n", 4096) = 53
1787728216.554864 read(11, "", 4096)    = 0
1787728216.698182 read(11, "@PS1,M,231396,17601338,585443,9505152,00000000*D31A\r\n@PS1,M,231397,17601398,585415,9505153,00000000*CDD0\r\n", 4096) = 106
1787728216.703370 read(11, "", 4096)    = 0
1787728216.731303 read(11, "@PS1,M,231398,17601458,585537,9505123,00000000*00EF\r\n", 4096) = 53
1787728216.733460 read(11, "", 4096)    = 0
1787728216.846032 read(11, "@PS1,M,231399,17601518,585542,9505135,00000000*8915\r\n", 4096) = 53
1787728216.850217 read(11, "", 4096)    = 0
1787728216.850815 read(11, "@PS1,M,231400,17601578,585591,9505102,00000000*BFCC\r\n", 4096) = 53
1787728216.852766 read(11, "", 4096)    = 0
1787728217.030514 read(11, "@PS1,M,231401,17601759,585767,9505103,00000000*AA94\r\n", 4096) = 53
1787728217.032829 read(11, "", 4096)    = 0
1787728217.175170 read(11, "@PS1,M,231402,17601819,585726,9505113,00000000*2E79\r\n@PS1,M,231403,17601879,585814,9505113,00000000*DC9A\r\n", 4096) = 106
1787728217.180254 read(11, "", 4096)    = 0
1787728217.209849 read(11, "@PS1,M,231404,17601939,585724,9505119,00000000*6FC3\r\n", 4096) = 53
1787728217.212603 read(11, "", 4096)    = 0
1787728217.323444 read(11, "@PS1,M,231405,17601999,585912,9505105,00000000*C568\r\n", 4096) = 53
1787728217.327738 read(11, "", 4096)    = 0
1787728217.329356 read(11, "@PS1,M,231406,17602059,585903,9505119,00000000*11BE\r\n", 4096) = 53
1787728217.331246 read(11, "", 4096)    = 0
1787728217.470403 read(11, "@PS1,M,231407,17602119,585971,9505081,00000000*F09E\r\n", 4096) = 53
1787728217.474611 read(11, "", 4096)    = 0
1787728217.618224 read(11, "@PS1,M,231408,17602300,586066,9505036,00000000*7524\r\n", 4096) = 53
1787728217.622392 read(11, "", 4096)    = 0
1787728217.636250 read(11, "@PS1,M,231409,17602360,586144,9505050,00000000*DB80\r\n", 4096) = 53
1787728217.638931 read(11, "", 4096)    = 0
1787728217.765746 read(11, "@PS1,M,231410,17602420,586228,9505006,00000000*3B64\r\n@PS1,M,231411,17602480,586239,9504987,00000000*6254\r\n", 4096) = 106
1787728217.770913 read(11, "", 4096)    = 0
1787728217.807851 read(11, "@PS1,M,231412,17602540,586330,9504984,00000000*E435\r\n", 4096) = 53
1787728217.810254 read(11, "", 4096)    = 0
1787728217.914325 read(11, "@PS1,M,231413,17602600,586353,9504957,00000000*A841\r\n", 4096) = 53
1787728217.918306 read(11, "", 4096)    = 0
1787728218.072052 read(11, "@PS1,M,231414,17602781,586436,9504927,00000000*6A94\r\n", 4096) = 53
1787728218.075063 read(11, "", 4096)    = 0
1787728218.107519 read(11, "@PS1,M,231415,17602841,586572,9504924,00000000*A91C\r\n", 4096) = 53
1787728218.110186 read(11, "", 4096)    = 0
1787728218.218694 read(11, "@PS1,M,231416,17602901,586685,9504884,00000000*9C9B\r\n", 4096) = 53
1787728218.223626 read(11, "", 4096)    = 0
1787728218.237031 read(11, "@PS1,M,231417,17602961,586525,9504890,00000000*CE13\r\n", 4096) = 53
1787728218.239818 read(11, "", 4096)    = 0
1787728218.367797 read(11, "@PS1,M,231418,17603021,586608,9504853,00000000*C116\r\n@PS1,M,231419,17603081,586702,9504835,00000000*90A9\r\n", 4096) = 106
1787728218.373598 read(11, "", 4096)    = 0
1787728218.406344 read(11, "@PS1,M,231420,17603141,586687,9504862,00000000*839D\r\n", 4096) = 53
1787728218.408362 read(11, "", 4096)    = 0
1787728218.586115 read(11, "@PS1,M,231421,17603322,586847,9504801,00000000*BA84\r\n", 4096) = 53
1787728218.589583 read(11, "", 4096)    = 0
1787728218.645872 read(11, "@PS1,M,231422,17603382,586889,9504792,00000000*84C5\r\n", 4096) = 53
1787728218.648809 read(11, "", 4096)    = 0
1787728218.678322 --- SIGCHLD {si_signo=SIGCHLD, si_code=CLD_EXITED, si_pid=51687, si_uid=1000, si_status=0, si_utime=0, si_stime=0} ---
1787728218.737655 read(11, "@PS1,M,231423,17603442,586837,9504752,00000000*30C5\r\n", 4096) = 53
1787728218.741269 read(11, "", 4096)    = 0
1787728218.765310 read(11, "@PS1,M,231424,17603502,586910,9504717,00000000*AAB3\r\n", 4096) = 53
1787728218.768741 read(11, "", 4096)    = 0
1787728218.880063 read(11, "@PS1,M,231425,17603562,586900,9504716,00000000*5EE9\r\n", 4096) = 53
1787728218.883919 read(11, "", 4096)    = 0
1787728218.884752 read(11, "@PS1,M,231426,17603622,586944,9504694,00000000*8302\r\n", 4096) = 53
1787728218.886877 read(11, "", 4096)    = 0
1787728219.064638 read(11, "@PS1,M,231427,17603803,586944,9504615,00000000*0BDF\r\n", 4096) = 53
1787728219.066959 read(11, "", 4096)    = 0
1787728219.210120 read(11, "@PS1,M,231428,17603863,586975,9504613,00000000*6640\r\n@PS1,M,231429,17603923,587048,9504623,00000000*D83A\r\n", 4096) = 106
1787728219.216739 read(11, "", 4096)    = 0
1787728219.243918 read(11, "@PS1,M,231430,17603983,587076,9504589,00000000*E920\r\n", 4096) = 53
1787728219.246487 read(11, "", 4096)    = 0
1787728219.371502 read(11, "@PS1,M,231431,17604043,586967,9504547,00000000*2F3B\r\n@PS1,M,231432,17604103,587013,9504560,00000000*34D8\r\n", 4096) = 106
1787728219.377255 read(11, "", 4096)    = 0
1787728219.423183 read(11, "@PS1,M,231433,17604163,586823,9504597,00000000*FC5E\r\n", 4096) = 53
1787728219.425628 read(11, "", 4096)    = 0
1787728219.603345 read(11, "@PS1,M,231434,17604344,586923,9504537,00000000*854A\r\n", 4096) = 53
1787728219.606444 read(11, "", 4096)    = 0
1787728219.663037 read(11, "@PS1,M,231435,17604404,586986,9504525,00000000*D8EF\r\n", 4096) = 53
1787728219.665376 read(11, "", 4096)    = 0
1787728219.752138 read(11, "@PS1,M,231436,17604464,587085,9504528,00000000*6031\r\n", 4096) = 53
1787728219.755711 read(11, "", 4096)    = 0
1787728219.782575 read(11, "@PS1,M,231437,17604524,586873,9504512,00000000*5605\r\n", 4096) = 53
1787728219.784816 read(11, "", 4096)    = 0
1787728219.898765 read(11, "@PS1,M,231438,17604584,587071,9504521,00000000*3946\r\n", 4096) = 53
1787728219.902610 read(11, "@PS1,M,231439,17604644,586889,9504542,00000000*4B98\r\n", 4096) = 53
1787728219.905095 read(11, "", 4096)    = 0
1787728220.080853 read(11, "@PS1,M,231440,17604824,586816,9504531,00000000*8913\r\n", 4096) = 53
1787728220.083871 read(11, "", 4096)    = 0
1787728220.140503 read(11, "@PS1,M,231441,17604884,586715,9504525,00000000*2ED6\r\n", 4096) = 53
1787728220.142643 read(11, "", 4096)    = 0
1787728220.229459 read(11, "@PS1,M,231442,17604944,586723,9504542,00000000*B27F\r\n", 4096) = 53
1787728220.233506 read(11, "", 4096)    = 0
1787728220.260106 read(11, "@PS1,M,231443,17605004,586763,9504529,00000000*6731\r\n", 4096) = 53
1787728220.262753 read(11, "", 4096)    = 0
1787728220.371965 read(11, "@PS1,M,231444,17605065,586566,9504523,00000000*E009\r\n", 4096) = 53
1787728220.376125 read(11, "", 4096)    = 0
1787728220.389977 read(11, "@PS1,M,231445,17605125,586633,9504518,00000000*B3B1\r\n", 4096) = 53
1787728220.392207 read(11, "", 4096)    = 0
1787728220.520050 read(11, "@PS1,M,231446,17605185,586533,9504551,00000000*562D\r\n", 4096) = 53
1787728220.523843 read(11, "", 4096)    = 0
1787728220.668428 read(11, "@PS1,M,231447,17605366,586442,9504570,00000000*F4FB\r\n", 4096) = 53
1787728220.672674 read(11, "", 4096)    = 0
1787728220.686642 read(11, "@PS1,M,231448,17605426,586467,9504616,00000000*6166\r\n", 4096) = 53
1787728220.688930 read(11, "", 4096)    = 0
1787728220.816010 read(11, "@PS1,M,231449,17605486,586375,9504592,00000000*2A6C\r\n@PS1,M,231450,17605546,586146,9504641,00000000*4119\r\n", 4096) = 106
1787728220.821971 read(11, "", 4096)    = 0
1787728220.859026 read(11, "@PS1,M,231451,17605606,586272,9504628,00000000*7BD8\r\n", 4096) = 53
1787728220.861421 read(11, "", 4096)    = 0
1787728220.977943 read(11, "@PS1,M,231452,17605666,586304,9504663,00000000*B338\r\n", 4096) = 53
1787728220.982144 read(11, "", 4096)    = 0
1787728221.125760 read(11, "@PS1,M,231453,17605846,586010,9504735,00000000*3A33\r\n", 4096) = 53
1787728221.130384 read(11, "", 4096)    = 0
1787728221.157467 read(11, "@PS1,M,231454,17605906,586059,9504722,00000000*D7F9\r\n", 4096) = 53
1787728221.160735 read(11, "", 4096)    = 0
1787728221.273807 read(11, "@PS1,M,231455,17605966,585920,9504732,00000000*97C0\r\n", 4096) = 53
1787728221.278322 read(11, "@PS1,M,231456,17606026,585945,9504798,00000000*13C8\r\n", 4096) = 53
1787728221.280599 read(11, "", 4096)    = 0
1787728221.336850 read(11, "@PS1,M,231457,17606086,585944,9504786,00000000*E52F\r\n", 4096) = 53
1787728221.339991 read(11, "", 4096)    = 0
1787728221.471425 read(11, "@PS1,M,231458,17606147,585923,9504783,00000000*8407\r\n@PS1,M,231459,17606208,585780,9504799,00000000*0349\r\n", 4096) = 106
1787728221.477501 read(11, "", 4096)    = 0
1787728221.636987 read(11, "@PS1,M,231460,17606388,585805,9504872,00000000*AF41\r\n", 4096) = 53
1787728221.639805 read(11, "", 4096)    = 0
1787728221.696609 read(11, "@PS1,M,231461,17606448,585683,9504838,00000000*AE72\r\n", 4096) = 53
1787728221.699002 read(11, "", 4096)    = 0
1787728221.786083 read(11, "@PS1,M,231462,17606508,585623,9504880,00000000*3282\r\n", 4096) = 53
1787728221.790167 read(11, "", 4096)    = 0
1787728221.816165 read(11, "@PS1,M,231463,17606568,585622,9504904,00000000*8B7D\r\n", 4096) = 53
1787728221.818752 read(11, "", 4096)    = 0
1787728221.932972 read(11, "@PS1,M,231464,17606628,585510,9504907,00000000*ACD0\r\n", 4096) = 53
1787728221.937674 read(11, "@PS1,M,231465,17606688,585616,9504960,00000000*F884\r\n", 4096) = 53
1787728221.939674 read(11, "", 4096)    = 0
1787728222.114753 read(11, "@PS1,M,231466,17606868,585450,9504975,00000000*4B82\r\n", 4096) = 53
1787728222.117271 read(11, "", 4096)    = 0
1787728222.260650 read(11, "@PS1,M,231467,17606928,585388,9504986,00000000*16B3\r\n@PS1,M,231468,17606988,585415,9505029,00000000*163A\r\n", 4096) = 106
1787728222.266559 read(11, "", 4096)    = 0
1787728222.293954 read(11, "@PS1,M,231469,17607048,585355,9504998,00000000*9A3F\r\n", 4096) = 53
1787728222.297006 read(11, "", 4096)    = 0
1787728222.421808 read(11, "@PS1,M,231470,17607108,585344,9505041,00000000*393D\r\n@PS1,M,231471,17607168,585473,9505030,00000000*3009\r\n", 4096) = 106
1787728222.427318 read(11, "", 4096)    = 0
1787728222.473208 read(11, "@PS1,M,231472,17607228,585361,9505037,00000000*9094\r\n", 4096) = 53
1787728222.475230 read(11, "", 4096)    = 0
1787728222.652800 read(11, "@PS1,M,231473,17607409,585277,9505048,00000000*EAF6\r\n", 4096) = 53
1787728222.655280 read(11, "", 4096)    = 0
1787728222.798430 read(11, "@PS1,M,231474,17607469,585319,9505059,00000000*407F\r\n@PS1,M,231475,17607529,585308,9505086,00000000*0BE5\r\n", 4096) = 106
1787728222.805437 read(11, "", 4096)    = 0
1787728222.832116 read(11, "@PS1,M,231476,17607589,585263,9505093,00000000*FE72\r\n", 4096) = 53
1787728222.834334 read(11, "", 4096)    = 0
1787728222.959434 read(11, "@PS1,M,231477,17607650,585324,9505131,00000000*491A\r\n@PS1,M,231478,17607710,585271,9505095,00000000*87D6\r\n", 4096) = 106
1787728222.964998 read(11, "", 4096)    = 0
1787728223.132022 read(11, "@PS1,M,231479,17607891,585358,9505099,00000000*D364\r\n", 4096) = 53
1787728223.134731 read(11, "", 4096)    = 0
1787728223.278098 read(11, "@PS1,M,231480,17607951,585557,9505154,00000000*B116\r\n@PS1,M,231481,17608011,585256,9505148,00000000*8ED1\r\n", 4096) = 106
1787728223.283872 read(11, "", 4096)    = 0
1787728223.311263 read(11, "@PS1,M,231482,17608071,585311,9505142,00000000*FA02\r\n", 4096) = 53
1787728223.313842 read(11, "", 4096)    = 0
1787728223.439713 read(11, "@PS1,M,231483,17608131,585271,9505103,00000000*0D36\r\n@PS1,M,231484,17608191,585204,9505140,00000000*48E1\r\n", 4096) = 106
1787728223.445760 read(11, "", 4096)    = 0
1787728223.491371 read(11, "@PS1,M,231485,17608251,585304,9505147,00000000*604C\r\n", 4096) = 53
1787728223.494263 read(11, "", 4096)    = 0
1787728223.669909 read(11, "@PS1,M,231486,17608431,585492,9505133,00000000*3027\r\n", 4096) = 53
1787728223.672175 read(11, "", 4096)    = 0
1787728223.826839 read(11, "@PS1,M,231487,17608491,585511,9505125,00000000*D945\r\n@PS1,M,231488,17608551,585475,9505137,00000000*0CAB\r\n", 4096) = 106
1787728223.831354 read(11, "", 4096)    = 0
1787728223.849344 read(11, "@PS1,M,231489,17608611,585674,9505114,00000000*B4C9\r\n", 4096) = 53
1787728223.852221 read(11, "", 4096)    = 0
1787728223.976124 read(11, "@PS1,M,231490,17608671,585486,9505129,00000000*F695\r\n@PS1,M,231491,17608732,585645,9505131,00000000*01FB\r\n", 4096) = 106
1787728223.981683 read(11, "", 4096)    = 0
1787728224.148994 read(11, "@PS1,M,231492,17608913,585770,9505100,00000000*3C1C\r\n", 4096) = 53
1787728224.151246 read(11, "", 4096)    = 0
1787728224.295809 read(11, "@PS1,M,231493,17608973,585801,9505094,00000000*5215\r\n@PS1,M,231494,17609033,585784,9505088,00000000*27B6\r\n", 4096) = 106
1787728224.302025 read(11, "", 4096)    = 0
1787728224.328300 read(11, "@PS1,M,231495,17609093,585928,9505066,00000000*97A9\r\n", 4096) = 53
1787728224.331071 read(11, "", 4096)    = 0
1787728224.457715 read(11, "@PS1,M,231496,17609153,585850,9505055,00000000*A31C\r\n@PS1,M,231497,17609213,585891,9505083,00000000*E17A\r\n", 4096) = 106
1787728224.463553 read(11, "", 4096)    = 0
1787728224.507528 read(11, "@PS1,M,231498,17609273,585999,9505061,00000000*3447\r\n", 4096) = 53
1787728224.509800 read(11, "", 4096)    = 0
1787728224.686669 read(11, "@PS1,M,231499,17609453,586043,9505049,00000000*940E\r\n", 4096) = 53
1787728224.689361 read(11, "", 4096)    = 0
1787728224.746387 read(11, "@PS1,M,231500,17609513,586221,9504991,00000000*29C8\r\n", 4096) = 53
1787728224.749133 read(11, "", 4096)    = 0
1787728224.836350 read(11, "@PS1,M,231501,17609573,586230,9504989,00000000*D0E4\r\n", 4096) = 53
1787728224.840348 read(11, "", 4096)    = 0
1787728224.866009 read(11, "@PS1,M,231502,17609633,586175,9504954,00000000*7F21\r\n", 4096) = 53
1787728224.868571 read(11, "", 4096)    = 0
1787728224.983553 read(11, "@PS1,M,231503,17609693,586250,9504956,00000000*B49C\r\n", 4096) = 53
1787728224.987809 read(11, "@PS1,M,231504,17609753,586354,9504970,00000000*F111\r\n", 4096) = 53
1787728224.990321 read(11, "", 4096)    = 0
1787728225.165621 read(11, "@PS1,M,231505,17609934,586477,9504925,00000000*C752\r\n", 4096) = 53
1787728225.168010 read(11, "", 4096)    = 0
1787728225.311819 read(11, "@PS1,M,231506,17609994,586453,9504912,00000000*30EA\r\n@PS1,M,231507,17610055,586554,9504914,00000000*A36C\r\n", 4096) = 106
1787728225.317757 read(11, "", 4096)    = 0
1787728225.344821 read(11, "@PS1,M,231508,17610115,586525,9504873,00000000*46AD\r\n", 4096) = 53
1787728225.347515 read(11, "", 4096)    = 0
1787728225.473383 read(11, "@PS1,M,231509,17610175,586676,9504832,00000000*F508\r\n@PS1,M,231510,17610235,586708,9504813,00000000*3009\r\n", 4096) = 106
1787728225.479256 read(11, "", 4096)    = 0
1787728225.524112 read(11, "@PS1,M,231511,17610295,586643,9504804,00000000*9F60\r\n", 4096) = 53
1787728225.526555 read(11, "", 4096)    = 0
1787728225.703426 read(11, "@PS1,M,231512,17610475,586787,9504786,00000000*CC20\r\n", 4096) = 53
1787728225.705944 read(11, "", 4096)    = 0
1787728225.849325 read(11, "@PS1,M,231513,17610535,586695,9504764,00000000*42BA\r\n@PS1,M,231514,17610595,586895,9504784,00000000*8E05\r\n", 4096) = 106
1787728225.856158 read(11, "", 4096)    = 0
1787728225.882737 read(11, "@PS1,M,231515,17610655,586759,9504724,00000000*6195\r\n", 4096) = 53
1787728225.884808 read(11, "", 4096)    = 0
1787728226.011224 read(11, "@PS1,M,231516,17610715,587015,9504715,00000000*52FC\r\n@PS1,M,231517,17610776,586945,9504724,00000000*0563\r\n", 4096) = 106
1787728226.016342 read(11, "", 4096)    = 0
1787728226.182329 read(11, "@PS1,M,231518,17610956,586953,9504632,00000000*AAA8\r\n", 4096) = 53
1787728226.184807 read(11, "", 4096)    = 0
1787728226.329576 read(11, "@PS1,M,231519,17611016,587061,9504621,00000000*8BB0\r\n@PS1,M,231520,17611076,587054,9504618,00000000*E921\r\n", 4096) = 106
1787728226.336179 read(11, "", 4096)    = 0
1787728226.361526 read(11, "@PS1,M,231521,17611136,587086,9504603,00000000*2414\r\n", 4096) = 53
1787728226.364149 read(11, "", 4096)    = 0
1787728226.545149 read(11, "@PS1,M,231522,17611196,587084,9504589,00000000*2887\r\n@PS1,M,231523,17611257,586939,9504584,00000000*AAD7\r\n@PS1,M,231524,17611317,586848,9504594,00000000*ED3B\r\n", 4096) = 159
1787728226.552261 read(11, "", 4096)    = 0
1787728226.721051 read(11, "@PS1,M,231525,17611498,586953,9504572,00000000*D73A\r\n", 4096) = 53
1787728226.723274 read(11, "", 4096)    = 0
1787728226.868249 read(11, "@PS1,M,231526,17611558,586918,9504544,00000000*663E\r\n@PS1,M,231527,17611618,586712,9504532,00000000*0F4A\r\n", 4096) = 106
1787728226.873615 read(11, "", 4096)    = 0
1787728226.900326 read(11, "@PS1,M,231528,17611678,586842,9504536,00000000*9DCE\r\n", 4096) = 53
1787728226.902487 read(11, "", 4096)    = 0
1787728227.017773 read(11, "@PS1,M,231529,17611738,586871,9504536,00000000*F739\r\n", 4096) = 53
1787728227.022477 read(11, "@PS1,M,231530,17611798,586986,9504545,00000000*21FE\r\n", 4096) = 53
1787728227.024467 read(11, "", 4096)    = 0
1787728227.199245 read(11, "@PS1,M,231531,17611978,586888,9504512,00000000*D2FB\r\n", 4096) = 53
1787728227.201755 read(11, "", 4096)    = 0
1787728227.345104 read(11, "@PS1,M,231532,17612038,586867,9504526,00000000*84D2\r\n@PS1,M,231533,17612098,586811,9504501,00000000*E50B\r\n", 4096) = 106
1787728227.351066 read(11, "", 4096)    = 0
1787728227.378446 read(11, "@PS1,M,231534,17612158,586793,9504513,00000000*E580\r\n", 4096) = 53
1787728227.381487 read(11, "", 4096)    = 0
1787728227.508472 read(11, "@PS1,M,231535,17612219,586960,9504517,00000000*9508\r\n@PS1,M,231536,17612279,586764,9504515,00000000*D65D\r\n", 4096) = 106
1787728227.513696 read(11, "", 4096)    = 0
1787728227.557635 read(11, "@PS1,M,231537,17612339,586825,9504491,00000000*4F98\r\n", 4096) = 53
1787728227.559848 read(11, "", 4096)    = 0
1787728227.737916 read(11, "@PS1,M,231538,17612520,586681,9504562,00000000*64D3\r\n", 4096) = 53
1787728227.740207 read(11, "", 4096)    = 0
1787728227.884848 read(11, "@PS1,M,231539,17612580,586716,9504554,00000000*03BA\r\n@PS1,M,231540,17612640,586619,9504526,00000000*4566\r\n", 4096) = 106
1787728227.891094 read(11, "", 4096)    = 0
1787728227.917119 read(11, "@PS1,M,231541,17612700,586636,9504568,00000000*98F5\r\n", 4096) = 53
1787728227.919348 read(11, "", 4096)    = 0
1787728228.046518 read(11, "@PS1,M,231542,17612760,586455,9504580,00000000*63BB\r\n@PS1,M,231543,17612820,586391,9504585,00000000*CDB5\r\n", 4096) = 106
1787728228.051563 read(11, "", 4096)    = 0
1787728228.216428 read(11, "@PS1,M,231544,17613001,586379,9504619,00000000*B6A9\r\n", 4096) = 53
1787728228.219271 read(11, "", 4096)    = 0
1787728228.362730 read(11, "@PS1,M,231545,17613061,586416,9504636,00000000*6808\r\n@PS1,M,231546,17613121,586197,9504666,00000000*5298\r\n", 4096) = 106
1787728228.368367 read(11, "", 4096)    = 0
1787728228.395647 read(11, "@PS1,M,231547,17613181,586294,9504672,00000000*9E28\r\n", 4096) = 53
1787728228.398458 read(11, "", 4096)    = 0
1787728228.522910 read(11, "@PS1,M,231548,17613241,586275,9504662,00000000*1A9B\r\n@PS1,M,231549,17613301,586165,9504704,00000000*03EA\r\n", 4096) = 106
1787728228.528457 read(11, "", 4096)    = 0
1787728228.574954 read(11, "@PS1,M,231550,17613361,586170,9504706,00000000*8070\r\n", 4096) = 53
1787728228.578265 read(11, "", 4096)    = 0
1787728228.679930 --- SIGCHLD {si_signo=SIGCHLD, si_code=CLD_EXITED, si_pid=51723, si_uid=1000, si_status=0, si_utime=0, si_stime=0} ---
1787728228.754420 read(11, "@PS1,M,231551,17613542,586121,9504763,00000000*B08B\r\n", 4096) = 53
1787728228.756994 read(11, "", 4096)    = 0
1787728228.814079 read(11, "@PS1,M,231552,17613602,586096,9504742,00000000*4207\r\n", 4096) = 53
1787728228.816490 read(11, "", 4096)    = 0
1787728228.903743 read(11, "@PS1,M,231553,17613662,585966,9504795,00000000*7C6D\r\n", 4096) = 53
1787728228.906543 read(11, "", 4096)    = 0
1787728228.933833 read(11, "@PS1,M,231554,17613722,586012,9504792,00000000*2C26\r\n", 4096) = 53
1787728228.936578 read(11, "", 4096)    = 0
1787728229.050862 read(11, "@PS1,M,231555,17613782,585834,9504802,00000000*DD10\r\n", 4096) = 53
1787728229.055174 read(11, "@PS1,M,231556,17613842,585958,9504832,00000000*A2B6\r\n", 4096) = 53
1787728229.057625 read(11, "", 4096)    = 0
1787728229.232240 read(11, "@PS1,M,231557,17614022,585728,9504829,00000000*AAAB\r\n", 4096) = 53
1787728229.234739 read(11, "", 4096)    = 0
1787728229.378961 read(11, "@PS1,M,231558,17614082,585801,9504872,00000000*7EBA\r\n@PS1,M,231559,17614143,585726,9504863,00000000*CE40\r\n", 4096) = 106
1787728229.384988 read(11, "", 4096)    = 0
1787728229.412694 read(11, "@PS1,M,231560,17614203,585600,9504907,00000000*3206\r\n", 4096) = 53
1787728229.415210 read(11, "", 4096)    = 0
1787728229.540140 read(11, "@PS1,M,231561,17614263,585578,9504929,00000000*7BE4\r\n@PS1,M,231562,17614323,585727,9504966,00000000*B020\r\n", 4096) = 106
1787728229.549973 read(11, "", 4096)    = 0
1787728229.591884 read(11, "@PS1,M,231563,17614383,585693,9504929,00000000*7797\r\n", 4096) = 53
1787728229.594743 read(11, "", 4096)    = 0
1787728229.771366 read(11, "@PS1,M,231564,17614564,585510,9504964,00000000*D91B\r\n", 4096) = 53
1787728229.774008 read(11, "", 4096)    = 0
1787728229.918283 read(11, "@PS1,M,231565,17614624,585395,9504981,00000000*575A\r\n@PS1,M,231566,17614684,585542,9505005,00000000*811E\r\n", 4096) = 106
1787728229.923939 read(11, "", 4096)    = 0
1787728229.950682 read(11, "@PS1,M,231567,17614744,585464,9505000,00000000*F10E\r\n", 4096) = 53
1787728229.953115 read(11, "", 4096)    = 0
1787728230.081247 read(11, "@PS1,M,231568,17614804,585436,9505054,00000000*A686\r\n@PS1,M,231569,17614864,585400,9505019,00000000*481E\r\n", 4096) = 106
1787728230.087075 read(11, "", 4096)    = 0
1787728230.249203 read(11, "@PS1,M,231570,17615044,585260,9505040,00000000*204F\r\n", 4096) = 53
1787728230.251484 read(11, "", 4096)    = 0
1787728230.395139 read(11, "@PS1,M,231571,17615104,585308,9505073,00000000*D123\r\n@PS1,M,231572,17615164,585446,9505061,00000000*8B06\r\n", 4096) = 106
1787728230.400874 read(11, "", 4096)    = 0
1787728230.429600 read(11, "@PS1,M,231573,17615225,585345,9505086,00000000*3B10\r\n", 4096) = 53
1787728230.431948 read(11, "", 4096)    = 0
1787728230.557555 read(11, "@PS1,M,231574,17615286,585427,9505054,00000000*034A\r\n@PS1,M,231575,17615346,585261,9505051,00000000*1F43\r\n", 4096) = 106
1787728230.562998 read(11, "", 4096)    = 0
1787728230.608888 read(11, "@PS1,M,231576,17615406,585370,9505062,00000000*8251\r\n", 4096) = 53
1787728230.611203 read(11, "", 4096)    = 0
1787728230.787673 read(11, "@PS1,M,231577,17615585,585352,9505082,00000000*F945\r\n", 4096) = 53
1787728230.790470 read(11, "", 4096)    = 0
1787728230.847345 read(11, "@PS1,M,231578,17615645,585423,9505103,00000000*AD39\r\n", 4096) = 53
1787728230.849571 read(11, "", 4096)    = 0
1787728230.937456 read(11, "@PS1,M,231579,17615706,585562,9505136,00000000*4C77\r\n", 4096) = 53
1787728230.941536 read(11, "", 4096)    = 0
1787728230.967003 read(11, "@PS1,M,231580,17615766,585381,9505069,00000000*9196\r\n", 4096) = 53
1787728230.969356 read(11, "", 4096)    = 0
1787728231.083885 read(11, "@PS1,M,231581,17615826,585550,9505140,00000000*901A\r\n", 4096) = 53
1787728231.086997 read(11, "@PS1,M,231582,17615886,585300,9505149,00000000*51BE\r\n", 4096) = 53
1787728231.090680 read(11, "", 4096)    = 0
1787728231.266059 read(11, "@PS1,M,231583,17616066,585456,9505080,00000000*2AD0\r\n", 4096) = 53
1787728231.268442 read(11, "", 4096)    = 0
1787728231.412982 read(11, "@PS1,M,231584,17616126,585426,9505117,00000000*15BF\r\n@PS1,M,231585,17616186,585492,9505114,00000000*5182\r\n", 4096) = 106
1787728231.418577 read(11, "", 4096)    = 0
1787728231.445300 read(11, "@PS1,M,231586,17616246,585622,9505094,00000000*50AE\r\n", 4096) = 53
1787728231.447840 read(11, "", 4096)    = 0
1787728231.618817 read(11, "@PS1,M,231587,17616308,585406,9505122,00000000*5530\r\n@PS1,M,231588,17616368,585586,9505099,00000000*4E29\r\n", 4096) = 106
1787728231.627275 read(11, "@PS1,M,231589,17616428,585492,9505089,00000000*EABA\r\n", 4096) = 53
1787728231.631228 read(11, "", 4096)    = 0
1787728231.805137 read(11, "@PS1,M,231590,17616608,585703,9505088,00000000*5DA9\r\n", 4096) = 53
1787728231.807367 read(11, "", 4096)    = 0
1787728231.952330 read(11, "@PS1,M,231591,17616668,585729,9505104,00000000*F31F\r\n@PS1,M,231592,17616728,585829,9505048,00000000*431D\r\n", 4096) = 106
1787728231.958044 read(11, "", 4096)    = 0
1787728231.984399 read(11, "@PS1,M,231593,17616788,585818,9505098,00000000*0DC7\r\n", 4096) = 53
1787728231.986607 read(11, "", 4096)    = 0
1787728232.115380 read(11, "@PS1,M,231594,17616848,585830,9505106,00000000*9700\r\n@PS1,M,231595,17616908,585919,9505068,00000000*DC02\r\n", 4096) = 106
1787728232.120919 read(11, "", 4096)    = 0
1787728232.283153 read(11, "@PS1,M,231596,17617089,585944,9505072,00000000*AFE6\r\n", 4096) = 53
1787728232.285487 read(11, "", 4096)    = 0
1787728232.430191 read(11, "@PS1,M,231597,17617149,585937,9505019,00000000*B4D3\r\n@PS1,M,231598,17617209,585842,9505007,00000000*B10C\r\n", 4096) = 106
1787728232.435843 read(11, "", 4096)    = 0
1787728232.462333 read(11, "@PS1,M,231599,17617269,585953,9505036,00000000*F82E\r\n", 4096) = 53
1787728232.465525 read(11, "", 4096)    = 0
1787728232.593165 read(11, "@PS1,M,231600,17617329,586036,9505014,00000000*28A4\r\n@PS1,M,231601,17617389,586065,9505044,00000000*D0B3\r\n", 4096) = 106
1787728232.598881 read(11, "", 4096)    = 0
1787728232.641603 read(11, "@PS1,M,231602,17617449,586094,9505023,00000000*1BBA\r\n", 4096) = 53
1787728232.643864 read(11, "", 4096)    = 0
1787728232.820943 read(11, "@PS1,M,231603,17617629,586101,9504975,00000000*A87D\r\n", 4096) = 53
1787728232.823271 read(11, "", 4096)    = 0
1787728232.968002 read(11, "@PS1,M,231604,17617690,586303,9504940,00000000*F233\r\n@PS1,M,231605,17617750,586182,9504955,00000000*C84B\r\n", 4096) = 106
1787728232.973518 read(11, "", 4096)    = 0
1787728233.001356 read(11, "@PS1,M,231606,17617810,586293,9504956,00000000*EDF5\r\n", 4096) = 53
1787728233.003543 read(11, "", 4096)    = 0
1787728233.118805 read(11, "@PS1,M,231607,17617871,586316,9504937,00000000*D6EB\r\n", 4096) = 53
1787728233.122657 read(11, "@PS1,M,231608,17617931,586376,9504916,00000000*3C89\r\n", 4096) = 53
1787728233.124803 read(11, "", 4096)    = 0
1787728233.299572 read(11, "@PS1,M,231609,17618110,586522,9504859,00000000*1228\r\n", 4096) = 53
1787728233.302517 read(11, "", 4096)    = 0
1787728233.447534 read(11, "@PS1,M,231610,17618171,586533,9504866,00000000*D460\r\n@PS1,M,231611,17618232,586604,9504871,00000000*3046\r\n", 4096) = 106
1787728233.452736 read(11, "", 4096)    = 0
1787728233.480021 read(11, "@PS1,M,231612,17618292,586541,9504808,00000000*E5A9\r\n", 4096) = 53
1787728233.482738 read(11, "", 4096)    = 0
1787728233.608480 read(11, "@PS1,M,231613,17618352,586615,9504837,00000000*D8B8\r\n@PS1,M,231614,17618412,586561,9504822,00000000*4980\r\n", 4096) = 106
1787728233.615719 read(11, "", 4096)    = 0
1787728233.645239 --- SIGCHLD {si_signo=SIGCHLD, si_code=CLD_EXITED, si_pid=51741, si_uid=1000, si_status=0, si_utime=0, si_stime=0} ---
1787728233.659162 read(11, "@PS1,M,231615,17618472,586576,9504809,00000000*797D\r\n", 4096) = 53
1787728233.661202 read(11, "", 4096)    = 0
1787728233.838941 read(11, "@PS1,M,231616,17618652,586743,9504728,00000000*6AF9\r\n", 4096) = 53
1787728233.841301 read(11, "", 4096)    = 0
1787728233.986670 read(11, "@PS1,M,231617,17618713,586554,9504687,00000000*259D\r\n@PS1,M,231618,17618773,586602,9504735,00000000*7636\r\n", 4096) = 106
1787728233.991924 read(11, "", 4096)    = 0
1787728234.018232 read(11, "@PS1,M,231619,17618833,586717,9504711,00000000*5C6B\r\n", 4096) = 53
1787728234.020962 read(11, "", 4096)    = 0
1787728234.137996 read(11, "@PS1,M,231620,17618893,586656,9504700,00000000*8962\r\n@PS1,M,231621,17618953,586703,9504673,00000000*9A68\r\n", 4096) = 106
1787728234.142990 read(11, "", 4096)    = 0
1787728234.317279 read(11, "@PS1,M,231622,17619133,586758,9504667,00000000*6AC6\r\n", 4096) = 53
1787728234.319545 read(11, "", 4096)    = 0
1787728234.464188 read(11, "@PS1,M,231623,17619193,586827,9504631,00000000*7919\r\n@PS1,M,231624,17619253,586781,9504632,00000000*B8EA\r\n", 4096) = 106
1787728234.469888 read(11, "", 4096)    = 0
1787728234.496510 read(11, "@PS1,M,231625,17619313,586828,9504602,00000000*D04A\r\n", 4096) = 53
1787728234.499794 read(11, "", 4096)    = 0
1787728234.614787 read(11, "@PS1,M,231626,17619373,586831,9504565,00000000*8AF1\r\n", 4096) = 53
1787728234.618636 read(11, "@PS1,M,231627,17619433,586821,9504591,00000000*1539\r\n", 4096) = 53
1787728234.620879 read(11, "", 4096)    = 0
1787728234.675753 read(11, "@PS1,M,231628,17619494,586790,9504556,00000000*2BF2\r\n", 4096) = 53
1787728234.677863 read(11, "", 4096)    = 0
1787728234.854782 read(11, "@PS1,M,231629,17619674,586859,9504527,00000000*DDB4\r\n", 4096) = 53
1787728234.857676 read(11, "", 4096)    = 0
1787728235.002405 read(11, "@PS1,M,231630,17619735,586929,9504522,00000000*8BC0\r\n@PS1,M,231631,17619795,586818,9504552,00000000*F294\r\n", 4096) = 106
1787728235.007521 read(11, "", 4096)    = 0
1787728235.035246 read(11, "@PS1,M,231632,17619855,586849,9504515,00000000*0E3F\r\n", 4096) = 53
1787728235.037370 read(11, "", 4096)    = 0
1787728235.164016 read(11, "@PS1,M,231633,17619915,586859,9504528,00000000*3864\r\n@PS1,M,231634,17619975,586801,9504542,00000000*0783\r\n", 4096) = 106
1787728235.169265 read(11, "", 4096)    = 0
1787728235.333336 read(11, "@PS1,M,231635,17620155,586895,9504515,00000000*4219\r\n", 4096) = 53
1787728235.335689 read(11, "", 4096)    = 0
1787728235.392957 read(11, "@PS1,M,231636,17620215,586702,9504535,00000000*73DC\r\n", 4096) = 53
1787728235.395502 read(11, "", 4096)    = 0
1787728235.495305 read(11, "@PS1,M,231637,17620276,586805,9504502,00000000*5975\r\n", 4096) = 53
1787728235.498421 read(11, "", 4096)    = 0
1787728235.513751 read(11, "@PS1,M,231638,17620336,586782,9504512,00000000*15E3\r\n", 4096) = 53
1787728235.516971 read(11, "", 4096)    = 0
1787728235.643797 read(11, "@PS1,M,231639,17620396,586711,9504532,00000000*1C68\r\n@PS1,M,231640,17620456,586765,9504529,00000000*2567\r\n", 4096) = 106
1787728235.649341 read(11, "", 4096)    = 0
1787728235.693006 read(11, "@PS1,M,231641,17620516,586793,9504537,00000000*769A\r\n", 4096) = 53
1787728235.695164 read(11, "", 4096)    = 0
1787728235.871873 read(11, "@PS1,M,231642,17620696,586731,9504533,00000000*AF84\r\n", 4096) = 53
1787728235.874146 read(11, "", 4096)    = 0
1787728236.019412 read(11, "@PS1,M,231643,17620756,586684,9504546,00000000*B87A\r\n@PS1,M,231644,17620816,586649,9504562,00000000*2878\r\n", 4096) = 106
1787728236.025081 read(11, "", 4096)    = 0
1787728236.051293 read(11, "@PS1,M,231645,17620876,586655,9504577,00000000*A896\r\n", 4096) = 53
1787728236.053668 read(11, "", 4096)    = 0
1787728236.181759 read(11, "@PS1,M,231646,17620936,586502,9504564,00000000*C9FE\r\n@PS1,M,231647,17620996,586690,9504583,00000000*81A2\r\n", 4096) = 106
1787728236.187638 read(11, "", 4096)    = 0
1787728236.350517 read(11, "@PS1,M,231648,17621177,586372,9504609,00000000*B0DC\r\n", 4096) = 53
1787728236.352722 read(11, "", 4096)    = 0
1787728236.497173 read(11, "@PS1,M,231649,17621237,586479,9504626,00000000*0D93\r\n@PS1,M,231650,17621297,586274,9504636,00000000*B87B\r\n", 4096) = 106
1787728236.502875 read(11, "", 4096)    = 0
1787728236.529781 read(11, "@PS1,M,231651,17621357,586246,9504666,00000000*981E\r\n", 4096) = 53
1787728236.532251 read(11, "", 4096)    = 0
1787728236.683052 read(11, "@PS1,M,231652,17621417,586254,9504645,00000000*E884\r\n@PS1,M,231653,17621477,586088,9504671,00000000*14DB\r\n", 4096) = 106
1787728236.690797 read(11, "", 4096)    = 0
1787728236.710739 read(11, "@PS1,M,231654,17621538,586151,9504653,00000000*FDC6\r\n", 4096) = 53
1787728236.715443 read(11, "", 4096)    = 0
1787728236.889467 read(11, "@PS1,M,231655,17621719,585960,9504678,00000000*4CFC\r\n", 4096) = 53
1787728236.891721 read(11, "", 4096)    = 0
1787728237.036748 read(11, "@PS1,M,231656,17621779,586037,9504719,00000000*3CB7\r\n@PS1,M,231657,17621839,586005,9504757,00000000*1AA6\r\n", 4096) = 106
1787728237.042038 read(11, "", 4096)    = 0
1787728237.068710 read(11, "@PS1,M,231658,17621899,585933,9504774,00000000*A175\r\n", 4096) = 53
1787728237.070939 read(11, "", 4096)    = 0
1787728237.198969 read(11, "@PS1,M,231659,17621959,585897,9504795,00000000*4F57\r\n@PS1,M,231660,17622019,585855,9504809,00000000*3F95\r\n", 4096) = 106
1787728237.204374 read(11, "", 4096)    = 0
1787728237.367238 read(11, "@PS1,M,231661,17622199,585780,9504859,00000000*3F7D\r\n", 4096) = 53
1787728237.369838 read(11, "", 4096)    = 0
1787728237.514677 read(11, "@PS1,M,231662,17622259,585685,9504851,00000000*699C\r\n@PS1,M,231663,17622319,585756,9504886,00000000*759C\r\n", 4096) = 106
1787728237.519760 read(11, "", 4096)    = 0
1787728237.546464 read(11, "@PS1,M,231664,17622379,585604,9504833,00000000*03D5\r\n", 4096) = 53
1787728237.549425 read(11, "", 4096)    = 0
1787728237.665214 read(11, "@PS1,M,231665,17622440,585703,9504929,00000000*D38D\r\n", 4096) = 53
1787728237.669145 read(11, "@PS1,M,231666,17622500,585596,9504916,00000000*E8F9\r\n", 4096) = 53
1787728237.671292 read(11, "", 4096)    = 0
1787728237.726790 read(11, "@PS1,M,231667,17622560,585556,9504933,00000000*171B\r\n", 4096) = 53
1787728237.728785 read(11, "", 4096)    = 0
1787728237.906320 read(11, "@PS1,M,231668,17622741,585574,9504987,00000000*5EA9\r\n", 4096) = 53
1787728237.908759 read(11, "", 4096)    = 0
1787728238.053552 read(11, "@PS1,M,231669,17622801,585542,9504977,00000000*6B9F\r\n@PS1,M,231670,17622861,585384,9504978,00000000*DBD8\r\n", 4096) = 106
1787728238.058879 read(11, "", 4096)    = 0
1787728238.085599 read(11, "@PS1,M,231671,17622921,585334,9504993,00000000*899D\r\n", 4096) = 53
1787728238.087740 read(11, "", 4096)    = 0
1787728238.215901 read(11, "@PS1,M,231672,17622981,585296,9505006,00000000*5A45\r\n@PS1,M,231673,17623041,585508,9505027,00000000*068C\r\n", 4096) = 106
1787728238.220998 read(11, "", 4096)    = 0
1787728238.384993 read(11, "@PS1,M,231674,17623222,585402,9505044,00000000*AB85\r\n", 4096) = 53
1787728238.387781 read(11, "", 4096)    = 0
1787728238.532055 read(11, "@PS1,M,231675,17623282,585298,9505079,00000000*4E88\r\n@PS1,M,231676,17623342,585258,9505039,00000000*C4AD\r\n", 4096) = 106
1787728238.537085 read(11, "", 4096)    = 0
1787728238.564254 read(11, "@PS1,M,231677,17623402,585139,9505061,00000000*2ADD\r\n", 4096) = 53
1787728238.567369 read(11, "", 4096)    = 0
1787728238.694739 --- SIGCHLD {si_signo=SIGCHLD, si_code=CLD_EXITED, si_pid=51759, si_uid=1000, si_status=0, si_utime=0, si_stime=0} ---
1787728238.706346 read(11, "@PS1,M,231678,17623462,585267,9505105,00000000*D026\r\n@PS1,M,231679,17623522,585298,9505102,00000000*7FC2\r\n", 4096) = 106
1787728238.712026 read(11, "", 4096)    = 0
1787728238.743427 read(11, "@PS1,M,231680,17623582,585299,9505111,00000000*8CD3\r\n", 4096) = 53
1787728238.745742 read(11, "", 4096)    = 0
1787728238.923095 read(11, "@PS1,M,231681,17623763,585112,9505124,00000000*107A\r\n", 4096) = 53
1787728238.925424 read(11, "", 4096)    = 0
1787728239.070335 read(11, "@PS1,M,231682,17623823,585163,9505122,00000000*4D61\r\n@PS1,M,231683,17623883,585105,9505134,00000000*E518\r\n", 4096) = 106
1787728239.075417 read(11, "", 4096)    = 0
1787728239.102433 read(11, "@PS1,M,231684,17623943,585215,9505147,00000000*AE35\r\n", 4096) = 53
1787728239.105289 read(11, "", 4096)    = 0
1787728239.221219 read(11, "@PS1,M,231685,17624003,585260,9505146,00000000*B7A0\r\n", 4096) = 53
1787728239.225093 read(11, "@PS1,M,231686,17624063,585161,9505149,00000000*229E\r\n", 4096) = 53
1787728239.227281 read(11, "", 4096)    = 0
1787728239.401487 read(11, "@PS1,M,231687,17624244,585207,9505141,00000000*E4C3\r\n", 4096) = 53
1787728239.403946 read(11, "", 4096)    = 0
1787728239.548280 read(11, "@PS1,M,231688,17624304,585384,9505134,00000000*6B65\r\n@PS1,M,231689,17624364,585247,9505118,00000000*8448\r\n", 4096) = 106
1787728239.554100 read(11, "", 4096)    = 0
1787728239.580833 read(11, "@PS1,M,231690,17624424,585299,9505142,00000000*CF7A\r\n", 4096) = 53
1787728239.583361 read(11, "", 4096)    = 0
1787728239.710745 read(11, "@PS1,M,231691,17624484,585225,9505163,00000000*0411\r\n@PS1,M,231692,17624544,585356,9505149,00000000*3CFE\r\n", 4096) = 106
1787728239.715818 read(11, "", 4096)    = 0
1787728239.759992 read(11, "@PS1,M,231693,17624604,585503,9505144,00000000*ADB0\r\n", 4096) = 53
1787728239.762169 read(11, "", 4096)    = 0
1787728239.939083 read(11, "@PS1,M,231694,17624784,585597,9505120,00000000*8DA4\r\n", 4096) = 53
1787728239.941749 read(11, "", 4096)    = 0
1787728240.084744 read(11, "@PS1,M,231695,17624844,585461,9505147,00000000*0090\r\n@PS1,M,231696,17624906,585528,9505117,00000000*4EEA\r\n", 4096) = 106
1787728240.090050 read(11, "", 4096)    = 0
1787728240.119464 read(11, "@PS1,M,231697,17624966,585480,9505162,00000000*18DA\r\n", 4096) = 53
1787728240.121582 read(11, "", 4096)    = 0
1787728240.235380 read(11, "@PS1,M,231698,17625026,585522,9505112,00000000*8686\r\n", 4096) = 53
1787728240.239213 read(11, "@PS1,M,231699,17625086,585598,9505125,00000000*E6FF\r\n", 4096) = 53
1787728240.241835 read(11, "", 4096)    = 0
1787728240.418255 read(11, "@PS1,M,231700,17625266,585595,9505083,00000000*DF83\r\n", 4096) = 53
1787728240.420740 read(11, "", 4096)    = 0
1787728240.565818 read(11, "@PS1,M,231701,17625326,585745,9505095,00000000*01A8\r\n@PS1,M,231702,17625386,585837,9505076,00000000*D3E1\r\n", 4096) = 106
1787728240.570938 read(11, "", 4096)    = 0
1787728240.597552 read(11, "@PS1,M,231703,17625446,585775,9505092,00000000*F42E\r\n", 4096) = 53
1787728240.600172 read(11, "", 4096)    = 0
1787728240.727359 read(11, "@PS1,M,231704,17625506,585802,9505041,00000000*F133\r\n@PS1,M,231705,17625566,585860,9505055,00000000*D50C\r\n", 4096) = 106
1787728240.732757 read(11, "", 4096)    = 0
1787728240.776844 read(11, "@PS1,M,231706,17625626,586045,9505040,00000000*AA1C\r\n", 4096) = 53
1787728240.778896 read(11, "", 4096)    = 0
1787728240.956308 read(11, "@PS1,M,231707,17625807,586136,9505069,00000000*6569\r\n", 4096) = 53
1787728240.958575 read(11, "", 4096)    = 0
1787728241.103091 read(11, "@PS1,M,231708,17625867,586128,9505032,00000000*A466\r\n@PS1,M,231709,17625927,586207,9504992,00000000*1010\r\n", 4096) = 106
1787728241.108962 read(11, "", 4096)    = 0
1787728241.135561 read(11, "@PS1,M,231710,17625987,586188,9505026,00000000*D44C\r\n", 4096) = 53
1787728241.137817 read(11, "", 4096)    = 0
1787728241.265431 read(11, "@PS1,M,231711,17626047,586311,9504974,00000000*17CB\r\n@PS1,M,231712,17626107,586218,9504971,00000000*D1B8\r\n", 4096) = 106
1787728241.274937 read(11, "", 4096)    = 0
1787728241.435096 read(11, "@PS1,M,231713,17626288,586283,9504910,00000000*A5D8\r\n", 4096) = 53
1787728241.437389 read(11, "", 4096)    = 0
1787728241.582154 read(11, "@PS1,M,231714,17626348,586332,9504915,00000000*1381\r\n@PS1,M,231715,17626408,586518,9504925,00000000*1C33\r\n", 4096) = 106
1787728241.587707 read(11, "", 4096)    = 0
1787728241.614370 read(11, "@PS1,M,231716,17626468,586475,9504899,00000000*6F6D\r\n", 4096) = 53
1787728241.617165 read(11, "", 4096)    = 0
1787728241.757846 read(11, "@PS1,M,231717,17626528,586591,9504867,00000000*7405\r\n@PS1,M,231718,17626588,586551,9504852,00000000*28D4\r\n", 4096) = 106
1787728241.766141 read(11, "", 4096)    = 0
1787728241.793729 read(11, "@PS1,M,231719,17626648,586689,9504850,00000000*5E3E\r\n", 4096) = 53
1787728241.798191 read(11, "", 4096)    = 0
1787728241.973602 read(11, "@PS1,M,231720,17626829,586633,9504804,00000000*4534\r\n", 4096) = 53
1787728241.977358 read(11, "", 4096)    = 0
1787728242.033089 read(11, "@PS1,M,231721,17626889,586757,9504784,00000000*3226\r\n", 4096) = 53
1787728242.035234 read(11, "", 4096)    = 0
1787728242.123872 read(11, "@PS1,M,231722,17626949,586694,9504776,00000000*893C\r\n", 4096) = 53
1787728242.127454 read(11, "", 4096)    = 0
1787728242.152703 read(11, "@PS1,M,231723,17627009,586639,9504749,00000000*FD8E\r\n", 4096) = 53
1787728242.155135 read(11, "", 4096)    = 0
1787728242.268248 read(11, "@PS1,M,231724,17627069,586819,9504782,00000000*6472\r\n", 4096) = 53
1787728242.272475 read(11, "@PS1,M,231725,17627129,586836,9504762,00000000*8228\r\n", 4096) = 53
1787728242.274638 read(11, "", 4096)    = 0
1787728242.451926 read(11, "@PS1,M,231726,17627310,586806,9504726,00000000*3E0C\r\n", 4096) = 53
1787728242.454423 read(11, "", 4096)    = 0
1787728242.599111 read(11, "@PS1,M,231727,17627370,586844,9504703,00000000*A193\r\n@PS1,M,231728,17627430,586998,9504677,00000000*AAEB\r\n", 4096) = 106
1787728242.604074 read(11, "", 4096)    = 0
1787728242.631174 read(11, "@PS1,M,231729,17627490,586949,9504639,00000000*D33C\r\n", 4096) = 53
1787728242.633971 read(11, "", 4096)    = 0
1787728242.749372 read(11, "@PS1,M,231730,17627550,586974,9504650,00000000*698E\r\n", 4096) = 53
1787728242.753266 read(11, "@PS1,M,231731,17627610,587020,9504612,00000000*EF51\r\n", 4096) = 53
1787728242.755768 read(11, "", 4096)    = 0
1787728242.810429 read(11, "@PS1,M,231732,17627670,586857,9504657,00000000*B388\r\n", 4096) = 53
1787728242.812427 read(11, "", 4096)    = 0
1787728242.990465 read(11, "@PS1,M,231733,17627851,586991,9504584,00000000*8438\r\n", 4096) = 53
1787728242.992446 read(11, "", 4096)    = 0
1787728243.049367 read(11, "@PS1,M,231734,17627911,587025,9504544,00000000*58AC\r\n", 4096) = 53
1787728243.051899 read(11, "", 4096)    = 0
1787728243.140378 read(11, "@PS1,M,231735,17627972,587032,9504582,00000000*7DCC\r\n", 4096) = 53
1787728243.143959 read(11, "", 4096)    = 0
1787728243.170154 read(11, "@PS1,M,231736,17628032,586890,9504552,00000000*A2D2\r\n", 4096) = 53
1787728243.172344 read(11, "", 4096)    = 0
1787728243.288985 read(11, "@PS1,M,231737,17628092,586890,9504508,00000000*5876\r\n", 4096) = 53
1787728243.292551 read(11, "@PS1,M,231738,17628152,586965,9504542,00000000*F0CD\r\n", 4096) = 53
1787728243.294841 read(11, "", 4096)    = 0
1787728243.469219 read(11, "@PS1,M,231739,17628332,586981,9504526,00000000*4759\r\n", 4096) = 53
1787728243.471787 read(11, "", 4096)    = 0
1787728243.623392 read(11, "@PS1,M,231740,17628393,586855,9504522,00000000*0F9F\r\n@PS1,M,231741,17628453,586906,9504545,00000000*152C\r\n", 4096) = 106
1787728243.629733 read(11, "", 4096)    = 0
1787728243.643052 --- SIGCHLD {si_signo=SIGCHLD, si_code=CLD_EXITED, si_pid=51777, si_uid=1000, si_status=0, si_utime=0, si_stime=0} ---
1787728243.648520 read(11, "@PS1,M,231742,17628513,586781,9504516,00000000*7DFB\r\n", 4096) = 53
1787728243.651479 read(11, "", 4096)    = 0
1787728243.787780 read(11, "@PS1,M,231743,17628573,586826,9504546,00000000*48A1\r\n@PS1,M,231744,17628633,586724,9504514,00000000*9032\r\n", 4096) = 106
1787728243.792724 read(11, "", 4096)    = 0
1787728243.827763 read(11, "@PS1,M,231745,17628693,586816,9504510,00000000*6D8F\r\n", 4096) = 53
1787728243.829896 read(11, "", 4096)    = 0
1787728244.006814 read(11, "@PS1,M,231746,17628873,586729,9504518,00000000*EB7C\r\n", 4096) = 53
1787728244.009154 read(11, "", 4096)    = 0
1787728244.153110 read(11, "@PS1,M,231747,17628933,586704,9504557,00000000*A9E9\r\n@PS1,M,231748,17628993,586573,9504566,00000000*2180\r\n", 4096) = 106
1787728244.158407 read(11, "", 4096)    = 0
1787728244.186013 read(11, "@PS1,M,231749,17629053,586724,9504533,00000000*C3C1\r\n", 4096) = 53
1787728244.188402 read(11, "", 4096)    = 0
1787728244.303002 read(11, "@PS1,M,231750,17629113,586530,9504560,00000000*60C2\r\n", 4096) = 53
1787728244.307018 read(11, "@PS1,M,231751,17629173,586542,9504567,00000000*F364\r\n", 4096) = 53
1787728244.309217 read(11, "", 4096)    = 0
1787728244.485248 read(11, "@PS1,M,231752,17629354,586521,9504587,00000000*5A20\r\n", 4096) = 53
1787728244.487653 read(11, "", 4096)    = 0
1787728244.632210 read(11, "@PS1,M,231753,17629414,586549,9504602,00000000*4DFF\r\n@PS1,M,231754,17629474,586294,9504629,00000000*54AB\r\n", 4096) = 106
1787728244.638326 read(11, "", 4096)    = 0
1787728244.664542 read(11, "@PS1,M,231755,17629534,586389,9504621,00000000*1C30\r\n", 4096) = 53
1787728244.666944 read(11, "", 4096)    = 0
1787728244.794664 read(11, "@PS1,M,231756,17629594,586332,9504655,00000000*449B\r\n@PS1,M,231757,17629654,586255,9504633,00000000*E652\r\n", 4096) = 106
1787728244.799736 read(11, "", 4096)    = 0
1787728244.844974 read(11, "@PS1,M,231758,17629715,586238,9504655,00000000*F5C0\r\n", 4096) = 53
1787728244.847181 read(11, "", 4096)    = 0
1787728245.023512 read(11, "@PS1,M,231759,17629895,586131,9504688,00000000*677A\r\n", 4096) = 53
1787728245.026401 read(11, "", 4096)    = 0
1787728245.083194 read(11, "@PS1,M,231760,17629955,586113,9504727,00000000*4F04\r\n", 4096) = 53
1787728245.085555 read(11, "", 4096)    = 0
1787728245.173210 read(11, "@PS1,M,231761,17630015,586194,9504752,00000000*9764\r\n", 4096) = 53
1787728245.176698 read(11, "", 4096)    = 0
1787728245.202769 read(11, "@PS1,M,231762,17630075,585996,9504729,00000000*0BF7\r\n", 4096) = 53
1787728245.204978 read(11, "", 4096)    = 0
1787728245.320692 read(11, "@PS1,M,231763,17630135,586054,9504774,00000000*DC14\r\n", 4096) = 53
1787728245.325021 read(11, "@PS1,M,231764,17630196,586073,9504809,00000000*63B1\r\n", 4096) = 53
1787728245.327414 read(11, "", 4096)    = 0
1787728245.502118 read(11, "@PS1,M,231765,17630376,585786,9504830,00000000*2EB1\r\n", 4096) = 53
1787728245.504889 read(11, "", 4096)    = 0
1787728245.561812 read(11, "@PS1,M,231766,17630436,585696,9504862,00000000*DD23\r\n", 4096) = 53
1787728245.564058 read(11, "", 4096)    = 0
1787728245.650901 read(11, "@PS1,M,231767,17630496,585633,9504848,00000000*328D\r\n", 4096) = 53
1787728245.654697 read(11, "", 4096)    = 0
1787728245.681367 read(11, "@PS1,M,231768,17630556,585693,9504876,00000000*BD9B\r\n", 4096) = 53
1787728245.684209 read(11, "", 4096)    = 0
1787728245.797795 read(11, "@PS1,M,231769,17630616,585621,9504878,00000000*A45B\r\n", 4096) = 53
1787728245.801979 read(11, "@PS1,M,231770,17630677,585700,9504868,00000000*D3A2\r\n", 4096) = 53
1787728245.803986 read(11, "", 4096)    = 0
1787728245.861757 read(11, "@PS1,M,231771,17630737,585539,9504915,00000000*71EC\r\n", 4096) = 53
1787728245.863791 read(11, "", 4096)    = 0
1787728246.040689 read(11, "@PS1,M,231772,17630917,585550,9504938,00000000*94F3\r\n", 4096) = 53
1787728246.042904 read(11, "", 4096)    = 0
1787728246.186254 read(11, "@PS1,M,231773,17630977,585401,9504991,00000000*A542\r\n@PS1,M,231774,17631037,585285,9504993,00000000*4967\r\n", 4096) = 106
1787728246.191814 read(11, "", 4096)    = 0
1787728246.219963 read(11, "@PS1,M,231775,17631097,585420,9505014,00000000*CCDB\r\n", 4096) = 53
1787728246.222117 read(11, "", 4096)    = 0
1787728246.347220 read(11, "@PS1,M,231776,17631157,585341,9504994,00000000*AC80\r\n@PS1,M,231777,17631217,585357,9505015,00000000*D047\r\n", 4096) = 106
1787728246.352337 read(11, "", 4096)    = 0
1787728246.519434 read(11, "@PS1,M,231778,17631398,585344,9505057,00000000*27D7\r\n", 4096) = 53
1787728246.522200 read(11, "", 4096)    = 0
1787728246.579100 read(11, "@PS1,M,231779,17631458,585195,9505055,00000000*3048\r\n", 4096) = 53
1787728246.581666 read(11, "", 4096)    = 0
1787728246.668154 read(11, "@PS1,M,231780,17631518,585252,9505070,00000000*B1E2\r\n", 4096) = 53
1787728246.671798 read(11, "", 4096)    = 0
1787728246.698704 read(11, "@PS1,M,231781,17631578,585408,9505104,00000000*5999\r\n", 4096) = 53
1787728246.701692 read(11, "", 4096)    = 0
1787728246.814313 read(11, "@PS1,M,231782,17631638,585293,9505075,00000000*04A0\r\n", 4096) = 53
1787728246.818572 read(11, "@PS1,M,231783,17631698,585224,9505123,00000000*08E4\r\n", 4096) = 53
1787728246.820726 read(11, "", 4096)    = 0
1787728246.877954 read(11, "@PS1,M,231784,17631758,585218,9505132,00000000*9FB5\r\n", 4096) = 53
1787728246.880325 read(11, "", 4096)    = 0
1787728247.057594 read(11, "@PS1,M,231785,17631939,585220,9505096,00000000*6477\r\n", 4096) = 53
1787728247.059795 read(11, "", 4096)    = 0
1787728247.213504 read(11, "@PS1,M,231786,17631999,585266,9505105,00000000*2BF1\r\n@PS1,M,231787,17632059,585264,9505122,00000000*8A5F\r\n", 4096) = 106
1787728247.217328 read(11, "", 4096)    = 0
1787728247.236934 read(11, "@PS1,M,231788,17632119,585233,9505096,00000000*592A\r\n", 4096) = 53
1787728247.239235 read(11, "", 4096)    = 0
1787728247.362146 read(11, "@PS1,M,231789,17632179,585298,9505138,00000000*E9AA\r\n@PS1,M,231790,17632239,585220,9505149,00000000*48D3\r\n", 4096) = 106
1787728247.367578 read(11, "", 4096)    = 0
1787728247.536199 read(11, "@PS1,M,231791,17632420,585196,9505144,00000000*7BA1\r\n", 4096) = 53
1787728247.539467 read(11, "", 4096)    = 0
1787728247.595829 read(11, "@PS1,M,231792,17632480,585292,9505134,00000000*336E\r\n", 4096) = 53
1787728247.598011 read(11, "", 4096)    = 0
1787728247.685125 read(11, "@PS1,M,231793,17632540,585379,9505135,00000000*C793\r\n", 4096) = 53
1787728247.688705 read(11, "", 4096)    = 0
1787728247.715473 read(11, "@PS1,M,231794,17632600,585435,9505117,00000000*3290\r\n", 4096) = 53
1787728247.718565 read(11, "", 4096)    = 0
1787728247.827843 read(11, "@PS1,M,231795,17632660,585200,9505147,00000000*31A2\r\n", 4096) = 53
1787728247.831723 read(11, "", 4096)    = 0
1787728247.845885 read(11, "@PS1,M,231796,17632720,585469,9505157,00000000*81F1\r\n", 4096) = 53
1787728247.848141 read(11, "", 4096)    = 0
1787728247.974501 read(11, "@PS1,M,231797,17632780,585380,9505139,00000000*53E3\r\n", 4096) = 53
1787728247.978332 read(11, "", 4096)    = 0
1787728248.121573 read(11, "@PS1,M,231798,17632961,585516,9505113,00000000*AA92\r\n", 4096) = 53
1787728248.125485 read(11, "", 4096)    = 0
1787728248.139458 read(11, "@PS1,M,231799,17633021,585400,9505146,00000000*9D85\r\n", 4096) = 53
1787728248.142157 read(11, "", 4096)    = 0
1787728248.268629 read(11, "@PS1,M,231800,17633081,585592,9505126,00000000*4B77\r\n@PS1,M,231801,17633141,585575,9505127,00000000*8BF1\r\n", 4096) = 106
1787728248.273807 read(11, "", 4096)    = 0
1787728248.313311 read(11, "@PS1,M,231802,17633201,585564,9505127,00000000*BFFD\r\n", 4096) = 53
1787728248.315353 read(11, "", 4096)    = 0
1787728248.417090 read(11, "@PS1,M,231803,17633261,585602,9505140,00000000*ADC2\r\n", 4096) = 53
1787728248.420864 read(11, "", 4096)    = 0
1787728248.563167 read(11, "@PS1,M,231804,17633442,585808,9505099,00000000*BCF5\r\n", 4096) = 53
1787728248.567381 read(11, "", 4096)    = 0
1787728248.613099 read(11, "@PS1,M,231805,17633502,585804,9505097,00000000*9C4C\r\n", 4096) = 53
1787728248.615613 read(11, "", 4096)    = 0
1787728248.719459 --- SIGCHLD {si_signo=SIGCHLD, si_code=CLD_EXITED, si_pid=51795, si_uid=1000, si_status=0, si_utime=0, si_stime=0} ---
1787728248.733023 read(11, "@PS1,M,231806,17633562,585870,9505089,00000000*DA22\r\n@PS1,M,231807,17633622,585834,9505106,00000000*A799\r\n", 4096) = 106
1787728248.738424 read(11, "", 4096)    = 0
1787728248.792219 read(11, "@PS1,M,231808,17633682,585950,9505103,00000000*7A87\r\n", 4096) = 53
1787728248.794534 read(11, "", 4096)    = 0
1787728248.883995 read(11, "@PS1,M,231809,17633742,585998,9505039,00000000*97AF\r\n", 4096) = 53
1787728248.887630 read(11, "", 4096)    = 0
1787728248.977792 read(11, "@PS1,M,231810,17633802,586013,9505065,00000000*74B5\r\n", 4096) = 53
1787728248.981638 read(11, "", 4096)    = 0
1787728249.124211 read(11, "@PS1,M,231811,17633983,586009,9505052,00000000*30DC\r\n", 4096) = 53
1787728249.128078 read(11, "", 4096)    = 0
1787728249.150898 read(11, "@PS1,M,231812,17634043,586146,9505044,00000000*B0A3\r\n", 4096) = 53
1787728249.153481 read(11, "", 4096)    = 0
1787728249.271356 read(11, "@PS1,M,231813,17634103,586232,9504995,00000000*2530\r\n@PS1,M,231814,17634163,586358,9504997,00000000*1698\r\n", 4096) = 106
1787728249.277021 read(11, "", 4096)    = 0
1787728249.330095 read(11, "@PS1,M,231815,17634223,586342,9504954,00000000*B9E4\r\n", 4096) = 53
1787728249.332322 read(11, "", 4096)    = 0
1787728249.431652 read(11, "@PS1,M,231816,17634283,586421,9504980,00000000*9C3A\r\n", 4096) = 53
1787728249.435595 read(11, "", 4096)    = 0
1787728249.577728 read(11, "@PS1,M,231817,17634464,586529,9504925,00000000*597F\r\n", 4096) = 53
1787728249.581611 read(11, "", 4096)    = 0
1787728249.629768 read(11, "@PS1,M,231818,17634524,586392,9504953,00000000*6C60\r\n", 4096) = 53
1787728249.632163 read(11, "", 4096)    = 0
1787728249.722131 read(11, "@PS1,M,231819,17634584,586528,9504914,00000000*980E\r\n", 4096) = 53
1787728249.726511 read(11, "", 4096)    = 0
1787728249.749333 read(11, "@PS1,M,231820,17634644,586638,9504904,00000000*C99A\r\n", 4096) = 53
1787728249.752619 read(11, "", 4096)    = 0
1787728249.869714 read(11, "@PS1,M,231821,17634704,586603,9504885,00000000*9CBC\r\n@PS1,M,231822,17634764,586669,9504849,00000000*004C\r\n", 4096) = 106
1787728249.875605 read(11, "", 4096)    = 0
1787728249.928539 read(11, "@PS1,M,231823,17634824,586675,9504849,00000000*137A\r\n", 4096) = 53
1787728249.930645 read(11, "", 4096)    = 0
1787728250.108222 read(11, "@PS1,M,231824,17635005,586769,9504803,00000000*5AF3\r\n", 4096) = 53
1787728250.110847 read(11, "", 4096)    = 0
1787728250.253350 read(11, "@PS1,M,231825,17635065,586860,9504802,00000000*4448\r\n@PS1,M,231826,17635125,586816,9504782,00000000*FF30\r\n", 4096) = 106
1787728250.258859 read(11, "", 4096)    = 0
1787728250.287491 read(11, "@PS1,M,231827,17635185,586826,9504780,00000000*B4D1\r\n", 4096) = 53
1787728250.289648 read(11, "", 4096)    = 0
1787728250.413651 read(11, "@PS1,M,231828,17635245,586928,9504769,00000000*DE68\r\n@PS1,M,231829,17635305,586894,9504790,00000000*BE95\r\n", 4096) = 106
1787728250.419292 read(11, "", 4096)    = 0
1787728250.587044 read(11, "@PS1,M,231830,17635486,586942,9504717,00000000*FE77\r\n", 4096) = 53
1787728250.589963 read(11, "", 4096)    = 0
1787728250.646685 read(11, "@PS1,M,231831,17635546,586867,9504705,00000000*4AA6\r\n", 4096) = 53
1787728250.648885 read(11, "", 4096)    = 0
1787728250.735222 read(11, "@PS1,M,231832,17635606,586947,9504660,00000000*F9D9\r\n", 4096) = 53
1787728250.738880 read(11, "", 4096)    = 0
1787728250.766261 read(11, "@PS1,M,231833,17635666,586910,9504668,00000000*9047\r\n", 4096) = 53
1787728250.768820 read(11, "", 4096)    = 0
1787728250.877717 read(11, "@PS1,M,231834,17635726,587015,9504671,00000000*5052\r\n", 4096) = 53
1787728250.881983 read(11, "", 4096)    = 0
1787728250.895677 read(11, "@PS1,M,231835,17635787,586965,9504646,00000000*F16E\r\n", 4096) = 53
1787728250.898221 read(11, "", 4096)    = 0
1787728251.024028 read(11, "@PS1,M,231836,17635847,587015,9504633,00000000*AA67\r\n", 4096) = 53
1787728251.028012 read(11, "", 4096)    = 0
1787728251.172197 read(11, "@PS1,M,231837,17636027,587004,9504628,00000000*2408\r\n", 4096) = 53
1787728251.176071 read(11, "", 4096)    = 0
1787728251.190184 read(11, "@PS1,M,231838,17636087,586955,9504611,00000000*7C4B\r\n", 4096) = 53
1787728251.192490 read(11, "", 4096)    = 0
1787728251.318739 read(11, "@PS1,M,231839,17636148,586916,9504588,00000000*8097\r\n@PS1,M,231840,17636208,587015,9504564,00000000*DF52\r\n", 4096) = 106
1787728251.324170 read(11, "", 4096)    = 0
1787728251.364425 read(11, "@PS1,M,231841,17636268,586983,9504596,00000000*DCD2\r\n", 4096) = 53
1787728251.366576 read(11, "", 4096)    = 0
1787728251.467471 read(11, "@PS1,M,231842,17636328,587079,9504582,00000000*6FB1\r\n", 4096) = 53
1787728251.471354 read(11, "", 4096)    = 0
1787728251.614216 read(11, "@PS1,M,231843,17636508,586835,9504541,00000000*A7BD\r\n", 4096) = 53
1787728251.618077 read(11, "", 4096)    = 0
1787728251.662895 read(11, "@PS1,M,231844,17636568,587113,9504553,00000000*6DC4\r\n", 4096) = 53
1787728251.665330 read(11, "", 4096)    = 0
1787728251.761711 read(11, "@PS1,M,231845,17636628,587007,9504507,00000000*60BD\r\n", 4096) = 53
1787728251.765590 read(11, "", 4096)    = 0
1787728251.783594 read(11, "@PS1,M,231846,17636689,587020,9504571,00000000*ECC1\r\n", 4096) = 53
1787728251.786774 read(11, "", 4096)    = 0
1787728251.908923 read(11, "@PS1,M,231847,17636749,586889,9504529,00000000*519C\r\n@PS1,M,231848,17636809,586961,9504509,00000000*543D\r\n", 4096) = 106
1787728251.914109 read(11, "", 4096)    = 0
1787728251.962850 read(11, "@PS1,M,231849,17636869,586878,9504553,00000000*E600\r\n", 4096) = 53
1787728251.965302 read(11, "", 4096)    = 0
1787728252.142230 read(11, "@PS1,M,231850,17637049,586850,9504544,00000000*E238\r\n", 4096) = 53
1787728252.146061 read(11, "", 4096)    = 0
1787728252.201824 read(11, "@PS1,M,231851,17637109,586781,9504517,00000000*01D3\r\n", 4096) = 53
1787728252.205432 read(11, "", 4096)    = 0
1787728252.344528 read(11, "@PS1,M,231852,17637169,586888,9504557,00000000*0901\r\n@PS1,M,231853,17637229,586763,9504592,00000000*BA72\r\n", 4096) = 106
1787728252.350754 read(11, "", 4096)    = 0
1787728252.381094 read(11, "@PS1,M,231854,17637289,586619,9504529,00000000*0AD4\r\n", 4096) = 53
1787728252.383700 read(11, "", 4096)    = 0
1787728252.486129 read(11, "@PS1,M,231855,17637349,586744,9504584,00000000*F9B0\r\n", 4096) = 53
1787728252.490056 read(11, "", 4096)    = 0
1787728252.634301 read(11, "@PS1,M,231856,17637530,586725,9504604,00000000*BC98\r\n", 4096) = 53
1787728252.638225 read(11, "", 4096)    = 0
1787728252.680369 read(11, "@PS1,M,231857,17637590,586581,9504572,00000000*A38E\r\n", 4096) = 53
1787728252.682911 read(11, "", 4096)    = 0
1787728252.793765 read(11, "@PS1,M,231858,17637650,586426,9504571,00000000*33F3\r\n", 4096) = 53
1787728252.796840 read(11, "", 4096)    = 0
1787728252.799799 read(11, "@PS1,M,231859,17637710,586423,9504616,00000000*C371\r\n", 4096) = 53
1787728252.801742 read(11, "", 4096)    = 0
1787728252.941477 read(11, "@PS1,M,231860,17637770,586472,9504607,00000000*5FBF\r\n@PS1,M,231861,17637830,586472,9504619,00000000*72E3\r\n", 4096) = 106
1787728252.946566 read(11, "", 4096)    = 0
1787728252.979138 read(11, "@PS1,M,231862,17637890,586405,9504618,00000000*186C\r\n", 4096) = 53
1787728252.981231 read(11, "", 4096)    = 0
1787728253.158742 read(11, "@PS1,M,231863,17638071,586340,9504691,00000000*0C38\r\n", 4096) = 53
1787728253.161024 read(11, "", 4096)    = 0
1787728253.303530 read(11, "@PS1,M,231864,17638131,586214,9504685,00000000*4A68\r\n@PS1,M,231865,17638191,586019,9504706,00000000*27A8\r\n", 4096) = 106
1787728253.310110 read(11, "", 4096)    = 0
1787728253.338040 read(11, "@PS1,M,231866,17638251,586132,9504745,00000000*861E\r\n", 4096) = 53
1787728253.340395 read(11, "", 4096)    = 0
1787728253.467097 read(11, "@PS1,M,231867,17638311,586032,9504707,00000000*24E5\r\n@PS1,M,231868,17638371,585985,9504727,00000000*EC9D\r\n", 4096) = 106
1787728253.472094 read(11, "", 4096)    = 0
1787728253.637421 read(11, "@PS1,M,231869,17638552,585844,9504816,00000000*902C\r\n", 4096) = 53
1787728253.640850 read(11, "", 4096)    = 0
1787728253.643106 --- SIGCHLD {si_signo=SIGCHLD, si_code=CLD_EXITED, si_pid=51813, si_uid=1000, si_status=0, si_utime=0, si_stime=0} ---
1787728253.697032 read(11, "@PS1,M,231870,17638612,586158,9504826,00000000*25E0\r\n", 4096) = 53
1787728253.699166 read(11, "", 4096)    = 0
1787728253.786464 read(11, "@PS1,M,231871,17638672,585807,9504845,00000000*5150\r\n", 4096) = 53
1787728253.790515 read(11, "", 4096)    = 0
1787728253.816625 read(11, "@PS1,M,231872,17638732,585780,9504824,00000000*AA44\r\n", 4096) = 53
1787728253.819282 read(11, "", 4096)    = 0
1787728253.929817 read(11, "@PS1,M,231873,17638792,585790,9504872,00000000*6981\r\n", 4096) = 53
1787728253.933716 read(11, "", 4096)    = 0
1787728253.936092 read(11, "@PS1,M,231874,17638852,585701,9504903,00000000*15ED\r\n", 4096) = 53
1787728253.938714 read(11, "", 4096)    = 0
1787728254.077487 read(11, "@PS1,M,231875,17638912,585804,9504893,00000000*41EC\r\n", 4096) = 53
1787728254.081393 read(11, "", 4096)    = 0
1787728254.223711 read(11, "@PS1,M,231876,17639093,585696,9504937,00000000*0B75\r\n", 4096) = 53
1787728254.227601 read(11, "", 4096)    = 0
1787728254.243552 read(11, "@PS1,M,231877,17639153,585579,9504929,00000000*EAB1\r\n", 4096) = 53
1787728254.246239 read(11, "", 4096)    = 0
1787728254.371196 read(11, "@PS1,M,231878,17639213,585548,9504954,00000000*225E\r\n@PS1,M,231879,17639273,585534,9504938,00000000*4A03\r\n", 4096) = 106
1787728254.377182 read(11, "", 4096)    = 0
1787728254.414711 read(11, "@PS1,M,231880,17639333,585490,9504988,00000000*FC0A\r\n", 4096) = 53
1787728254.416769 read(11, "", 4096)    = 0
1787728254.532410 read(11, "@PS1,M,231881,17639393,585548,9504976,00000000*6B44\r\n", 4096) = 53
1787728254.536639 read(11, "", 4096)    = 0
1787728254.680874 read(11, "@PS1,M,231882,17639574,585400,9505015,00000000*13BD\r\n", 4096) = 53
1787728254.685136 read(11, "", 4096)    = 0
1787728254.714528 read(11, "@PS1,M,231883,17639634,585426,9505041,00000000*A934\r\n", 4096) = 53
1787728254.716901 read(11, "", 4096)    = 0
1787728254.828357 read(11, "@PS1,M,231884,17639695,585259,9505031,00000000*DCE4\r\n", 4096) = 53
1787728254.832888 read(11, "", 4096)    = 0
1787728254.833922 read(11, "@PS1,M,231885,17639755,585350,9505053,00000000*EC5F\r\n", 4096) = 53
1787728254.836136 read(11, "", 4096)    = 0
1787728254.976306 read(11, "@PS1,M,231886,17639815,585308,9505101,00000000*3B4B\r\n@PS1,M,231887,17639875,585335,9505088,00000000*7947\r\n", 4096) = 106
1787728254.981515 read(11, "", 4096)    = 0
1787728255.013257 read(11, "@PS1,M,231888,17639935,585328,9505075,00000000*943D\r\n", 4096) = 53
1787728255.015829 read(11, "", 4096)    = 0
1787728255.192012 read(11, "@PS1,M,231889,17640114,585246,9505128,00000000*6EE2\r\n", 4096) = 53
1787728255.194914 read(11, "", 4096)    = 0
1787728255.251764 read(11, "@PS1,M,231890,17640175,585185,9505092,00000000*6389\r\n", 4096) = 53
1787728255.254294 read(11, "", 4096)    = 0
1787728255.341588 read(11, "@PS1,M,231891,17640236,585272,9505076,00000000*6572\r\n", 4096) = 53
1787728255.345105 read(11, "", 4096)    = 0
1787728255.372636 read(11, "@PS1,M,231892,17640296,585246,9505099,00000000*2D1E\r\n", 4096) = 53
1787728255.374878 read(11, "", 4096)    = 0
1787728255.488163 read(11, "@PS1,M,231893,17640356,585359,9505137,00000000*D49C\r\n", 4096) = 53
1787728255.492408 read(11, "@PS1,M,231894,17640416,585073,9505121,00000000*93E0\r\n", 4096) = 53
1787728255.495195 read(11, "", 4096)    = 0
1787728255.670597 read(11, "@PS1,M,231895,17640595,585270,9505147,00000000*0E8D\r\n", 4096) = 53
1787728255.673260 read(11, "", 4096)    = 0
1787728255.816299 read(11, "@PS1,M,231896,17640657,585306,9505146,00000000*CC67\r\n@PS1,M,231897,17640717,585215,9505139,00000000*4030\r\n", 4096) = 106
1787728255.821859 read(11, "", 4096)    = 0
1787728255.851020 read(11, "@PS1,M,231898,17640777,585405,9505156,00000000*18D1\r\n", 4096) = 53
1787728255.853523 read(11, "", 4096)    = 0
1787728255.977294 read(11, "@PS1,M,231899,17640837,585301,9505131,00000000*4180\r\n@PS1,M,231900,17640897,585326,9505151,00000000*EDC6\r\n", 4096) = 106
1787728255.982734 read(11, "", 4096)    = 0
1787728256.030298 read(11, "@PS1,M,231901,17640957,585403,9505152,00000000*53B1\r\n", 4096) = 53
1787728256.032687 read(11, "", 4096)    = 0
1787728256.210030 read(11, "@PS1,M,231902,17641138,585538,9505157,00000000*006F\r\n", 4096) = 53
1787728256.212518 read(11, "", 4096)    = 0
1787728256.355623 read(11, "@PS1,M,231903,17641198,585534,9505132,00000000*D548\r\n@PS1,M,231904,17641258,585436,9505142,00000000*405C\r\n", 4096) = 106
1787728256.362548 read(11, "", 4096)    = 0
1787728256.389367 read(11, "@PS1,M,231905,17641318,585578,9505114,00000000*2E4F\r\n", 4096) = 53
1787728256.391410 read(11, "", 4096)    = 0
1787728256.516451 read(11, "@PS1,M,231906,17641378,585523,9505151,00000000*B70E\r\n@PS1,M,231907,17641438,585675,9505152,00000000*A921\r\n", 4096) = 106
1787728256.522385 read(11, "", 4096)    = 0
1787728256.687886 read(11, "@PS1,M,231908,17641618,585665,9505124,00000000*0A27\r\n", 4096) = 53
1787728256.690433 read(11, "", 4096)    = 0
1787728256.747528 read(11, "@PS1,M,231909,17641678,585560,9505114,00000000*699E\r\n", 4096) = 53
1787728256.750435 read(11, "", 4096)    = 0
1787728256.836432 read(11, "@PS1,M,231910,17641738,585850,9505120,00000000*4E8B\r\n", 4096) = 53
1787728256.840135 read(11, "", 4096)    = 0
1787728256.867177 read(11, "@PS1,M,231911,17641798,585871,9505129,00000000*D0C0\r\n", 4096) = 53
1787728256.870237 read(11, "", 4096)    = 0
1787728256.982983 read(11, "@PS1,M,231912,17641858,585851,9505066,00000000*AF7B\r\n", 4096) = 53
1787728256.987584 read(11, "@PS1,M,231913,17641918,585988,9505064,00000000*5BA7\r\n", 4096) = 53
1787728256.989770 read(11, "", 4096)    = 0
1787728257.046435 read(11, "@PS1,M,231914,17641978,585914,9505065,00000000*46B6\r\n", 4096) = 53
1787728257.048907 read(11, "", 4096)    = 0
1787728257.226928 read(11, "@PS1,M,231915,17642160,586029,9505084,00000000*E46B\r\n", 4096) = 53
1787728257.229243 read(11, "", 4096)    = 0
1787728257.395016 read(11, "@PS1,M,231916,17642220,586004,9505098,00000000*9C98\r\n@PS1,M,231917,17642280,586040,9505062,00000000*DCB9\r\n", 4096) = 106
1787728257.404302 read(11, "", 4096)    = 0
1787728257.424871 read(11, "@PS1,M,231918,17642340,586199,9505046,00000000*11D5\r\n", 4096) = 53
1787728257.428683 read(11, "", 4096)    = 0
1787728257.465954 read(11, "@PS1,M,231919,17642400,586149,9505004,00000000*FFF7\r\n", 4096) = 53
1787728257.468418 read(11, "", 4096)    = 0
1787728257.567363 read(11, "@PS1,M,231920,17642460,586187,9505016,00000000*9D6D\r\n", 4096) = 53
1787728257.571185 read(11, "", 4096)    = 0
1787728257.715397 read(11, "@PS1,M,231921,17642640,586350,9505016,00000000*FEEA\r\n", 4096) = 53
1787728257.719370 read(11, "", 4096)    = 0
1787728257.764472 read(11, "@PS1,M,231922,17642700,586381,9504980,00000000*6CCD\r\n", 4096) = 53
1787728257.766647 read(11, "", 4096)    = 0
1787728257.863132 read(11, "@PS1,M,231923,17642760,586370,9504991,00000000*C4D1\r\n", 4096) = 53
1787728257.867029 read(11, "", 4096)    = 0
1787728257.884004 read(11, "@PS1,M,231924,17642820,586482,9504940,00000000*E633\r\n", 4096) = 53
1787728257.887827 read(11, "", 4096)    = 0
1787728258.010190 read(11, "@PS1,M,231925,17642880,586554,9504935,00000000*D9FC\r\n@PS1,M,231926,17642940,586410,9504903,00000000*5CF1\r\n", 4096) = 106
1787728258.015803 read(11, "", 4096)    = 0
1787728258.064423 read(11, "@PS1,M,231927,17643001,586477,9504901,00000000*443B\r\n", 4096) = 53
1787728258.066550 read(11, "", 4096)    = 0
1787728258.242731 read(11, "@PS1,M,231928,17643180,586672,9504879,00000000*6903\r\n", 4096) = 53
1787728258.245024 read(11, "", 4096)    = 0
1787728258.388211 read(11, "@PS1,M,231929,17643242,586751,9504854,00000000*52D9\r\n@PS1,M,231930,17643302,586660,9504831,00000000*08C3\r\n", 4096) = 106
1787728258.393747 read(11, "", 4096)    = 0
1787728258.423157 read(11, "@PS1,M,231931,17643362,586751,9504836,00000000*E6BB\r\n", 4096) = 53
1787728258.429654 read(11, "", 4096)    = 0
1787728258.549993 read(11, "@PS1,M,231932,17643422,586842,9504807,00000000*5573\r\n@PS1,M,231933,17643482,586769,9504819,00000000*3B07\r\n", 4096) = 106
1787728258.554953 read(11, "", 4096)    = 0
1787728258.702016 --- SIGCHLD {si_signo=SIGCHLD, si_code=CLD_EXITED, si_pid=51831, si_uid=1000, si_status=0, si_utime=0, si_stime=0} ---
1787728258.722273 read(11, "@PS1,M,231934,17643662,586927,9504753,00000000*7039\r\n", 4096) = 53
1787728258.725543 read(11, "", 4096)    = 0
1787728258.781870 read(11, "@PS1,M,231935,17643722,586774,9504759,00000000*6A1C\r\n", 4096) = 53
1787728258.784004 read(11, "", 4096)    = 0
1787728258.872145 read(11, "@PS1,M,231936,17643782,586957,9504757,00000000*3096\r\n", 4096) = 53
1787728258.875781 read(11, "", 4096)    = 0
1787728258.901450 read(11, "@PS1,M,231937,17643843,587101,9504726,00000000*323D\r\n", 4096) = 53
1787728258.903948 read(11, "", 4096)    = 0
1787728259.015305 read(11, "@PS1,M,231938,17643903,587094,9504717,00000000*9F12\r\n", 4096) = 53
1787728259.019584 read(11, "", 4096)    = 0
1787728259.020902 read(11, "@PS1,M,231939,17643963,587067,9504671,00000000*F17F\r\n", 4096) = 53
1787728259.023125 read(11, "", 4096)    = 0
1787728259.164334 read(11, "@PS1,M,231940,17644023,587082,9504703,00000000*B9CA\r\n", 4096) = 53
1787728259.168259 read(11, "", 4096)    = 0
1787728259.311798 read(11, "@PS1,M,231941,17644204,586934,9504609,00000000*A77F\r\n", 4096) = 53
1787728259.315703 read(11, "", 4096)    = 0
1787728259.329826 read(11, "@PS1,M,231942,17644264,587125,9504618,00000000*3B79\r\n", 4096) = 53
1787728259.331995 read(11, "", 4096)    = 0
1787728259.458879 read(11, "@PS1,M,231943,17644324,586996,9504594,00000000*E990\r\n@PS1,M,231944,17644384,587019,9504575,00000000*8601\r\n", 4096) = 106
1787728259.464435 read(11, "", 4096)    = 0
1787728259.499641 read(11, "@PS1,M,231945,17644444,587129,9504614,00000000*0EE0\r\n", 4096) = 53
1787728259.502584 read(11, "", 4096)    = 0
1787728259.607355 read(11, "@PS1,M,231946,17644504,587221,9504589,00000000*66D7\r\n", 4096) = 53
1787728259.611359 read(11, "", 4096)    = 0
1787728259.755400 read(11, "@PS1,M,231947,17644684,587101,9504531,00000000*9400\r\n", 4096) = 53
1787728259.759210 read(11, "", 4096)    = 0
1787728259.798887 read(11, "@PS1,M,231948,17644745,587002,9504525,00000000*6330\r\n", 4096) = 53
1787728259.801409 read(11, "", 4096)    = 0
1787728259.902875 read(11, "@PS1,M,231949,17644805,587155,9504550,00000000*177A\r\n", 4096) = 53
1787728259.907410 read(11, "", 4096)    = 0
1787728259.921011 read(11, "@PS1,M,231950,17644865,587027,9504562,00000000*CD7C\r\n", 4096) = 53
1787728259.923331 read(11, "", 4096)    = 0
1787728260.050875 read(11, "@PS1,M,231951,17644925,587035,9504548,00000000*CFD7\r\n@PS1,M,231952,17644985,587110,9504542,00000000*0D2C\r\n", 4096) = 106
1787728260.055865 read(11, "", 4096)    = 0
1787728260.097639 read(11, "@PS1,M,231953,17645045,587054,9504529,00000000*2EDB\r\n", 4096) = 53
1787728260.099695 read(11, "", 4096)    = 0
1787728260.276873 read(11, "@PS1,M,231954,17645225,586975,9504551,00000000*5B8E\r\n", 4096) = 53
1787728260.279444 read(11, "", 4096)    = 0
1787728260.422657 read(11, "@PS1,M,231955,17645285,586951,9504554,00000000*222D\r\n@PS1,M,231956,17645345,586827,9504537,00000000*6E1D\r\n", 4096) = 106
1787728260.427758 read(11, "", 4096)    = 0
1787728260.456101 read(11, "@PS1,M,231957,17645405,586948,9504525,00000000*DF06\r\n", 4096) = 53
1787728260.458183 read(11, "", 4096)    = 0
1787728260.571412 read(11, "@PS1,M,231958,17645465,586800,9504544,00000000*5165\r\n", 4096) = 53
1787728260.575299 read(11, "", 4096)    = 0
1787728260.577807 read(11, "@PS1,M,231959,17645525,586855,9504548,00000000*3808\r\n", 4096) = 53
1787728260.579884 read(11, "", 4096)    = 0
1787728260.755274 read(11, "@PS1,M,231960,17645706,586636,9504589,00000000*78C0\r\n", 4096) = 53
1787728260.757641 read(11, "", 4096)    = 0
1787728260.901494 read(11, "@PS1,M,231961,17645766,586752,9504556,00000000*61E5\r\n@PS1,M,231962,17645826,586702,9504568,00000000*5261\r\n", 4096) = 106
1787728260.907525 read(11, "", 4096)    = 0
1787728260.934481 read(11, "@PS1,M,231963,17645886,586772,9504594,00000000*E358\r\n", 4096) = 53
1787728260.936872 read(11, "", 4096)    = 0
1787728261.062055 read(11, "@PS1,M,231964,17645947,586643,9504617,00000000*5425\r\n@PS1,M,231965,17646007,586609,9504602,00000000*D926\r\n", 4096) = 106
1787728261.067502 read(11, "", 4096)    = 0
1787728261.114965 read(11, "@PS1,M,231966,17646067,586451,9504617,00000000*A27D\r\n", 4096) = 53
1787728261.116929 read(11, "", 4096)    = 0
1787728261.293532 read(11, "@PS1,M,231967,17646247,586537,9504626,00000000*9A9F\r\n", 4096) = 53
1787728261.295754 read(11, "", 4096)    = 0
1787728261.439151 read(11, "@PS1,M,231968,17646307,586430,9504657,00000000*D895\r\n@PS1,M,231969,17646367,586416,9504678,00000000*C76C\r\n", 4096) = 106
1787728261.444684 read(11, "", 4096)    = 0
1787728261.472776 read(11, "@PS1,M,231970,17646427,586382,9504681,00000000*FE86\r\n", 4096) = 53
1787728261.474849 read(11, "", 4096)    = 0
1787728261.588757 read(11, "@PS1,M,231971,17646488,586334,9504711,00000000*474A\r\n", 4096) = 53
1787728261.592696 read(11, "", 4096)    = 0
1787728261.593494 read(11, "@PS1,M,231972,17646548,586411,9504700,00000000*D795\r\n", 4096) = 53
1787728261.595547 read(11, "", 4096)    = 0
1787728261.773084 read(11, "@PS1,M,231973,17646729,586198,9504744,00000000*7380\r\n", 4096) = 53
1787728261.775312 read(11, "", 4096)    = 0
1787728261.918683 read(11, "@PS1,M,231974,17646789,586082,9504767,00000000*17AA\r\n@PS1,M,231975,17646849,586004,9504798,00000000*A5BE\r\n", 4096) = 106
1787728261.924834 read(11, "", 4096)    = 0
1787728261.952312 read(11, "@PS1,M,231976,17646909,585949,9504805,00000000*2B98\r\n", 4096) = 53
1787728261.954384 read(11, "", 4096)    = 0
1787728262.067105 read(11, "@PS1,M,231977,17646969,585956,9504817,00000000*B7FE\r\n", 4096) = 53
1787728262.071203 read(11, "", 4096)    = 0
1787728262.072282 read(11, "@PS1,M,231978,17647029,585864,9504800,00000000*8A8D\r\n", 4096) = 53
1787728262.074264 read(11, "", 4096)    = 0
1787728262.216881 read(11, "@PS1,M,231979,17647089,585888,9504826,00000000*CB1C\r\n", 4096) = 53
1787728262.221050 read(11, "", 4096)    = 0
1787728262.364275 read(11, "@PS1,M,231980,17647269,585722,9504874,00000000*4599\r\n", 4096) = 53
1787728262.368179 read(11, "", 4096)    = 0
1787728262.370804 read(11, "@PS1,M,231981,17647330,585588,9504923,00000000*79C1\r\n", 4096) = 53
1787728262.372812 read(11, "", 4096)    = 0
1787728262.560454 read(11, "@PS1,M,231982,17647390,585737,9504926,00000000*FC53\r\n@PS1,M,231983,17647450,585653,9504927,00000000*E67E\r\n@PS1,M,231984,17647510,585754,9504960,00000000*0E9D\r\n", 4096) = 159
1787728262.567988 read(11, "", 4096)    = 0
1787728262.609835 read(11, "@PS1,M,231985,17647570,585672,9504966,00000000*A16A\r\n", 4096) = 53
1787728262.611865 read(11, "", 4096)    = 0
1787728262.789654 read(11, "@PS1,M,231986,17647750,585541,9504983,00000000*CAA6\r\n", 4096) = 53
1787728262.791920 read(11, "", 4096)    = 0
1787728262.935102 read(11, "@PS1,M,231987,17647811,585500,9505023,00000000*A45E\r\n@PS1,M,231988,17647871,585490,9505005,00000000*90D1\r\n", 4096) = 106
1787728262.940752 read(11, "", 4096)    = 0
1787728262.968913 read(11, "@PS1,M,231989,17647931,585446,9505046,00000000*6E06\r\n", 4096) = 53
1787728262.971399 read(11, "", 4096)    = 0
1787728263.081932 read(11, "@PS1,M,231990,17647991,585514,9505036,00000000*35B9\r\n", 4096) = 53
1787728263.085792 read(11, "", 4096)    = 0
1787728263.088393 read(11, "@PS1,M,231991,17648051,585320,9505071,00000000*0C7C\r\n", 4096) = 53
1787728263.090335 read(11, "", 4096)    = 0
1787728263.228053 read(11, "@PS1,M,231992,17648111,585435,9505042,00000000*A337\r\n", 4096) = 53
1787728263.231918 read(11, "", 4096)    = 0
1787728263.375109 read(11, "@PS1,M,231993,17648291,585358,9505088,00000000*C9FD\r\n", 4096) = 53
1787728263.378952 read(11, "", 4096)    = 0
1787728263.393109 read(11, "@PS1,M,231994,17648351,585359,9505116,00000000*2A1F\r\n", 4096) = 53
1787728263.395682 read(11, "", 4096)    = 0
1787728263.522007 read(11, "@PS1,M,231995,17648411,585433,9505110,00000000*5344\r\n@PS1,M,231996,17648471,585299,9505101,00000000*0984\r\n", 4096) = 106
1787728263.526982 read(11, "", 4096)    = 0
1787728263.567848 read(11, "@PS1,M,231997,17648531,585225,9505131,00000000*8A0D\r\n", 4096) = 53
1787728263.570922 read(11, "", 4096)    = 0
1787728263.678515 --- SIGCHLD {si_signo=SIGCHLD, si_code=CLD_EXITED, si_pid=51850, si_uid=1000, si_status=0, si_utime=0, si_stime=0} ---
1787728263.696490 read(11, "@PS1,M,231998,17648591,585290,9505100,00000000*4160\r\n", 4096) = 53
1787728263.700356 read(11, "", 4096)    = 0
1787728263.844183 read(11, "@PS1,M,231999,17648772,585149,9505125,00000000*E8AB\r\n", 4096) = 53
1787728263.848345 read(11, "", 4096)    = 0
1787728263.865915 read(11, "@PS1,M,232000,17648832,585382,9505135,00000000*0E9F\r\n", 4096) = 53
1787728263.868533 read(11, "", 4096)    = 0
1787728263.991513 read(11, "@PS1,M,232001,17648892,585220,9505160,00000000*5B5B\r\n@PS1,M,232002,17648952,585523,9505144,00000000*DDF5\r\n", 4096) = 106
1787728263.997832 read(11, "", 4096)    = 0
1787728264.045179 read(11, "@PS1,M,232003,17649012,585198,9505182,00000000*0F4D\r\n", 4096) = 53
1787728264.047276 read(11, "", 4096)    = 0
1787728264.153427 read(11, "@PS1,M,232004,17649072,585357,9505133,00000000*353C\r\n", 4096) = 53
1787728264.157624 read(11, "", 4096)    = 0
1787728264.171385 read(11, "@PS1,M,232005,17649133,585246,9505164,00000000*E664\r\n", 4096) = 53
1787728264.173782 read(11, "", 4096)    = 0
1787728264.345108 read(11, "@PS1,M,232006,17649314,585306,9505139,00000000*84B1\r\n", 4096) = 53
1787728264.351490 read(11, "", 4096)    = 0
1787728264.404885 read(11, "@PS1,M,232007,17649374,585367,9505171,00000000*CE8C\r\n", 4096) = 53
1787728264.407531 read(11, "", 4096)    = 0
1787728264.499149 read(11, "@PS1,M,232008,17649434,585300,9505171,00000000*6499\r\n", 4096) = 53
1787728264.503008 read(11, "", 4096)    = 0
1787728264.524414 read(11, "@PS1,M,232009,17649494,585577,9505173,00000000*2A18\r\n", 4096) = 53
1787728264.527356 read(11, "", 4096)    = 0
1787728264.649245 read(11, "@PS1,M,232010,17649554,585425,9505155,00000000*4755\r\n@PS1,M,232011,17649614,585438,9505182,00000000*6D80\r\n", 4096) = 106
1787728264.654403 read(11, "", 4096)    = 0
1787728264.823573 read(11, "@PS1,M,232012,17649795,585463,9505139,00000000*FC5C\r\n", 4096) = 53
1787728264.825891 read(11, "", 4096)    = 0
1787728264.971767 read(11, "@PS1,M,232013,17649855,585584,9505152,00000000*B838\r\n@PS1,M,232014,17649915,585558,9505148,00000000*937E\r\n", 4096) = 106
1787728264.977489 read(11, "", 4096)    = 0
1787728265.002853 read(11, "@PS1,M,232015,17649975,585691,9505126,00000000*99D4\r\n", 4096) = 53
1787728265.005767 read(11, "", 4096)    = 0
1787728265.133769 read(11, "@PS1,M,232016,17650035,585738,9505138,00000000*0B88\r\n@PS1,M,232017,17650095,585727,9505159,00000000*ADF7\r\n", 4096) = 106
1787728265.138874 read(11, "", 4096)    = 0
1787728265.182115 read(11, "@PS1,M,232018,17650155,585817,9505134,00000000*61A1\r\n", 4096) = 53
1787728265.184171 read(11, "", 4096)    = 0
1787728265.361526 read(11, "@PS1,M,232019,17650336,585771,9505100,00000000*C43A\r\n", 4096) = 53
1787728265.364108 read(11, "", 4096)    = 0
1787728265.421197 read(11, "@PS1,M,232020,17650396,585906,9505085,00000000*82F0\r\n", 4096) = 53
1787728265.423421 read(11, "", 4096)    = 0
1787728265.511366 read(11, "@PS1,M,232021,17650456,585995,9505103,00000000*4A9B\r\n", 4096) = 53
1787728265.514997 read(11, "", 4096)    = 0
1787728265.540964 read(11, "@PS1,M,232022,17650516,585858,9505104,00000000*7AE4\r\n", 4096) = 53
1787728265.543282 read(11, "", 4096)    = 0
1787728265.659783 read(11, "@PS1,M,232023,17650576,586015,9505059,00000000*57C0\r\n", 4096) = 53
1787728265.663659 read(11, "@PS1,M,232024,17650636,586158,9505095,00000000*85D6\r\n", 4096) = 53
1787728265.666282 read(11, "", 4096)    = 0
1787728265.839644 read(11, "@PS1,M,232025,17650816,586074,9505025,00000000*C764\r\n", 4096) = 53
1787728265.842202 read(11, "", 4096)    = 0
1787728265.986725 read(11, "@PS1,M,232026,17650876,586148,9505007,00000000*924D\r\n@PS1,M,232027,17650936,586326,9505043,00000000*0857\r\n", 4096) = 106
1787728265.991796 read(11, "", 4096)    = 0
1787728266.019992 read(11, "@PS1,M,232028,17650997,586287,9505035,00000000*D038\r\n", 4096) = 53
1787728266.022654 read(11, "", 4096)    = 0
1787728266.136187 read(11, "@PS1,M,232029,17651057,586292,9504989,00000000*CA89\r\n", 4096) = 53
1787728266.140961 read(11, "@PS1,M,232030,17651118,586370,9504985,00000000*87EA\r\n", 4096) = 53
1787728266.142986 read(11, "", 4096)    = 0
1787728266.199281 read(11, "@PS1,M,232031,17651178,586465,9504951,00000000*12CF\r\n", 4096) = 53
1787728266.201365 read(11, "", 4096)    = 0
1787728266.378917 read(11, "@PS1,M,232032,17651358,586513,9504916,00000000*865B\r\n", 4096) = 53
1787728266.381260 read(11, "", 4096)    = 0
1787728266.524784 read(11, "@PS1,M,232033,17651418,586503,9504886,00000000*4627\r\n@PS1,M,232034,17651478,586632,9504879,00000000*7AFC\r\n", 4096) = 106
1787728266.530438 read(11, "", 4096)    = 0
1787728266.558140 read(11, "@PS1,M,232035,17651538,586702,9504881,00000000*E4B2\r\n", 4096) = 53
1787728266.560139 read(11, "", 4096)    = 0
1787728266.685858 read(11, "@PS1,M,232036,17651598,586605,9504853,00000000*1BDE\r\n@PS1,M,232037,17651658,586797,9504840,00000000*F86D\r\n", 4096) = 106
1787728266.691434 read(11, "", 4096)    = 0
1787728266.857027 read(11, "@PS1,M,232038,17651839,586714,9504795,00000000*9FF3\r\n", 4096) = 53
1787728266.859261 read(11, "", 4096)    = 0
1787728267.002137 read(11, "@PS1,M,232039,17651899,586986,9504838,00000000*5F0C\r\n@PS1,M,232040,17651959,586881,9504791,00000000*0194\r\n", 4096) = 106
1787728267.007559 read(11, "", 4096)    = 0
1787728267.036395 read(11, "@PS1,M,232041,17652019,586895,9504775,00000000*0F6A\r\n", 4096) = 53
1787728267.038894 read(11, "", 4096)    = 0
1787728267.164748 read(11, "@PS1,M,232042,17652079,586963,9504750,00000000*9FB4\r\n@PS1,M,232043,17652139,586858,9504723,00000000*A9ED\r\n", 4096) = 106
1787728267.169933 read(11, "", 4096)    = 0
1787728267.215559 read(11, "@PS1,M,232044,17652199,586875,9504731,00000000*6D1E\r\n", 4096) = 53
1787728267.218085 read(11, "", 4096)    = 0
1787728267.395506 read(11, "@PS1,M,232045,17652380,586969,9504683,00000000*D22F\r\n", 4096) = 53
1787728267.397769 read(11, "", 4096)    = 0
1787728267.541397 read(11, "@PS1,M,232046,17652440,586927,9504652,00000000*5369\r\n@PS1,M,232047,17652500,587024,9504651,00000000*A7AD\r\n", 4096) = 106
1787728267.546542 read(11, "", 4096)    = 0
1787728267.574916 read(11, "@PS1,M,232048,17652560,586905,9504693,00000000*172D\r\n", 4096) = 53
1787728267.578370 read(11, "", 4096)    = 0
1787728267.760538 read(11, "@PS1,M,232049,17652620,586989,9504649,00000000*0BD3\r\n@PS1,M,232050,17652680,587107,9504614,00000000*22EE\r\n", 4096) = 106
1787728267.766070 read(11, "", 4096)    = 0
1787728267.909018 read(11, "@PS1,M,232051,17652861,587044,9504600,00000000*CD31\r\n", 4096) = 53
1787728267.912862 read(11, "", 4096)    = 0
1787728267.933464 read(11, "@PS1,M,232052,17652921,587069,9504577,00000000*90E1\r\n", 4096) = 53
1787728267.935917 read(11, "", 4096)    = 0
1787728268.057057 read(11, "@PS1,M,232053,17652981,587182,9504567,00000000*1F53\r\n@PS1,M,232054,17653041,587078,9504578,00000000*D324\r\n", 4096) = 106
1787728268.062925 read(11, "", 4096)    = 0
1787728268.112648 read(11, "@PS1,M,232055,17653101,587000,9504568,00000000*D898\r\n", 4096) = 53
1787728268.114667 read(11, "", 4096)    = 0
1787728268.206327 read(11, "@PS1,M,232056,17653161,587110,9504579,00000000*E953\r\n", 4096) = 53
1787728268.210134 read(11, "", 4096)    = 0
1787728268.232183 read(11, "@PS1,M,232057,17653221,586896,9504568,00000000*A130\r\n", 4096) = 53
1787728268.234998 read(11, "", 4096)    = 0
1787728268.412310 read(11, "@PS1,M,232058,17653402,586998,9504552,00000000*356C\r\n", 4096) = 53
1787728268.414797 read(11, "", 4096)    = 0
1787728268.558528 read(11, "@PS1,M,232059,17653462,587035,9504522,00000000*C9F5\r\n@PS1,M,232060,17653522,586957,9504567,00000000*030B\r\n", 4096) = 106
1787728268.565142 read(11, "", 4096)    = 0
1787728268.591735 read(11, "@PS1,M,232061,17653582,586860,9504540,00000000*EF4F\r\n", 4096) = 53
1787728268.594631 read(11, "", 4096)    = 0
1787728268.713862 --- SIGCHLD {si_signo=SIGCHLD, si_code=CLD_EXITED, si_pid=51868, si_uid=1000, si_status=0, si_utime=0, si_stime=0} ---
1787728268.729164 read(11, "@PS1,M,232062,17653642,586827,9504509,00000000*0A43\r\n@PS1,M,232063,17653702,586840,9504554,00000000*0726\r\n", 4096) = 106
1787728268.734608 read(11, "", 4096)    = 0
1787728268.890793 read(11, "@PS1,M,232064,17653883,586863,9504548,00000000*C7FF\r\n", 4096) = 53
1787728268.894884 read(11, "", 4096)    = 0
1787728268.950494 read(11, "@PS1,M,232065,17653943,586884,9504557,00000000*E6C4\r\n", 4096) = 53
1787728268.953043 read(11, "", 4096)    = 0
1787728269.041021 read(11, "@PS1,M,232066,17654003,586828,9504572,00000000*DDDC\r\n", 4096) = 53
1787728269.044560 read(11, "", 4096)    = 0
1787728269.070097 read(11, "@PS1,M,232067,17654063,586619,9504567,00000000*00C7\r\n", 4096) = 53
1787728269.073252 read(11, "", 4096)    = 0
1787728269.184031 read(11, "@PS1,M,232068,17654123,586690,9504517,00000000*798E\r\n", 4096) = 53
1787728269.187860 read(11, "", 4096)    = 0
1787728269.189541 read(11, "@PS1,M,232069,17654183,586535,9504611,00000000*8AA7\r\n", 4096) = 53
1787728269.191735 read(11, "", 4096)    = 0
1787728269.331595 read(11, "@PS1,M,232070,17654243,586549,9504605,00000000*0371\r\n", 4096) = 53
1787728269.335477 read(11, "", 4096)    = 0
1787728269.479591 read(11, "@PS1,M,232071,17654423,586436,9504598,00000000*C050\r\n", 4096) = 53
1787728269.483489 read(11, "", 4096)    = 0
1787728269.497606 read(11, "@PS1,M,232072,17654483,586292,9504613,00000000*22E9\r\n", 4096) = 53
1787728269.499860 read(11, "", 4096)    = 0
1787728269.627341 read(11, "@PS1,M,232073,17654543,586398,9504636,00000000*5F9D\r\n@PS1,M,232074,17654604,586244,9504664,00000000*B885\r\n", 4096) = 106
1787728269.632989 read(11, "", 4096)    = 0
1787728269.667722 read(11, "@PS1,M,232075,17654664,586224,9504673,00000000*DD36\r\n", 4096) = 53
1787728269.669954 read(11, "", 4096)    = 0
1787728269.775195 read(11, "@PS1,M,232076,17654724,586396,9504699,00000000*0DAD\r\n", 4096) = 53
1787728269.779054 read(11, "", 4096)    = 0
1787728269.922348 read(11, "@PS1,M,232077,17654905,586252,9504719,00000000*F475\r\n", 4096) = 53
1787728269.926336 read(11, "", 4096)    = 0
1787728269.967416 read(11, "@PS1,M,232078,17654965,586119,9504753,00000000*4A35\r\n", 4096) = 53
1787728269.969549 read(11, "", 4096)    = 0
1787728270.069144 read(11, "@PS1,M,232079,17655025,586048,9504761,00000000*28E6\r\n", 4096) = 53
1787728270.073337 read(11, "", 4096)    = 0
1787728270.089067 read(11, "@PS1,M,232080,17655085,586107,9504773,00000000*3895\r\n", 4096) = 53
1787728270.091806 read(11, "", 4096)    = 0
1787728270.217377 read(11, "@PS1,M,232081,17655145,586126,9504795,00000000*6F56\r\n@PS1,M,232082,17655205,585995,9504790,00000000*86CA\r\n", 4096) = 106
1787728270.222693 read(11, "", 4096)    = 0
1787728270.266203 read(11, "@PS1,M,232083,17655265,585899,9504817,00000000*5A26\r\n", 4096) = 53
1787728270.268361 read(11, "", 4096)    = 0
1787728270.445389 read(11, "@PS1,M,232084,17655445,585894,9504876,00000000*E641\r\n", 4096) = 53
1787728270.448338 read(11, "", 4096)    = 0
1787728270.592322 read(11, "@PS1,M,232085,17655505,585923,9504882,00000000*FF9A\r\n@PS1,M,232086,17655565,585754,9504909,00000000*0257\r\n", 4096) = 106
1787728270.597727 read(11, "", 4096)    = 0
1787728270.625913 read(11, "@PS1,M,232087,17655627,585674,9504898,00000000*342D\r\n", 4096) = 53
1787728270.628008 read(11, "", 4096)    = 0
1787728270.741473 read(11, "@PS1,M,232088,17655687,585567,9504920,00000000*19A5\r\n", 4096) = 53
1787728270.745483 read(11, "@PS1,M,232089,17655747,585692,9504945,00000000*F56B\r\n", 4096) = 53
1787728270.747994 read(11, "", 4096)    = 0
1787728270.924868 read(11, "@PS1,M,232090,17655927,585671,9504983,00000000*56AC\r\n", 4096) = 53
1787728270.927565 read(11, "", 4096)    = 0
1787728270.984483 read(11, "@PS1,M,232091,17655987,585475,9504985,00000000*59B9\r\n", 4096) = 53
1787728270.986683 read(11, "", 4096)    = 0
1787728271.074501 read(11, "@PS1,M,232092,17656047,585443,9505002,00000000*0D58\r\n", 4096) = 53
1787728271.078184 read(11, "", 4096)    = 0
1787728271.104164 read(11, "@PS1,M,232093,17656107,585540,9504992,00000000*0765\r\n", 4096) = 53
1787728271.106737 read(11, "", 4096)    = 0
1787728271.223807 read(11, "@PS1,M,232094,17656167,585414,9505008,00000000*DA74\r\n@PS1,M,232095,17656227,585450,9505041,00000000*24CC\r\n", 4096) = 106
1787728271.229125 read(11, "", 4096)    = 0
1787728271.283348 read(11, "@PS1,M,232096,17656287,585305,9505045,00000000*5876\r\n", 4096) = 53
1787728271.285566 read(11, "", 4096)    = 0
1787728271.516517 read(11, "@PS1,M,232097,17656467,585408,9505035,00000000*01D2\r\n", 4096) = 53
1787728271.520377 read(11, "", 4096)    = 0
1787728271.522030 read(11, "@PS1,M,232098,17656527,585328,9505076,00000000*04C8\r\n", 4096) = 53
1787728271.523915 read(11, "", 4096)    = 0
1787728271.665298 read(11, "@PS1,M,232099,17656588,585438,9505079,00000000*26DB\r\n@PS1,M,232100,17656649,585251,9505104,00000000*7E9F\r\n", 4096) = 106
1787728271.670866 read(11, "", 4096)    = 0
1787728271.702522 read(11, "@PS1,M,232101,17656709,585305,9505099,00000000*C487\r\n", 4096) = 53
1787728271.704567 read(11, "", 4096)    = 0
1787728271.828190 read(11, "@PS1,M,232102,17656769,585339,9505106,00000000*F527\r\n", 4096) = 53
1787728271.832162 read(11, "", 4096)    = 0
1787728271.976074 read(11, "@PS1,M,232103,17656949,585255,9505126,00000000*854D\r\n", 4096) = 53
1787728271.980080 read(11, "", 4096)    = 0
1787728272.004160 read(11, "@PS1,M,232104,17657009,585303,9505139,00000000*477E\r\n", 4096) = 53
1787728272.006752 read(11, "", 4096)    = 0
1787728272.124551 read(11, "@PS1,M,232105,17657069,585345,9505160,00000000*E685\r\n@PS1,M,232106,17657129,585218,9505167,00000000*98DB\r\n", 4096) = 106
1787728272.130042 read(11, "", 4096)    = 0
1787728272.180890 read(11, "@PS1,M,232107,17657189,585409,9505155,00000000*4A44\r\n", 4096) = 53
1787728272.182868 read(11, "", 4096)    = 0
1787728272.274599 read(11, "@PS1,M,232108,17657249,585267,9505144,00000000*8D9C\r\n", 4096) = 53
1787728272.278444 read(11, "", 4096)    = 0
1787728272.300401 read(11, "@PS1,M,232109,17657309,585313,9505146,00000000*B498\r\n", 4096) = 53
1787728272.303698 read(11, "", 4096)    = 0
1787728272.480200 read(11, "@PS1,M,232110,17657490,585336,9505181,00000000*1036\r\n", 4096) = 53
1787728272.482538 read(11, "", 4096)    = 0
1787728272.626670 read(11, "@PS1,M,232111,17657550,585360,9505142,00000000*EFFC\r\n@PS1,M,232112,17657610,585280,9505175,00000000*D053\r\n", 4096) = 106
1787728272.631775 read(11, "", 4096)    = 0
1787728272.659432 read(11, "@PS1,M,232113,17657670,585505,9505222,00000000*1D89\r\n", 4096) = 53
1787728272.661669 read(11, "", 4096)    = 0
1787728272.793569 read(11, "@PS1,M,232114,17657730,585478,9505213,00000000*945B\r\n@PS1,M,232115,17657790,585464,9505141,00000000*FEFC\r\n", 4096) = 106
1787728272.801742 read(11, "", 4096)    = 0
1787728272.991125 read(11, "@PS1,M,232116,17657971,585477,9505172,00000000*26B2\r\n", 4096) = 53
1787728272.994946 read(11, "", 4096)    = 0
1787728273.018643 read(11, "@PS1,M,232117,17658031,585690,9505149,00000000*3299\r\n", 4096) = 53
1787728273.021399 read(11, "", 4096)    = 0
1787728273.139244 read(11, "@PS1,M,232118,17658091,585616,9505122,00000000*9649\r\n@PS1,M,232119,17658151,585727,9505120,00000000*D469\r\n", 4096) = 106
1787728273.144990 read(11, "", 4096)    = 0
1787728273.197809 read(11, "@PS1,M,232120,17658212,585620,9505135,00000000*FF50\r\n", 4096) = 53
1787728273.200236 read(11, "", 4096)    = 0
1787728273.289176 read(11, "@PS1,M,232121,17658272,585635,9505149,00000000*AA1A\r\n", 4096) = 53
1787728273.292353 read(11, "", 4096)    = 0
1787728273.383363 read(11, "@PS1,M,232122,17658332,585793,9505159,00000000*4BCB\r\n", 4096) = 53
1787728273.387208 read(11, "", 4096)    = 0
1787728273.531458 read(11, "@PS1,M,232123,17658512,585869,9505118,00000000*40F6\r\n", 4096) = 53
1787728273.535318 read(11, "", 4096)    = 0
1787728273.556719 read(11, "@PS1,M,232124,17658572,585803,9505132,00000000*AC15\r\n", 4096) = 53
1787728273.560465 read(11, "", 4096)    = 0
1787728273.685681 --- SIGCHLD {si_signo=SIGCHLD, si_code=CLD_EXITED, si_pid=51886, si_uid=1000, si_status=0, si_utime=0, si_stime=0} ---
1787728273.699641 read(11, "@PS1,M,232125,17658632,585871,9505134,00000000*27BF\r\n@PS1,M,232126,17658692,585971,9505099,00000000*547F\r\n", 4096) = 106
1787728273.704738 read(11, "", 4096)    = 0
1787728273.735921 read(11, "@PS1,M,232127,17658752,585807,9505121,00000000*E355\r\n", 4096) = 53
1787728273.737971 read(11, "", 4096)    = 0
1787728273.861636 read(11, "@PS1,M,232128,17658812,585944,9505091,00000000*527A\r\n", 4096) = 53
1787728273.865595 read(11, "", 4096)    = 0
1787728274.009198 read(11, "@PS1,M,232129,17658992,586040,9505077,00000000*DEC7\r\n", 4096) = 53
1787728274.013395 read(11, "", 4096)    = 0
1787728274.035629 read(11, "@PS1,M,232130,17659054,586138,9505057,00000000*6F3B\r\n", 4096) = 53
1787728274.038373 read(11, "", 4096)    = 0
1787728274.157548 read(11, "@PS1,M,232131,17659114,586219,9505073,00000000*78C3\r\n@PS1,M,232132,17659174,586180,9505035,00000000*26FA\r\n", 4096) = 106
1787728274.162949 read(11, "", 4096)    = 0
1787728274.214753 read(11, "@PS1,M,232133,17659234,586200,9505041,00000000*5ED0\r\n", 4096) = 53
1787728274.217154 read(11, "", 4096)    = 0
1787728274.306292 read(11, "@PS1,M,232134,17659294,586328,9505024,00000000*9A41\r\n", 4096) = 53
1787728274.310485 read(11, "", 4096)    = 0
1787728274.399860 read(11, "@PS1,M,232135,17659354,586314,9505022,00000000*B11E\r\n", 4096) = 53
1787728274.403754 read(11, "", 4096)    = 0
1787728274.546829 read(11, "@PS1,M,232136,17659534,586478,9504996,00000000*E40F\r\n", 4096) = 53
1787728274.550677 read(11, "", 4096)    = 0
1787728274.573284 read(11, "@PS1,M,232137,17659594,586504,9504989,00000000*83F8\r\n", 4096) = 53
1787728274.575911 read(11, "", 4096)    = 0
1787728274.694834 read(11, "@PS1,M,232138,17659654,586588,9504953,00000000*75BA\r\n@PS1,M,232139,17659714,586569,9504955,00000000*9A8F\r\n", 4096) = 106
1787728274.700379 read(11, "", 4096)    = 0
1787728274.752449 read(11, "@PS1,M,232140,17659774,586577,9504941,00000000*0161\r\n", 4096) = 53
1787728274.754711 read(11, "", 4096)    = 0
1787728274.843367 read(11, "@PS1,M,232141,17659834,586744,9504906,00000000*9929\r\n", 4096) = 53
1787728274.847007 read(11, "", 4096)    = 0
1787728274.992422 read(11, "@PS1,M,232142,17660015,586821,9504871,00000000*7D1A\r\n", 4096) = 53
1787728274.994509 read(11, "", 4096)    = 0
1787728275.138069 read(11, "@PS1,M,232143,17660075,586844,9504834,00000000*4FBB\r\n@PS1,M,232144,17660135,586922,9504833,00000000*E22E\r\n", 4096) = 106
1787728275.143930 read(11, "", 4096)    = 0
1787728275.171675 read(11, "@PS1,M,232145,17660195,586893,9504800,00000000*EBCC\r\n", 4096) = 53
1787728275.174238 read(11, "", 4096)    = 0
1787728275.299549 read(11, "@PS1,M,232146,17660255,586734,9504839,00000000*66E3\r\n@PS1,M,232147,17660316,586906,9504790,00000000*063A\r\n", 4096) = 106
1787728275.304693 read(11, "", 4096)    = 0
1787728275.350929 read(11, "@PS1,M,232148,17660376,586921,9504780,00000000*1EA8\r\n", 4096) = 53
1787728275.352896 read(11, "", 4096)    = 0
1787728275.530968 read(11, "@PS1,M,232149,17660557,586958,9504738,00000000*5BF0\r\n", 4096) = 53
1787728275.533549 read(11, "", 4096)    = 0
1787728275.677039 read(11, "@PS1,M,232150,17660617,586958,9504747,00000000*D02C\r\n@PS1,M,232151,17660677,586876,9504701,00000000*DFF3\r\n", 4096) = 106
1787728275.681978 read(11, "", 4096)    = 0
1787728275.710201 read(11, "@PS1,M,232152,17660737,586951,9504728,00000000*03D9\r\n", 4096) = 53
1787728275.712297 read(11, "", 4096)    = 0
1787728275.825341 read(11, "@PS1,M,232153,17660797,587043,9504666,00000000*FCD4\r\n", 4096) = 53
1787728275.829228 read(11, "", 4096)    = 0
1787728275.829725 read(11, "@PS1,M,232154,17660857,587110,9504671,00000000*1C57\r\n", 4096) = 53
1787728275.832123 read(11, "", 4096)    = 0
1787728276.009108 read(11, "@PS1,M,232155,17661037,587039,9504643,00000000*E871\r\n", 4096) = 53
1787728276.011329 read(11, "", 4096)    = 0
1787728276.154658 read(11, "@PS1,M,232156,17661097,587103,9504628,00000000*6B9E\r\n@PS1,M,232157,17661157,587138,9504623,00000000*382F\r\n", 4096) = 106
1787728276.159753 read(11, "", 4096)    = 0
1787728276.188401 read(11, "@PS1,M,232158,17661217,586975,9504608,00000000*59E9\r\n", 4096) = 53
1787728276.190975 read(11, "", 4096)    = 0
1787728276.302892 read(11, "@PS1,M,232159,17661277,586978,9504614,00000000*D227\r\n", 4096) = 53
1787728276.310982 read(11, "@PS1,M,232160,17661337,587096,9504632,00000000*C914\r\n", 4096) = 53
1787728276.312676 read(11, "", 4096)    = 0
1787728276.367562 read(11, "@PS1,M,232161,17661397,587114,9504587,00000000*662A\r\n", 4096) = 53
1787728276.369782 read(11, "", 4096)    = 0
1787728276.547503 read(11, "@PS1,M,232162,17661578,587093,9504575,00000000*8296\r\n", 4096) = 53
1787728276.549894 read(11, "", 4096)    = 0
1787728276.694177 read(11, "@PS1,M,232163,17661638,586839,9504550,00000000*875E\r\n@PS1,M,232164,17661698,586935,9504554,00000000*81C6\r\n", 4096) = 106
1787728276.701216 read(11, "", 4096)    = 0
1787728276.726859 read(11, "@PS1,M,232165,17661758,587117,9504535,00000000*004C\r\n", 4096) = 53
1787728276.728995 read(11, "", 4096)    = 0
1787728276.856873 read(11, "@PS1,M,232166,17661819,586924,9504546,00000000*233D\r\n@PS1,M,232167,17661879,586952,9504550,00000000*F730\r\n", 4096) = 106
1787728276.862750 read(11, "", 4096)    = 0
1787728277.039096 read(11, "@PS1,M,232168,17662059,586927,9504540,00000000*DEAB\r\n", 4096) = 53
1787728277.042065 read(11, "", 4096)    = 0
1787728277.085917 read(11, "@PS1,M,232169,17662119,587126,9504554,00000000*2B2C\r\n", 4096) = 53
1787728277.088599 read(11, "", 4096)    = 0
1787728277.186828 read(11, "@PS1,M,232170,17662179,586868,9504551,00000000*8EAD\r\n", 4096) = 53
1787728277.190702 read(11, "", 4096)    = 0
1787728277.205429 read(11, "@PS1,M,232171,17662240,586884,9504500,00000000*124B\r\n", 4096) = 53
1787728277.208180 read(11, "", 4096)    = 0
1787728277.335866 read(11, "@PS1,M,232172,17662300,586891,9504550,00000000*7522\r\n@PS1,M,232173,17662360,586830,9504552,00000000*22B8\r\n", 4096) = 106
1787728277.340873 read(11, "", 4096)    = 0
1787728277.384617 read(11, "@PS1,M,232174,17662420,586799,9504526,00000000*B183\r\n", 4096) = 53
1787728277.386954 read(11, "", 4096)    = 0
1787728277.564402 read(11, "@PS1,M,232175,17662600,586838,9504565,00000000*56B1\r\n", 4096) = 53
1787728277.566690 read(11, "", 4096)    = 0
1787728277.711788 read(11, "@PS1,M,232176,17662660,586820,9504592,00000000*8363\r\n@PS1,M,232177,17662720,586720,9504550,00000000*8305\r\n", 4096) = 106
1787728277.717486 read(11, "", 4096)    = 0
1787728277.743675 read(11, "@PS1,M,232178,17662781,586736,9504591,00000000*BABC\r\n", 4096) = 53
1787728277.746154 read(11, "", 4096)    = 0
1787728277.873674 read(11, "@PS1,M,232179,17662841,586610,9504609,00000000*E9AB\r\n@PS1,M,232180,17662901,586599,9504643,00000000*76D0\r\n", 4096) = 106
1787728277.878972 read(11, "", 4096)    = 0
1787728278.073091 read(11, "@PS1,M,232181,17663082,586577,9504636,00000000*E33E\r\n", 4096) = 53
1787728278.076899 read(11, "", 4096)    = 0
1787728278.102842 read(11, "@PS1,M,232182,17663142,586631,9504669,00000000*29EC\r\n", 4096) = 53
1787728278.105036 read(11, "", 4096)    = 0
1787728278.222280 read(11, "@PS1,M,232183,17663202,586414,9504700,00000000*0BC5\r\n@PS1,M,232184,17663262,586295,9504678,00000000*8B5E\r\n", 4096) = 106
1787728278.227943 read(11, "", 4096)    = 0
1787728278.281992 read(11, "@PS1,M,232185,17663322,586238,9504707,00000000*227A\r\n", 4096) = 53
1787728278.284266 read(11, "", 4096)    = 0
1787728278.372270 read(11, "@PS1,M,232186,17663382,586384,9504698,00000000*143C\r\n", 4096) = 53
1787728278.375860 read(11, "", 4096)    = 0
1787728278.401575 read(11, "@PS1,M,232187,17663442,586238,9504722,00000000*DBC5\r\n", 4096) = 53
1787728278.403781 read(11, "", 4096)    = 0
1787728278.582277 read(11, "@PS1,M,232188,17663623,586223,9504762,00000000*56E9\r\n", 4096) = 53
1787728278.586030 read(11, "", 4096)    = 0
1787728278.641581 read(11, "@PS1,M,232189,17663683,586167,9504760,00000000*8965\r\n", 4096) = 53
1787728278.645230 read(11, "", 4096)    = 0
1787728278.662284 --- SIGCHLD {si_signo=SIGCHLD, si_code=CLD_EXITED, si_pid=51904, si_uid=1000, si_status=0, si_utime=0, si_stime=1 /* 0.01 s */} ---
1787728278.735022 read(11, "@PS1,M,232190,17663743,586016,9504790,00000000*107A\r\n", 4096) = 53
1787728278.738661 read(11, "", 4096)    = 0
1787728278.761167 read(11, "@PS1,M,232191,17663803,586072,9504803,00000000*10D7\r\n", 4096) = 53
1787728278.764037 read(11, "", 4096)    = 0
1787728278.879066 read(11, "@PS1,M,232192,17663863,585928,9504836,00000000*B62B\r\n", 4096) = 53
1787728278.882903 read(11, "@PS1,M,232193,17663923,586103,9504834,00000000*FEA4\r\n", 4096) = 53
1787728278.884998 read(11, "", 4096)    = 0
1787728279.059714 read(11, "@PS1,M,232194,17664103,585893,9504867,00000000*96D2\r\n", 4096) = 53
1787728279.062680 read(11, "", 4096)    = 0
1787728279.119390 read(11, "@PS1,M,232195,17664163,585765,9504918,00000000*30CE\r\n", 4096) = 53
1787728279.121575 read(11, "", 4096)    = 0
1787728279.208925 read(11, "@PS1,M,232196,17664223,585740,9504900,00000000*1467\r\n", 4096) = 53
1787728279.212489 read(11, "", 4096)    = 0
1787728279.238954 read(11, "@PS1,M,232197,17664283,585704,9504933,00000000*8281\r\n", 4096) = 53
1787728279.241651 read(11, "", 4096)    = 0
1787728279.356234 read(11, "@PS1,M,232198,17664344,585702,9504915,00000000*6B7D\r\n", 4096) = 53
1787728279.360124 read(11, "@PS1,M,232199,17664404,585697,9504953,00000000*5550\r\n", 4096) = 53
1787728279.362747 read(11, "", 4096)    = 0
1787728279.419317 read(11, "@PS1,M,232200,17664465,585725,9504947,00000000*B3C7\r\n", 4096) = 53
1787728279.421442 read(11, "", 4096)    = 0
1787728279.598121 read(11, "@PS1,M,232201,17664645,585525,9504990,00000000*11D1\r\n", 4096) = 53
1787728279.600329 read(11, "", 4096)    = 0
1787728279.745088 read(11, "@PS1,M,232202,17664705,585458,9505032,00000000*5E63\r\n@PS1,M,232203,17664765,585484,9505003,00000000*0B2A\r\n", 4096) = 106
1787728279.751741 read(11, "", 4096)    = 0
1787728279.777423 read(11, "@PS1,M,232204,17664825,585422,9505047,00000000*7FC1\r\n", 4096) = 53
1787728279.779889 read(11, "", 4096)    = 0
1787728279.907391 read(11, "@PS1,M,232205,17664885,585442,9505046,00000000*13EF\r\n@PS1,M,232206,17664945,585421,9505046,00000000*F4DE\r\n", 4096) = 106
1787728279.912526 read(11, "", 4096)    = 0
1787728280.077359 read(11, "@PS1,M,232207,17665126,585557,9505098,00000000*ED9A\r\n", 4096) = 53
1787728280.080286 read(11, "", 4096)    = 0
1787728280.137029 read(11, "@PS1,M,232208,17665186,585254,9505109,00000000*4D7C\r\n", 4096) = 53
1787728280.139214 read(11, "", 4096)    = 0
1787728280.226668 read(11, "@PS1,M,232209,17665246,585334,9505072,00000000*4C67\r\n", 4096) = 53
1787728280.230874 read(11, "", 4096)    = 0
1787728280.256631 read(11, "@PS1,M,232210,17665306,585446,9505072,00000000*D03E\r\n", 4096) = 53
1787728280.259270 read(11, "", 4096)    = 0
1787728280.375488 read(11, "@PS1,M,232211,17665366,585411,9505097,00000000*62E1\r\n", 4096) = 53
1787728280.379704 read(11, "@PS1,M,232212,17665426,585375,9505132,00000000*72DD\r\n", 4096) = 53
1787728280.381795 read(11, "", 4096)    = 0
1787728280.435854 read(11, "@PS1,M,232213,17665486,585446,9505112,00000000*CF6E\r\n", 4096) = 53
1787728280.437988 read(11, "", 4096)    = 0
1787728280.615017 read(11, "@PS1,M,232214,17665666,585413,9505126,00000000*A8EB\r\n", 4096) = 53
1787728280.617610 read(11, "", 4096)    = 0
1787728280.674468 read(11, "@PS1,M,232215,17665726,585284,9505125,00000000*02FF\r\n", 4096) = 53
1787728280.676581 read(11, "", 4096)    = 0
1787728280.764491 read(11, "@PS1,M,232216,17665786,585409,9505162,00000000*5C2F\r\n", 4096) = 53
1787728280.768091 read(11, "", 4096)    = 0
1787728280.795238 read(11, "@PS1,M,232217,17665848,585295,9505117,00000000*3A96\r\n", 4096) = 53
1787728280.797553 read(11, "", 4096)    = 0
1787728280.912568 read(11, "@PS1,M,232218,17665908,585390,9505132,00000000*ACE4\r\n", 4096) = 53
1787728280.916414 read(11, "@PS1,M,232219,17665968,585228,9505135,00000000*D3FC\r\n", 4096) = 53
1787728280.918950 read(11, "", 4096)    = 0
1787728281.093571 read(11, "@PS1,M,232220,17666148,585267,9505153,00000000*02AB\r\n", 4096) = 53
1787728281.095976 read(11, "", 4096)    = 0
1787728281.241068 read(11, "@PS1,M,232221,17666208,585269,9505174,00000000*7D20\r\n@PS1,M,232222,17666268,585299,9505131,00000000*295D\r\n", 4096) = 106
1787728281.246693 read(11, "", 4096)    = 0
1787728281.272836 read(11, "@PS1,M,232223,17666328,585524,9505145,00000000*2E8E\r\n", 4096) = 53
1787728281.275639 read(11, "", 4096)    = 0
1787728281.402671 read(11, "@PS1,M,232224,17666388,585535,9505169,00000000*D8BB\r\n@PS1,M,232225,17666448,585434,9505135,00000000*2735\r\n", 4096) = 106
1787728281.408610 read(11, "", 4096)    = 0
1787728281.453249 read(11, "@PS1,M,232226,17666509,585570,9505159,00000000*C9EE\r\n", 4096) = 53
1787728281.455406 read(11, "", 4096)    = 0
1787728281.632420 read(11, "@PS1,M,232227,17666689,585596,9505122,00000000*FF2F\r\n", 4096) = 53
1787728281.634682 read(11, "", 4096)    = 0
1787728281.779527 read(11, "@PS1,M,232228,17666749,585625,9505142,00000000*407B\r\n@PS1,M,232229,17666809,585545,9505154,00000000*9DB9\r\n", 4096) = 106
1787728281.785025 read(11, "", 4096)    = 0
1787728281.811697 read(11, "@PS1,M,232230,17666869,585916,9505136,00000000*CC59\r\n", 4096) = 53
1787728281.813931 read(11, "", 4096)    = 0
1787728281.943147 read(11, "@PS1,M,232231,17666929,585752,9505105,00000000*A542\r\n@PS1,M,232232,17666989,585836,9505124,00000000*84B3\r\n", 4096) = 106
1787728281.948118 read(11, "", 4096)    = 0
1787728282.110268 read(11, "@PS1,M,232233,17667170,585923,9505130,00000000*07CB\r\n", 4096) = 53
1787728282.112661 read(11, "", 4096)    = 0
1787728282.256957 read(11, "@PS1,M,232234,17667230,585906,9505104,00000000*3479\r\n@PS1,M,232235,17667290,586029,9505099,00000000*690F\r\n", 4096) = 106
1787728282.262445 read(11, "", 4096)    = 0
1787728282.290626 read(11, "@PS1,M,232236,17667351,585939,9505075,00000000*A3D2\r\n", 4096) = 53
1787728282.293055 read(11, "", 4096)    = 0
1787728282.407280 read(11, "@PS1,M,232237,17667411,586117,9505097,00000000*C7E5\r\n", 4096) = 53
1787728282.415484 read(11, "@PS1,M,232238,17667471,585916,9505075,00000000*F5B7\r\n", 4096) = 53
1787728282.417449 read(11, "", 4096)    = 0
1787728282.469855 read(11, "@PS1,M,232239,17667531,586083,9505067,00000000*4377\r\n", 4096) = 53
1787728282.472256 read(11, "", 4096)    = 0
1787728282.649263 read(11, "@PS1,M,232240,17667711,586201,9505028,00000000*3596\r\n", 4096) = 53
1787728282.651535 read(11, "", 4096)    = 0
1787728282.798472 read(11, "@PS1,M,232241,17667771,586231,9505007,00000000*F494\r\n@PS1,M,232242,17667831,586276,9505016,00000000*1FD8\r\n", 4096) = 106
1787728282.803604 read(11, "", 4096)    = 0
1787728282.828555 read(11, "@PS1,M,232243,17667891,586237,9504982,00000000*CAD1\r\n", 4096) = 53
1787728282.830734 read(11, "", 4096)    = 0
1787728282.947808 read(11, "@PS1,M,232244,17667951,586279,9504954,00000000*78EF\r\n@PS1,M,232245,17668012,586303,9504968,00000000*5FEF\r\n", 4096) = 106
1787728282.953506 read(11, "", 4096)    = 0
1787728283.157152 read(11, "@PS1,M,232246,17668192,586444,9504929,00000000*C3BB\r\n", 4096) = 53
1787728283.162467 read(11, "", 4096)    = 0
1787728283.188044 read(11, "@PS1,M,232247,17668253,586477,9504941,00000000*4E26\r\n", 4096) = 53
1787728283.190397 read(11, "", 4096)    = 0
1787728283.321365 read(11, "@PS1,M,232248,17668313,586515,9504932,00000000*3630\r\n@PS1,M,232249,17668373,586677,9504892,00000000*38EE\r\n", 4096) = 106
1787728283.327096 read(11, "", 4096)    = 0
1787728283.367183 read(11, "@PS1,M,232250,17668433,586699,9504864,00000000*E49F\r\n", 4096) = 53
1787728283.369297 read(11, "", 4096)    = 0
1787728283.472173 read(11, "@PS1,M,232251,17668493,586682,9504866,00000000*F27C\r\n", 4096) = 53
1787728283.475977 read(11, "", 4096)    = 0
1787728283.490145 read(11, "@PS1,M,232252,17668553,586710,9504848,00000000*E3A9\r\n", 4096) = 53
1787728283.492435 read(11, "", 4096)    = 0
1787728283.666631 read(11, "@PS1,M,232253,17668734,586749,9504822,00000000*B623\r\n", 4096) = 53
1787728283.668919 read(11, "", 4096)    = 0
1787728283.813462 read(11, "@PS1,M,232254,17668794,586825,9504787,00000000*2A33\r\n@PS1,M,232255,17668854,586931,9504783,00000000*6341\r\n", 4096) = 106
1787728283.818940 read(11, "", 4096)    = 0
1787728283.845931 read(11, "@PS1,M,232256,17668914,586850,9504796,00000000*6814\r\n", 4096) = 53
1787728283.847996 read(11, "", 4096)    = 0
1787728283.975124 read(11, "@PS1,M,232257,17668974,586952,9504747,00000000*AC21\r\n@PS1,M,232258,17669034,586931,9504710,00000000*9397\r\n", 4096) = 106
1787728283.980266 read(11, "", 4096)    = 0
1787728284.144350 read(11, "@PS1,M,232259,17669214,586961,9504722,00000000*5DED\r\n", 4096) = 53
1787728284.150236 read(11, "", 4096)    = 0
1787728284.204085 read(11, "@PS1,M,232260,17669274,587087,9504713,00000000*2E87\r\n", 4096) = 53
1787728284.207751 read(11, "", 4096)    = 0
1787728284.299186 read(11, "@PS1,M,232261,17669334,586979,9504681,00000000*976C\r\n", 4096) = 53
1787728284.302801 read(11, "", 4096)    = 0
1787728284.323525 read(11, "@PS1,M,232262,17669394,587122,9504671,00000000*DC0D\r\n", 4096) = 53
1787728284.326873 read(11, "", 4096)    = 0
1787728284.443363 read(11, "@PS1,M,232263,17669455,587034,9504685,00000000*008B\r\n", 4096) = 53
1787728284.447759 read(11, "@PS1,M,232264,17669515,587123,9504664,00000000*47F5\r\n", 4096) = 53
1787728284.450226 read(11, "", 4096)    = 0
1787728284.504047 read(11, "@PS1,M,232265,17669576,587161,9504651,00000000*CEFF\r\n", 4096) = 53
1787728284.506311 read(11, "", 4096)    = 0
1787728284.682906 read(11, "@PS1,M,232266,17669755,587101,9504599,00000000*8E5F\r\n", 4096) = 53
1787728284.685185 read(11, "", 4096)    = 0
1787728284.828397 read(11, "@PS1,M,232267,17669815,587132,9504575,00000000*84C8\r\n@PS1,M,232268,17669875,587014,9504571,00000000*2CA4\r\n", 4096) = 106
1787728284.833738 read(11, "", 4096)    = 0
1787728284.862114 read(11, "@PS1,M,232269,17669936,587191,9504611,00000000*AB8D\r\n", 4096) = 53
1787728284.864492 read(11, "", 4096)    = 0
1787728284.977933 read(11, "@PS1,M,232270,17669996,587098,9504575,00000000*E7CC\r\n", 4096) = 53
1787728284.981840 read(11, "@PS1,M,232271,17670056,587095,9504575,00000000*76DE\r\n", 4096) = 53
1787728284.983876 read(11, "", 4096)    = 0
1787728285.161202 read(11, "@PS1,M,232272,17670236,587041,9504590,00000000*56EA\r\n", 4096) = 53
1787728285.163531 read(11, "", 4096)    = 0
1787728285.306640 read(11, "@PS1,M,232273,17670296,586989,9504556,00000000*4545\r\n@PS1,M,232274,17670357,586955,9504545,00000000*3D14\r\n", 4096) = 106
1787728285.312042 read(11, "", 4096)    = 0
1787728285.341606 read(11, "@PS1,M,232275,17670418,586917,9504546,00000000*9699\r\n", 4096) = 53
1787728285.344235 read(11, "", 4096)    = 0
1787728285.455638 read(11, "@PS1,M,232276,17670478,586971,9504559,00000000*91EE\r\n", 4096) = 53
1787728285.459996 read(11, "", 4096)    = 0
1787728285.461021 read(11, "@PS1,M,232277,17670538,586981,9504494,00000000*5BCD\r\n", 4096) = 53
1787728285.462833 read(11, "", 4096)    = 0
1787728285.603468 read(11, "@PS1,M,232278,17670598,586914,9504515,00000000*E5BE\r\n", 4096) = 53
1787728285.607329 read(11, "", 4096)    = 0
1787728285.751718 read(11, "@PS1,M,232279,17670778,586931,9504546,00000000*2D97\r\n", 4096) = 53
1787728285.755939 read(11, "", 4096)    = 0
1787728285.769954 read(11, "@PS1,M,232280,17670838,586815,9504516,00000000*8CBE\r\n", 4096) = 53
1787728285.772176 read(11, "", 4096)    = 0
1787728285.900174 read(11, "@PS1,M,232281,17670899,586927,9504519,00000000*CF20\r\n@PS1,M,232282,17670959,586951,9504522,00000000*75E6\r\n", 4096) = 106
1787728285.905224 read(11, "", 4096)    = 0
1787728285.939591 read(11, "@PS1,M,232283,17671019,586794,9504576,00000000*1E58\r\n", 4096) = 53
1787728285.941681 read(11, "", 4096)    = 0
1787728286.049242 read(11, "@PS1,M,232284,17671079,586793,9504519,00000000*7475\r\n", 4096) = 53
1787728286.052946 read(11, "", 4096)    = 0
1787728286.197390 read(11, "@PS1,M,232285,17671259,586776,9504561,00000000*9D21\r\n", 4096) = 53
1787728286.201289 read(11, "", 4096)    = 0
1787728286.238290 read(11, "@PS1,M,232286,17671319,586585,9504554,00000000*D670\r\n", 4096) = 53
1787728286.240373 read(11, "", 4096)    = 0
1787728286.346000 read(11, "@PS1,M,232287,17671379,586622,9504594,00000000*F298\r\n", 4096) = 53
1787728286.350136 read(11, "", 4096)    = 0
1787728286.363874 read(11, "@PS1,M,232288,17671439,586582,9504604,00000000*51F4\r\n", 4096) = 53
1787728286.366225 read(11, "", 4096)    = 0
1787728286.495047 read(11, "@PS1,M,232289,17671499,586579,9504574,00000000*C181\r\n@PS1,M,232290,17671559,586512,9504599,00000000*E26C\r\n", 4096) = 106
1787728286.500476 read(11, "", 4096)    = 0
1787728286.538217 read(11, "@PS1,M,232291,17671620,586558,9504642,00000000*E059\r\n", 4096) = 53
1787728286.540270 read(11, "", 4096)    = 0
1787728286.716704 read(11, "@PS1,M,232292,17671800,586423,9504655,00000000*F292\r\n", 4096) = 53
1787728286.719206 read(11, "", 4096)    = 0
1787728286.863355 read(11, "@PS1,M,232293,17671860,586380,9504687,00000000*F6D2\r\n@PS1,M,232294,17671920,586352,9504688,00000000*3626\r\n", 4096) = 106
1787728286.869037 read(11, "", 4096)    = 0
1787728286.897129 read(11, "@PS1,M,232295,17671981,586132,9504668,00000000*48E5\r\n", 4096) = 53
1787728286.899308 read(11, "", 4096)    = 0
1787728287.013326 read(11, "@PS1,M,232296,17672041,586123,9504701,00000000*748B\r\n", 4096) = 53
1787728287.017517 read(11, "@PS1,M,232297,17672101,586193,9504753,00000000*D9B4\r\n", 4096) = 53
1787728287.019669 read(11, "", 4096)    = 0
1787728287.195855 read(11, "@PS1,M,232298,17672281,585973,9504761,00000000*914B\r\n", 4096) = 53
1787728287.198353 read(11, "", 4096)    = 0
1787728287.342110 read(11, "@PS1,M,232299,17672341,585941,9504781,00000000*6B5A\r\n@PS1,M,232300,17672401,585915,9504789,00000000*C674\r\n", 4096) = 106
1787728287.348543 read(11, "", 4096)    = 0
1787728287.375039 read(11, "@PS1,M,232301,17672462,585931,9504808,00000000*CF38\r\n", 4096) = 53
1787728287.377159 read(11, "", 4096)    = 0
1787728287.503978 read(11, "@PS1,M,232302,17672522,585937,9504804,00000000*184C\r\n@PS1,M,232303,17672582,585824,9504842,00000000*3601\r\n", 4096) = 106
1787728287.509035 read(11, "", 4096)    = 0
1787728287.554259 read(11, "@PS1,M,232304,17672642,585819,9504871,00000000*0594\r\n", 4096) = 53
1787728287.556688 read(11, "", 4096)    = 0
1787728287.734226 read(11, "@PS1,M,232305,17672823,585741,9504922,00000000*B83F\r\n", 4096) = 53
1787728287.736469 read(11, "", 4096)    = 0
1787728287.879725 read(11, "@PS1,M,232306,17672883,585642,9504905,00000000*FEB7\r\n@PS1,M,232307,17672943,585505,9504924,00000000*FC76\r\n", 4096) = 106
1787728287.884873 read(11, "", 4096)    = 0
1787728287.913544 read(11, "@PS1,M,232308,17673003,585596,9504923,00000000*E0EF\r\n", 4096) = 53
1787728287.915597 read(11, "", 4096)    = 0
1787728288.027512 read(11, "@PS1,M,232309,17673063,585516,9504913,00000000*4D2B\r\n", 4096) = 53
1787728288.031703 read(11, "", 4096)    = 0
1787728288.032945 read(11, "@PS1,M,232310,17673123,585694,9504923,00000000*D565\r\n", 4096) = 53
1787728288.034809 read(11, "", 4096)    = 0
1787728288.212282 read(11, "@PS1,M,232311,17673303,585504,9504999,00000000*752E\r\n", 4096) = 53
1787728288.217597 read(11, "", 4096)    = 0
1787728288.273136 read(11, "@PS1,M,232312,17673364,585343,9504995,00000000*3276\r\n", 4096) = 53
1787728288.277196 read(11, "", 4096)    = 0
1787728288.404201 read(11, "@PS1,M,232313,17673424,585474,9505013,00000000*D3E4\r\n@PS1,M,232314,17673484,585431,9505023,00000000*7C41\r\n", 4096) = 106
1787728288.410218 read(11, "", 4096)    = 0
1787728288.452333 read(11, "@PS1,M,232315,17673544,585336,9505045,00000000*ADEE\r\n", 4096) = 53
1787728288.454427 read(11, "", 4096)    = 0
1787728288.558605 read(11, "@PS1,M,232316,17673604,585363,9505052,00000000*E5E9\r\n", 4096) = 53
1787728288.561527 read(11, "", 4096)    = 0
1787728288.572664 read(11, "@PS1,M,232317,17673665,585432,9505051,00000000*BABA\r\n", 4096) = 53
1787728288.575943 read(11, "", 4096)    = 0
1787728288.718363 --- SIGCHLD {si_signo=SIGCHLD, si_code=CLD_EXITED, si_pid=51952, si_uid=1000, si_status=0, si_utime=0, si_stime=0} ---
1787728288.751661 read(11, "@PS1,M,232318,17673845,585354,9505085,00000000*8941\r\n", 4096) = 53
1787728288.754100 read(11, "", 4096)    = 0
1787728288.900262 read(11, "@PS1,M,232319,17673905,585387,9505091,00000000*E2F4\r\n@PS1,M,232320,17673965,585212,9505059,00000000*6D81\r\n", 4096) = 106
1787728288.906088 read(11, "", 4096)    = 0
1787728288.930929 read(11, "@PS1,M,232321,17674025,585285,9505094,00000000*E4DE\r\n", 4096) = 53
1787728288.933069 read(11, "", 4096)    = 0
1787728289.062158 read(11, "@PS1,M,232322,17674085,585330,9505126,00000000*FB4E\r\n@PS1,M,232323,17674146,585232,9505113,00000000*61C0\r\n", 4096) = 106
1787728289.067259 read(11, "", 4096)    = 0
1787728289.229666 read(11, "@PS1,M,232324,17674326,585261,9505100,00000000*8945\r\n", 4096) = 53
1787728289.232247 read(11, "", 4096)    = 0
1787728289.375366 read(11, "@PS1,M,232325,17674386,585390,9505093,00000000*C9F0\r\n@PS1,M,232326,17674446,585315,9505103,00000000*5CFD\r\n", 4096) = 106
1787728289.380457 read(11, "", 4096)    = 0
1787728289.408939 read(11, "@PS1,M,232327,17674506,585412,9505159,00000000*217B\r\n", 4096) = 53
1787728289.411336 read(11, "", 4096)    = 0
1787728289.523303 read(11, "@PS1,M,232328,17674566,585213,9505133,00000000*95C4\r\n", 4096) = 53
1787728289.527161 read(11, "", 4096)    = 0
1787728289.528449 read(11, "@PS1,M,232329,17674626,585135,9505120,00000000*3C25\r\n", 4096) = 53
1787728289.530766 read(11, "", 4096)    = 0
1787728289.670805 read(11, "@PS1,M,232330,17674686,585242,9505159,00000000*857B\r\n", 4096) = 53
1787728289.674680 read(11, "", 4096)    = 0
1787728289.817775 read(11, "@PS1,M,232331,17674867,585336,9505128,00000000*DBF5\r\n", 4096) = 53
1787728289.821648 read(11, "", 4096)    = 0
1787728289.835731 read(11, "@PS1,M,232332,17674927,585339,9505173,00000000*982B\r\n", 4096) = 53
1787728289.837975 read(11, "", 4096)    = 0
1787728289.964174 read(11, "@PS1,M,232333,17674987,585398,9505149,00000000*5F6B\r\n@PS1,M,232334,17675047,585611,9505145,00000000*163B\r\n", 4096) = 106
1787728289.970316 read(11, "", 4096)    = 0
1787728290.007447 read(11, "@PS1,M,232335,17675107,585352,9505178,00000000*556D\r\n", 4096) = 53
1787728290.009554 read(11, "", 4096)    = 0
1787728290.125698 read(11, "@PS1,M,232336,17675167,585486,9505133,00000000*EC45\r\n", 4096) = 53
1787728290.129586 read(11, "", 4096)    = 0
1787728290.272719 read(11, "@PS1,M,232337,17675348,585549,9505159,00000000*5E9D\r\n", 4096) = 53
1787728290.276590 read(11, "", 4096)    = 0
1787728290.306781 read(11, "@PS1,M,232338,17675408,585534,9505125,00000000*E578\r\n", 4096) = 53
1787728290.308901 read(11, "", 4096)    = 0
1787728290.420147 read(11, "@PS1,M,232339,17675468,585481,9505114,00000000*60DC\r\n", 4096) = 53
1787728290.424632 read(11, "", 4096)    = 0
1787728290.426201 read(11, "@PS1,M,232340,17675528,585729,9505106,00000000*6907\r\n", 4096) = 53
1787728290.428111 read(11, "", 4096)    = 0
1787728290.568278 read(11, "@PS1,M,232341,17675588,585652,9505149,00000000*772B\r\n@PS1,M,232342,17675648,585607,9505132,00000000*1A0B\r\n", 4096) = 106
1787728290.573449 read(11, "", 4096)    = 0
1787728290.605501 read(11, "@PS1,M,232343,17675709,585726,9505092,00000000*2FEF\r\n", 4096) = 53
1787728290.607529 read(11, "", 4096)    = 0
1787728290.784837 read(11, "@PS1,M,232344,17675889,585948,9505068,00000000*33B2\r\n", 4096) = 53
1787728290.787404 read(11, "", 4096)    = 0
1787728290.931043 read(11, "@PS1,M,232345,17675949,585946,9505060,00000000*A35A\r\n@PS1,M,232346,17676009,585866,9505089,00000000*BAE0\r\n", 4096) = 106
1787728290.937308 read(11, "", 4096)    = 0
1787728290.964085 read(11, "@PS1,M,232347,17676069,586008,9505055,00000000*F517\r\n", 4096) = 53
1787728290.966264 read(11, "", 4096)    = 0
1787728291.092918 read(11, "@PS1,M,232348,17676129,585997,9505049,00000000*A21E\r\n@PS1,M,232349,17676189,586061,9505068,00000000*C677\r\n", 4096) = 106
1787728291.098553 read(11, "", 4096)    = 0
1787728291.263140 read(11, "@PS1,M,232350,17676370,586165,9505047,00000000*8BAE\r\n", 4096) = 53
1787728291.265880 read(11, "", 4096)    = 0
1787728291.322790 read(11, "@PS1,M,232351,17676430,586136,9504988,00000000*82CB\r\n", 4096) = 53
1787728291.324955 read(11, "", 4096)    = 0
1787728291.412106 read(11, "@PS1,M,232352,17676491,586251,9504985,00000000*CA44\r\n", 4096) = 53
1787728291.415733 read(11, "", 4096)    = 0
1787728291.443487 read(11, "@PS1,M,232353,17676551,586444,9505008,00000000*F544\r\n", 4096) = 53
1787728291.446418 read(11, "", 4096)    = 0
1787728291.559229 read(11, "@PS1,M,232354,17676611,586339,9505010,00000000*6E4D\r\n", 4096) = 53
1787728291.563966 read(11, "@PS1,M,232355,17676671,586381,9504925,00000000*DF28\r\n", 4096) = 53
1787728291.565932 read(11, "", 4096)    = 0
1787728291.622759 read(11, "@PS1,M,232356,17676731,586541,9504935,00000000*5204\r\n", 4096) = 53
1787728291.624761 read(11, "", 4096)    = 0
1787728291.802294 read(11, "@PS1,M,232357,17676911,586489,9504886,00000000*2695\r\n", 4096) = 53
1787728291.804471 read(11, "", 4096)    = 0
1787728291.947814 read(11, "@PS1,M,232358,17676972,586537,9504888,00000000*6BAA\r\n@PS1,M,232359,17677032,586544,9504870,00000000*079E\r\n", 4096) = 106
1787728291.953582 read(11, "", 4096)    = 0
1787728291.981532 read(11, "@PS1,M,232360,17677092,586701,9504911,00000000*562D\r\n", 4096) = 53
1787728291.983572 read(11, "", 4096)    = 0
1787728292.097903 read(11, "@PS1,M,232361,17677152,586666,9504850,00000000*6114\r\n", 4096) = 53
1787728292.101805 read(11, "@PS1,M,232362,17677212,586652,9504862,00000000*5FE1\r\n", 4096) = 53
1787728292.103822 read(11, "", 4096)    = 0
1787728292.280478 read(11, "@PS1,M,232363,17677392,586689,9504800,00000000*3D52\r\n", 4096) = 53
1787728292.282823 read(11, "", 4096)    = 0
1787728292.426498 read(11, "@PS1,M,232364,17677452,586861,9504830,00000000*EC2B\r\n@PS1,M,232365,17677512,586824,9504775,00000000*3CF3\r\n", 4096) = 106
1787728292.431868 read(11, "", 4096)    = 0
1787728292.459750 read(11, "@PS1,M,232366,17677572,586878,9504763,00000000*6DA6\r\n", 4096) = 53
1787728292.462262 read(11, "", 4096)    = 0
1787728292.574282 read(11, "@PS1,M,232367,17677632,586802,9504746,00000000*061F\r\n", 4096) = 53
1787728292.578112 read(11, "", 4096)    = 0
1787728292.579419 read(11, "@PS1,M,232368,17677692,586951,9504727,00000000*0515\r\n", 4096) = 53
1787728292.581377 read(11, "", 4096)    = 0
1787728292.721813 read(11, "@PS1,M,232369,17677752,586975,9504702,00000000*1046\r\n", 4096) = 53
1787728292.725972 read(11, "", 4096)    = 0
1787728292.869783 read(11, "@PS1,M,232370,17677934,586990,9504683,00000000*7034\r\n", 4096) = 53
1787728292.873671 read(11, "", 4096)    = 0
1787728292.887716 read(11, "@PS1,M,232371,17677994,586965,9504696,00000000*27D1\r\n", 4096) = 53
1787728292.890040 read(11, "", 4096)    = 0
1787728293.017039 read(11, "@PS1,M,232372,17678054,586999,9504668,00000000*5DE1\r\n@PS1,M,232373,17678114,587057,9504627,00000000*36C4\r\n", 4096) = 106
1787728293.022372 read(11, "", 4096)    = 0
1787728293.058163 read(11, "@PS1,M,232374,17678174,586969,9504632,00000000*CF37\r\n", 4096) = 53
1787728293.060575 read(11, "", 4096)    = 0
1787728293.178096 read(11, "@PS1,M,232375,17678234,586944,9504612,00000000*002B\r\n", 4096) = 53
1787728293.181953 read(11, "", 4096)    = 0
1787728293.324412 read(11, "@PS1,M,232376,17678414,587130,9504563,00000000*6242\r\n", 4096) = 53
1787728293.328248 read(11, "", 4096)    = 0
1787728293.357087 read(11, "@PS1,M,232377,17678474,587089,9504588,00000000*596F\r\n", 4096) = 53
1787728293.359284 read(11, "", 4096)    = 0
1787728293.512732 read(11, "@PS1,M,232378,17678534,587137,9504610,00000000*8BEE\r\n@PS1,M,232379,17678594,587179,9504538,00000000*3A76\r\n", 4096) = 106
1787728293.518934 read(11, "", 4096)    = 0
1787728293.536514 read(11, "@PS1,M,232380,17678654,587035,9504536,00000000*F3CF\r\n", 4096) = 53
1787728293.540283 read(11, "", 4096)    = 0
1787728293.681779 read(11, "@PS1,M,232381,17678714,587044,9504515,00000000*3018\r\n@PS1,M,232382,17678776,586990,9504551,00000000*810C\r\n", 4096) = 106
1787728293.686913 read(11, "", 4096)    = 0
1787728293.842496 read(11, "@PS1,M,232383,17678955,587001,9504526,00000000*99D9\r\n", 4096) = 53
1787728293.846316 read(11, "", 4096)    = 0
1787728293.895309 read(11, "@PS1,M,232384,17679015,587129,9504504,00000000*60BF\r\n", 4096) = 53
1787728293.897793 read(11, "", 4096)    = 0
1787728293.987804 read(11, "@PS1,M,232385,17679075,587013,9504498,00000000*FDEC\r\n", 4096) = 53
1787728293.991719 read(11, "", 4096)    = 0
1787728294.014826 read(11, "@PS1,M,232386,17679135,586895,9504522,00000000*7857\r\n", 4096) = 53
1787728294.017522 read(11, "", 4096)    = 0
1787728294.136086 read(11, "@PS1,M,232387,17679195,586954,9504527,00000000*40EF\r\n@PS1,M,232388,17679257,586830,9504505,00000000*4C5F\r\n", 4096) = 106
1787728294.141134 read(11, "", 4096)    = 0
1787728294.314052 read(11, "@PS1,M,232389,17679436,586795,9504532,00000000*5EA8\r\n", 4096) = 53
1787728294.316609 read(11, "", 4096)    = 0
1787728294.373697 read(11, "@PS1,M,232390,17679496,586805,9504486,00000000*70EF\r\n", 4096) = 53
1787728294.376281 read(11, "", 4096)    = 0
1787728294.463756 read(11, "@PS1,M,232391,17679556,586784,9504567,00000000*3122\r\n", 4096) = 53
1787728294.471892 read(11, "", 4096)    = 0
1787728294.494581 read(11, "@PS1,M,232392,17679617,586860,9504559,00000000*9E83\r\n", 4096) = 53
1787728294.497583 read(11, "", 4096)    = 0
1787728294.615559 read(11, "@PS1,M,232393,17679678,586743,9504551,00000000*CDCA\r\n@PS1,M,232394,17679738,586753,9504551,00000000*73ED\r\n", 4096) = 106
1787728294.621596 read(11, "", 4096)    = 0
1787728294.673645 read(11, "@PS1,M,232395,17679798,586735,9504568,00000000*2D96\r\n", 4096) = 53
1787728294.675770 read(11, "", 4096)    = 0
1787728294.859028 read(11, "@PS1,M,232396,17679978,586730,9504591,00000000*099F\r\n", 4096) = 53
1787728294.862886 read(11, "", 4096)    = 0
1787728294.912477 read(11, "@PS1,M,232397,17680038,586770,9504603,00000000*46D5\r\n", 4096) = 53
1787728294.914592 read(11, "", 4096)    = 0
1787728295.006024 read(11, "@PS1,M,232398,17680098,586664,9504594,00000000*0006\r\n", 4096) = 53
1787728295.009918 read(11, "", 4096)    = 0
1787728295.032048 read(11, "@PS1,M,232399,17680158,586480,9504637,00000000*72BC\r\n", 4096) = 53
1787728295.034702 read(11, "", 4096)    = 0
1787728295.154566 read(11, "@PS1,M,232400,17680218,586488,9504648,00000000*DF03\r\n@PS1,M,232401,17680278,586353,9504649,00000000*8A7C\r\n", 4096) = 106
1787728295.159732 read(11, "", 4096)    = 0
1787728295.330827 read(11, "@PS1,M,232402,17680458,586394,9504676,00000000*0F3A\r\n", 4096) = 53
1787728295.333091 read(11, "", 4096)    = 0
1787728295.476938 read(11, "@PS1,M,232403,17680519,586337,9504695,00000000*8CED\r\n@PS1,M,232404,17680579,586102,9504688,00000000*F8D2\r\n", 4096) = 106
1787728295.482670 read(11, "", 4096)    = 0
1787728295.511236 read(11, "@PS1,M,232405,17680639,586196,9504688,00000000*741D\r\n", 4096) = 53
1787728295.513488 read(11, "", 4096)    = 0
1787728295.639475 read(11, "@PS1,M,232406,17680699,586098,9504763,00000000*D4AE\r\n@PS1,M,232407,17680760,586051,9504758,00000000*0953\r\n", 4096) = 106
1787728295.644879 read(11, "", 4096)    = 0
1787728295.690454 read(11, "@PS1,M,232408,17680820,586017,9504757,00000000*02E9\r\n", 4096) = 53
1787728295.692503 read(11, "", 4096)    = 0
1787728295.869311 read(11, "@PS1,M,232409,17680999,585925,9504776,00000000*BF57\r\n", 4096) = 53
1787728295.871879 read(11, "", 4096)    = 0
1787728296.014877 read(11, "@PS1,M,232410,17681059,586012,9504828,00000000*1ABF\r\n@PS1,M,232411,17681121,585745,9504858,00000000*4210\r\n", 4096) = 106
1787728296.019948 read(11, "", 4096)    = 0
1787728296.049787 read(11, "@PS1,M,232412,17681181,585834,9504852,00000000*E65F\r\n", 4096) = 53
1787728296.051862 read(11, "", 4096)    = 0
1787728296.175871 read(11, "@PS1,M,232413,17681241,585737,9504858,00000000*46A8\r\n@PS1,M,232414,17681301,585700,9504875,00000000*8CCD\r\n", 4096) = 106
1787728296.181518 read(11, "", 4096)    = 0
1787728296.348253 read(11, "@PS1,M,232415,17681481,585703,9504940,00000000*F0FA\r\n", 4096) = 53
1787728296.350591 read(11, "", 4096)    = 0
1787728296.493136 read(11, "@PS1,M,232416,17681541,585672,9504976,00000000*0761\r\n@PS1,M,232417,17681601,585632,9504947,00000000*6A88\r\n", 4096) = 106
1787728296.498300 read(11, "", 4096)    = 0
1787728296.527450 read(11, "@PS1,M,232418,17681661,585527,9504966,00000000*B933\r\n", 4096) = 53
1787728296.529581 read(11, "", 4096)    = 0
1787728296.653547 read(11, "@PS1,M,232419,17681721,585524,9505012,00000000*78F2\r\n@PS1,M,232420,17681781,585482,9504962,00000000*EA1F\r\n", 4096) = 106
1787728296.659336 read(11, "", 4096)    = 0
1787728296.706739 read(11, "@PS1,M,232421,17681841,585539,9505004,00000000*EC36\r\n", 4096) = 53
1787728296.708735 read(11, "", 4096)    = 0
1787728296.886233 read(11, "@PS1,M,232422,17682022,585379,9505035,00000000*6B07\r\n", 4096) = 53
1787728296.888473 read(11, "", 4096)    = 0
1787728297.031778 read(11, "@PS1,M,232423,17682082,585347,9505071,00000000*F395\r\n@PS1,M,232424,17682143,585510,9505050,00000000*F13D\r\n", 4096) = 106
1787728297.037487 read(11, "", 4096)    = 0
1787728297.066658 read(11, "@PS1,M,232425,17682203,585339,9505056,00000000*A020\r\n", 4096) = 53
1787728297.069024 read(11, "", 4096)    = 0
1787728297.192318 read(11, "@PS1,M,232426,17682263,585336,9505059,00000000*9A40\r\n@PS1,M,232427,17682323,585354,9505050,00000000*B388\r\n", 4096) = 106
1787728297.197164 read(11, "", 4096)    = 0
1787728297.365350 read(11, "@PS1,M,232428,17682503,585290,9505117,00000000*92F6\r\n", 4096) = 53
1787728297.367643 read(11, "", 4096)    = 0
1787728297.510240 read(11, "@PS1,M,232429,17682563,585325,9505110,00000000*1C17\r\n@PS1,M,232430,17682623,585119,9505077,00000000*1E12\r\n", 4096) = 106
1787728297.515653 read(11, "", 4096)    = 0
1787728297.544521 read(11, "@PS1,M,232431,17682683,585166,9505123,00000000*E592\r\n", 4096) = 53
1787728297.546633 read(11, "", 4096)    = 0
1787728297.670331 read(11, "@PS1,M,232432,17682743,585240,9505137,00000000*6183\r\n@PS1,M,232433,17682803,585203,9505121,00000000*4EF9\r\n", 4096) = 106
1787728297.675650 read(11, "", 4096)    = 0
1787728297.723728 read(11, "@PS1,M,232434,17682863,585240,9505124,00000000*F959\r\n", 4096) = 53
1787728297.726168 read(11, "", 4096)    = 0
1787728297.903873 read(11, "@PS1,M,232435,17683044,585273,9505147,00000000*585F\r\n", 4096) = 53
1787728297.906413 read(11, "", 4096)    = 0
1787728298.048010 read(11, "@PS1,M,232436,17683105,585470,9505154,00000000*F95B\r\n@PS1,M,232437,17683165,585374,9505150,00000000*69D0\r\n", 4096) = 106
1787728298.054871 read(11, "", 4096)    = 0
1787728298.083090 read(11, "@PS1,M,232438,17683225,585261,9505181,00000000*2D77\r\n", 4096) = 53
1787728298.085221 read(11, "", 4096)    = 0
1787728298.209811 read(11, "@PS1,M,232439,17683285,585384,9505170,00000000*6F71\r\n@PS1,M,232440,17683345,585452,9505141,00000000*5923\r\n", 4096) = 106
1787728298.215094 read(11, "", 4096)    = 0
1787728298.381908 read(11, "@PS1,M,232441,17683525,585452,9505217,00000000*9C59\r\n", 4096) = 53
1787728298.383949 read(11, "", 4096)    = 0
1787728298.576619 read(11, "@PS1,M,232442,17683585,585523,9505171,00000000*2B10\r\n@PS1,M,232443,17683645,585353,9505157,00000000*7E4D\r\n@PS1,M,232444,17683705,585619,9505148,00000000*3AC1\r\n", 4096) = 159
1787728298.584519 read(11, "", 4096)    = 0
1787728298.622215 read(11, "@PS1,M,232445,17683766,585588,9505113,00000000*2352\r\n", 4096) = 53
1787728298.625464 read(11, "", 4096)    = 0
1787728298.733738 --- SIGCHLD {si_signo=SIGCHLD, si_code=CLD_EXITED, si_pid=51988, si_uid=1000, si_status=0, si_utime=0, si_stime=0} ---
1787728298.747780 read(11, "@PS1,M,232446,17683827,585505,9505097,00000000*EF65\r\n@PS1,M,232447,17683887,585574,9505153,00000000*9FA9\r\n", 4096) = 106
1787728298.753455 read(11, "", 4096)    = 0
1787728298.921112 read(11, "@PS1,M,232448,17684067,585734,9505103,00000000*CEBE\r\n", 4096) = 53
1787728298.923568 read(11, "", 4096)    = 0
1787728299.066526 read(11, "@PS1,M,232449,17684127,585750,9505106,00000000*00EC\r\n@PS1,M,232450,17684187,585788,9505125,00000000*C733\r\n", 4096) = 106
1787728299.071833 read(11, "", 4096)    = 0
1787728299.100331 read(11, "@PS1,M,232451,17684247,585742,9505093,00000000*B564\r\n", 4096) = 53
1787728299.102437 read(11, "", 4096)    = 0
1787728299.226858 read(11, "@PS1,M,232452,17684307,585932,9505094,00000000*A37C\r\n@PS1,M,232453,17684367,585813,9505063,00000000*1828\r\n", 4096) = 106
1787728299.231904 read(11, "", 4096)    = 0
1787728299.398821 read(11, "@PS1,M,232454,17684547,585977,9505053,00000000*92E9\r\n", 4096) = 53
1787728299.401489 read(11, "", 4096)    = 0
1787728299.544199 read(11, "@PS1,M,232455,17684607,586103,9505064,00000000*DD9A\r\n@PS1,M,232456,17684667,586006,9505069,00000000*0DEF\r\n", 4096) = 106
1787728299.549420 read(11, "", 4096)    = 0
1787728299.579296 read(11, "@PS1,M,232457,17684729,586133,9505041,00000000*38CC\r\n", 4096) = 53
1787728299.581392 read(11, "", 4096)    = 0
1787728299.704680 read(11, "@PS1,M,232458,17684789,586144,9505026,00000000*2172\r\n@PS1,M,232459,17684849,586199,9505034,00000000*2F3A\r\n", 4096) = 106
1787728299.710334 read(11, "", 4096)    = 0
1787728299.758468 read(11, "@PS1,M,232460,17684909,586269,9505025,00000000*7CB4\r\n", 4096) = 53
1787728299.761297 read(11, "", 4096)    = 0
1787728299.937843 read(11, "@PS1,M,232461,17685089,586436,9504993,00000000*979B\r\n", 4096) = 53
1787728299.940474 read(11, "", 4096)    = 0
1787728300.081960 read(11, "@PS1,M,232462,17685149,586373,9504977,00000000*AA07\r\n@PS1,M,232463,17685209,586622,9504940,00000000*7900\r\n", 4096) = 106
1787728300.087405 read(11, "", 4096)    = 0
1787728300.117065 read(11, "@PS1,M,232464,17685269,586434,9504949,00000000*D42E\r\n", 4096) = 53
1787728300.119425 read(11, "", 4096)    = 0
1787728300.229798 read(11, "@PS1,M,232465,17685329,586459,9504920,00000000*0DA8\r\n", 4096) = 53
1787728300.233682 read(11, "", 4096)    = 0
1787728300.236490 read(11, "@PS1,M,232466,17685389,586688,9504888,00000000*14C2\r\n", 4096) = 53
1787728300.242742 read(11, "", 4096)    = 0
1787728300.416647 read(11, "@PS1,M,232467,17685570,586612,9504883,00000000*4D85\r\n", 4096) = 53
1787728300.418987 read(11, "", 4096)    = 0
1787728300.562291 read(11, "@PS1,M,232468,17685630,586517,9504841,00000000*D5DD\r\n@PS1,M,232469,17685690,586915,9504868,00000000*2C3D\r\n", 4096) = 106
1787728300.567864 read(11, "", 4096)    = 0
1787728300.595892 read(11, "@PS1,M,232470,17685750,586835,9504811,00000000*5493\r\n", 4096) = 53
1787728300.598185 read(11, "", 4096)    = 0
1787728300.723242 read(11, "@PS1,M,232471,17685811,586765,9504815,00000000*D353\r\n@PS1,M,232472,17685871,586829,9504797,00000000*ADA8\r\n", 4096) = 106
1787728300.728356 read(11, "", 4096)    = 0
1787728300.775159 read(11, "@PS1,M,232473,17685931,586886,9504779,00000000*E238\r\n", 4096) = 53
1787728300.777749 read(11, "", 4096)    = 0
1787728300.954048 read(11, "@PS1,M,232474,17686110,586950,9504749,00000000*86E8\r\n", 4096) = 53
1787728300.956707 read(11, "", 4096)    = 0
1787728301.099394 read(11, "@PS1,M,232475,17686170,586957,9504712,00000000*41B7\r\n@PS1,M,232476,17686232,586930,9504739,00000000*9F1F\r\n", 4096) = 106
1787728301.104529 read(11, "", 4096)    = 0
1787728301.134536 read(11, "@PS1,M,232477,17686292,587043,9504678,00000000*2292\r\n", 4096) = 53
1787728301.136533 read(11, "", 4096)    = 0
1787728301.247158 read(11, "@PS1,M,232478,17686352,586955,9504677,00000000*051D\r\n", 4096) = 53
1787728301.251080 read(11, "", 4096)    = 0
1787728301.265165 read(11, "@PS1,M,232479,17686412,587023,9504696,00000000*39F4\r\n", 4096) = 53
1787728301.267791 read(11, "", 4096)    = 0
1787728301.433203 read(11, "@PS1,M,232480,17686592,587061,9504641,00000000*81F1\r\n", 4096) = 53
1787728301.435390 read(11, "", 4096)    = 0
1787728301.578350 read(11, "@PS1,M,232481,17686652,587067,9504638,00000000*8C42\r\n@PS1,M,232482,17686712,587116,9504639,00000000*2C74\r\n", 4096) = 106
1787728301.583600 read(11, "", 4096)    = 0
1787728301.612488 read(11, "@PS1,M,232483,17686772,586954,9504641,00000000*DA91\r\n", 4096) = 53
1787728301.614542 read(11, "", 4096)    = 0
1787728301.726522 read(11, "@PS1,M,232484,17686832,587093,9504590,00000000*5A9F\r\n", 4096) = 53
1787728301.730701 read(11, "", 4096)    = 0
1787728301.731921 read(11, "@PS1,M,232485,17686892,587103,9504567,00000000*51AF\r\n", 4096) = 53
1787728301.733939 read(11, "", 4096)    = 0
1787728301.874155 read(11, "@PS1,M,232486,17686952,587036,9504558,00000000*3B82\r\n", 4096) = 53
1787728301.878253 read(11, "", 4096)    = 0
1787728302.021252 read(11, "@PS1,M,232487,17687133,587094,9504538,00000000*8904\r\n", 4096) = 53
1787728302.025108 read(11, "", 4096)    = 0
1787728302.039268 read(11, "@PS1,M,232488,17687193,587031,9504570,00000000*90C5\r\n", 4096) = 53
1787728302.041610 read(11, "", 4096)    = 0
1787728302.167847 read(11, "@PS1,M,232489,17687253,586964,9504584,00000000*7C4D\r\n@PS1,M,232490,17687313,587006,9504535,00000000*5EDF\r\n", 4096) = 106
1787728302.173533 read(11, "", 4096)    = 0
1787728302.210608 read(11, "@PS1,M,232491,17687373,586988,9504518,00000000*0F1E\r\n", 4096) = 53
1787728302.212619 read(11, "", 4096)    = 0
1787728302.328853 read(11, "@PS1,M,232492,17687433,586799,9504532,00000000*5AEB\r\n", 4096) = 53
1787728302.332677 read(11, "", 4096)    = 0
1787728302.475191 read(11, "@PS1,M,232493,17687614,586774,9504510,00000000*9732\r\n", 4096) = 53
1787728302.479090 read(11, "", 4096)    = 0
1787728302.510064 read(11, "@PS1,M,232494,17687674,586797,9504546,00000000*2472\r\n", 4096) = 53
1787728302.513343 read(11, "", 4096)    = 0
1787728302.621405 read(11, "@PS1,M,232495,17687734,586911,9504514,00000000*FBBA\r\n", 4096) = 53
1787728302.625252 read(11, "", 4096)    = 0
1787728302.639322 read(11, "@PS1,M,232496,17687795,586856,9504546,00000000*ABF3\r\n", 4096) = 53
1787728302.641714 read(11, "", 4096)    = 0
1787728302.769209 read(11, "@PS1,M,232497,17687855,587068,9504560,00000000*6C77\r\n@PS1,M,232498,17687915,586940,9504578,00000000*3F6D\r\n", 4096) = 106
1787728302.774844 read(11, "", 4096)    = 0
1787728302.808819 read(11, "@PS1,M,232499,17687975,586925,9504536,00000000*F648\r\n", 4096) = 53
1787728302.811191 read(11, "", 4096)    = 0
1787728302.988309 read(11, "@PS1,M,232500,17688155,586580,9504573,00000000*6035\r\n", 4096) = 53
1787728302.990886 read(11, "", 4096)    = 0
1787728303.047965 read(11, "@PS1,M,232501,17688215,586609,9504590,00000000*7F7C\r\n", 4096) = 53
1787728303.050149 read(11, "", 4096)    = 0
1787728303.136900 read(11, "@PS1,M,232502,17688275,586517,9504595,00000000*A126\r\n", 4096) = 53
1787728303.140461 read(11, "", 4096)    = 0
1787728303.167546 read(11, "@PS1,M,232503,17688335,586567,9504590,00000000*41CC\r\n", 4096) = 53
1787728303.170065 read(11, "", 4096)    = 0
1787728303.282966 read(11, "@PS1,M,232504,17688395,586574,9504625,00000000*1DEC\r\n", 4096) = 53
1787728303.287177 read(11, "@PS1,M,232505,17688455,586494,9504645,00000000*F9E9\r\n", 4096) = 53
1787728303.289309 read(11, "", 4096)    = 0
1787728303.467512 read(11, "@PS1,M,232506,17688637,586459,9504664,00000000*D308\r\n", 4096) = 53
1787728303.469785 read(11, "", 4096)    = 0
1787728303.674510 read(11, "@PS1,M,232507,17688697,586308,9504670,00000000*AF37\r\n@PS1,M,232508,17688757,586324,9504716,00000000*71E7\r\n@PS1,M,232509,17688817,586292,9504693,00000000*09E4\r\n", 4096) = 159
1787728303.684673 read(11, "", 4096)    = 0
1787728303.687070 --- SIGCHLD {si_signo=SIGCHLD, si_code=CLD_EXITED, si_pid=52006, si_uid=1000, si_status=0, si_utime=0, si_stime=0} ---
1787728303.706461 read(11, "@PS1,M,232510,17688877,586350,9504758,00000000*9C94\r\n", 4096) = 53
1787728303.708667 read(11, "", 4096)    = 0
1787728303.838606 read(11, "@PS1,M,232511,17688937,586187,9504735,00000000*6053\r\n@PS1,M,232512,17688997,586024,9504759,00000000*B039\r\n", 4096) = 106
1787728303.843743 read(11, "", 4096)    = 0
1787728304.005309 read(11, "@PS1,M,232513,17689177,586049,9504776,00000000*AACB\r\n", 4096) = 53
1787728304.008009 read(11, "", 4096)    = 0
1787728304.064951 read(11, "@PS1,M,232514,17689237,585986,9504778,00000000*E661\r\n", 4096) = 53
1787728304.067391 read(11, "", 4096)    = 0
1787728304.154136 read(11, "@PS1,M,232515,17689297,586083,9504840,00000000*C6FF\r\n", 4096) = 53
1787728304.157766 read(11, "", 4096)    = 0
1787728304.184519 read(11, "@PS1,M,232516,17689358,585934,9504837,00000000*C1EE\r\n", 4096) = 53
1787728304.186769 read(11, "", 4096)    = 0
1787728304.300119 read(11, "@PS1,M,232517,17689418,585913,9504828,00000000*740D\r\n", 4096) = 53
1787728304.303979 read(11, "@PS1,M,232518,17689478,585835,9504849,00000000*EFE5\r\n", 4096) = 53
1787728304.306278 read(11, "", 4096)    = 0
1787728304.484102 read(11, "@PS1,M,232519,17689659,585775,9504903,00000000*EF17\r\n", 4096) = 53
1787728304.486743 read(11, "", 4096)    = 0
1787728304.629020 read(11, "@PS1,M,232520,17689719,585795,9504933,00000000*F3A5\r\n@PS1,M,232521,17689779,585710,9504935,00000000*55B2\r\n", 4096) = 106
1787728304.634350 read(11, "", 4096)    = 0
1787728304.663319 read(11, "@PS1,M,232522,17689839,585687,9504946,00000000*A20D\r\n", 4096) = 53
1787728304.665473 read(11, "", 4096)    = 0
1787728304.777091 read(11, "@PS1,M,232523,17689899,585678,9504965,00000000*FF81\r\n", 4096) = 53
1787728304.781028 read(11, "", 4096)    = 0
1787728304.782756 read(11, "@PS1,M,232524,17689959,585531,9504997,00000000*EE39\r\n", 4096) = 53
1787728304.785167 read(11, "", 4096)    = 0
1787728304.923062 read(11, "@PS1,M,232525,17690019,585556,9505031,00000000*8596\r\n", 4096) = 53
1787728304.926922 read(11, "", 4096)    = 0
1787728305.068533 read(11, "@PS1,M,232526,17690199,585539,9504994,00000000*6F5A\r\n", 4096) = 53
1787728305.072641 read(11, "", 4096)    = 0
1787728305.086457 read(11, "@PS1,M,232527,17690259,585363,9505032,00000000*6804\r\n", 4096) = 53
1787728305.088739 read(11, "", 4096)    = 0
1787728305.216294 read(11, "@PS1,M,232528,17690319,585324,9505052,00000000*E0AE\r\n@PS1,M,232529,17690379,585519,9505073,00000000*540B\r\n", 4096) = 106
1787728305.222006 read(11, "", 4096)    = 0
1787728305.262100 read(11, "@PS1,M,232530,17690441,585448,9505065,00000000*7591\r\n", 4096) = 53
1787728305.264184 read(11, "", 4096)    = 0
1787728305.364523 read(11, "@PS1,M,232531,17690501,585410,9505073,00000000*A18D\r\n", 4096) = 53
1787728305.368381 read(11, "", 4096)    = 0
1787728305.510295 read(11, "@PS1,M,232532,17690680,585411,9505110,00000000*EF0F\r\n", 4096) = 53
1787728305.514020 read(11, "", 4096)    = 0
1787728305.560232 read(11, "@PS1,M,232533,17690740,585369,9505112,00000000*59C4\r\n", 4096) = 53
1787728305.562358 read(11, "", 4096)    = 0
1787728305.658043 read(11, "@PS1,M,232534,17690800,585462,9505123,00000000*8323\r\n", 4096) = 53
1787728305.662203 read(11, "", 4096)    = 0
1787728305.679745 read(11, "@PS1,M,232535,17690860,585257,9505127,00000000*A42A\r\n", 4096) = 53
1787728305.682442 read(11, "", 4096)    = 0
1787728305.803876 read(11, "@PS1,M,232536,17690922,585268,9505150,00000000*5951\r\n@PS1,M,232537,17690982,585339,9505118,00000000*F6B4\r\n", 4096) = 106
1787728305.808898 read(11, "", 4096)    = 0
1787728305.860355 read(11, "@PS1,M,232538,17691042,585397,9505125,00000000*B642\r\n", 4096) = 53
1787728305.862589 read(11, "", 4096)    = 0
1787728306.054507 read(11, "@PS1,M,232539,17691222,585278,9505151,00000000*1D31\r\n", 4096) = 53
1787728306.058725 read(11, "", 4096)    = 0
1787728306.099285 read(11, "@PS1,M,232540,17691282,585348,9505161,00000000*4115\r\n", 4096) = 53
1787728306.101889 read(11, "", 4096)    = 0
1787728306.202659 read(11, "@PS1,M,232541,17691342,585394,9505173,00000000*6B08\r\n", 4096) = 53
1787728306.206463 read(11, "", 4096)    = 0
1787728306.220462 read(11, "@PS1,M,232542,17691402,585286,9505185,00000000*C7D1\r\n", 4096) = 53
1787728306.222781 read(11, "", 4096)    = 0
1787728306.348705 read(11, "@PS1,M,232543,17691462,585266,9505156,00000000*6CA0\r\n@PS1,M,232544,17691522,585459,9505192,00000000*9C74\r\n", 4096) = 106
1787728306.354435 read(11, "", 4096)    = 0
1787728306.527381 read(11, "@PS1,M,232545,17691702,585318,9505165,00000000*C580\r\n", 4096) = 53
1787728306.529951 read(11, "", 4096)    = 0
1787728306.577152 read(11, "@PS1,M,232546,17691762,585448,9505196,00000000*8C0E\r\n", 4096) = 53
1787728306.579205 read(11, "", 4096)    = 0
1787728306.668424 read(11, "@PS1,M,232547,17691822,585496,9505156,00000000*4493\r\n", 4096) = 53
1787728306.672296 read(11, "", 4096)    = 0
1787728306.697864 read(11, "@PS1,M,232548,17691884,585550,9505149,00000000*94FE\r\n", 4096) = 53
1787728306.700021 read(11, "", 4096)    = 0
1787728306.814148 read(11, "@PS1,M,232549,17691944,585489,9505163,00000000*B977\r\n", 4096) = 53
1787728306.818259 read(11, "@PS1,M,232550,17692004,585470,9505180,00000000*E82D\r\n", 4096) = 53
1787728306.820369 read(11, "", 4096)    = 0
1787728306.877103 read(11, "@PS1,M,232551,17692064,585534,9505202,00000000*59BD\r\n", 4096) = 53
1787728306.879128 read(11, "", 4096)    = 0
1787728307.055885 read(11, "@PS1,M,232552,17692244,585598,9505149,00000000*1D69\r\n", 4096) = 53
1787728307.058168 read(11, "", 4096)    = 0
1787728307.201096 read(11, "@PS1,M,232553,17692304,585625,9505163,00000000*7C8C\r\n@PS1,M,232554,17692364,585655,9505152,00000000*6C91\r\n", 4096) = 106
1787728307.207845 read(11, "", 4096)    = 0
1787728307.235155 read(11, "@PS1,M,232555,17692424,585943,9505116,00000000*1C69\r\n", 4096) = 53
1787728307.237345 read(11, "", 4096)    = 0
1787728307.361668 read(11, "@PS1,M,232556,17692484,585692,9505132,00000000*1D40\r\n@PS1,M,232557,17692545,585767,9505126,00000000*99A4\r\n", 4096) = 106
1787728307.366848 read(11, "", 4096)    = 0
1787728307.535031 read(11, "@PS1,M,232558,17692725,585956,9505104,00000000*D362\r\n", 4096) = 53
1787728307.538056 read(11, "", 4096)    = 0
1787728307.594692 read(11, "@PS1,M,232559,17692785,585915,9505100,00000000*D151\r\n", 4096) = 53
1787728307.597279 read(11, "", 4096)    = 0
1787728307.683033 read(11, "@PS1,M,232560,17692845,585941,9505094,00000000*94CE\r\n", 4096) = 53
1787728307.686661 read(11, "", 4096)    = 0
1787728307.714332 read(11, "@PS1,M,232561,17692905,586039,9505082,00000000*0AFC\r\n", 4096) = 53
1787728307.716665 read(11, "", 4096)    = 0
1787728307.828102 read(11, "@PS1,M,232562,17692965,586115,9505106,00000000*F33D\r\n", 4096) = 53
1787728307.831999 read(11, "", 4096)    = 0
1787728307.833688 read(11, "@PS1,M,232563,17693025,585985,9505077,00000000*BC32\r\n", 4096) = 53
1787728307.835579 read(11, "", 4096)    = 0
1787728307.974214 read(11, "@PS1,M,232564,17693085,586032,9505033,00000000*2B4C\r\n", 4096) = 53
1787728307.978357 read(11, "", 4096)    = 0
1787728308.121410 read(11, "@PS1,M,232565,17693266,586196,9505006,00000000*FA4E\r\n", 4096) = 53
1787728308.125322 read(11, "", 4096)    = 0
1787728308.139252 read(11, "@PS1,M,232566,17693326,586317,9505024,00000000*BFF0\r\n", 4096) = 53
1787728308.141638 read(11, "", 4096)    = 0
1787728308.267023 read(11, "@PS1,M,232567,17693386,586424,9505047,00000000*E2CB\r\n@PS1,M,232568,17693446,586482,9504973,00000000*DB12\r\n", 4096) = 106
1787728308.273351 read(11, "", 4096)    = 0
1787728308.312090 read(11, "@PS1,M,232569,17693506,586306,9504985,00000000*D39B\r\n", 4096) = 53
1787728308.314548 read(11, "", 4096)    = 0
1787728308.427396 read(11, "@PS1,M,232570,17693566,586429,9504999,00000000*4A89\r\n", 4096) = 53
1787728308.431347 read(11, "", 4096)    = 0
1787728308.572188 read(11, "@PS1,M,232571,17693747,586551,9504957,00000000*C5C9\r\n", 4096) = 53
1787728308.576048 read(11, "", 4096)    = 0
1787728308.611957 read(11, "@PS1,M,232572,17693808,586621,9504920,00000000*B501\r\n", 4096) = 53
1787728308.614583 read(11, "", 4096)    = 0
1787728308.771686 --- SIGCHLD {si_signo=SIGCHLD, si_code=CLD_EXITED, si_pid=52025, si_uid=1000, si_status=0, si_utime=0, si_stime=0} ---
1787728308.789449 read(11, "@PS1,M,232573,17693868,586643,9504895,00000000*FF33\r\n@PS1,M,232574,17693928,586598,9504918,00000000*1F3D\r\n", 4096) = 106
1787728308.795007 read(11, "@PS1,M,232575,17693988,586708,9504925,00000000*2DD0\r\n", 4096) = 53
1787728308.796775 read(11, "", 4096)    = 0
1787728308.850856 read(11, "@PS1,M,232576,17694048,586891,9504868,00000000*DA99\r\n", 4096) = 53
1787728308.852984 read(11, "", 4096)    = 0
1787728308.950403 read(11, "@PS1,M,232577,17694108,586666,9504866,00000000*A10F\r\n", 4096) = 53
1787728308.954248 read(11, "", 4096)    = 0
1787728309.096829 read(11, "@PS1,M,232578,17694289,586777,9504830,00000000*4CA4\r\n", 4096) = 53
1787728309.100644 read(11, "", 4096)    = 0
1787728309.150447 read(11, "@PS1,M,232579,17694349,586827,9504805,00000000*7EA6\r\n", 4096) = 53
1787728309.152768 read(11, "", 4096)    = 0
1787728309.241554 read(11, "@PS1,M,232580,17694409,586792,9504816,00000000*2A34\r\n", 4096) = 53
1787728309.245331 read(11, "", 4096)    = 0
1787728309.269995 read(11, "@PS1,M,232581,17694469,586902,9504738,00000000*ABA2\r\n", 4096) = 53
1787728309.272859 read(11, "", 4096)    = 0
1787728309.387019 read(11, "@PS1,M,232582,17694529,586998,9504746,00000000*C408\r\n", 4096) = 53
1787728309.390912 read(11, "@PS1,M,232583,17694589,586941,9504742,00000000*8936\r\n", 4096) = 53
1787728309.393093 read(11, "", 4096)    = 0
1787728309.568242 read(11, "@PS1,M,232584,17694769,586972,9504673,00000000*CB52\r\n", 4096) = 53
1787728309.571635 read(11, "", 4096)    = 0
1787728309.627898 read(11, "@PS1,M,232585,17694829,587167,9504716,00000000*8184\r\n", 4096) = 53
1787728309.630001 read(11, "", 4096)    = 0
1787728309.715574 read(11, "@PS1,M,232586,17694889,587037,9504695,00000000*FD03\r\n", 4096) = 53
1787728309.719201 read(11, "", 4096)    = 0
1787728309.748688 read(11, "@PS1,M,232587,17694950,587048,9504678,00000000*D2F8\r\n", 4096) = 53
1787728309.750960 read(11, "", 4096)    = 0
1787728309.856786 read(11, "@PS1,M,232588,17695010,586991,9504648,00000000*BEAE\r\n", 4096) = 53
1787728309.860649 read(11, "", 4096)    = 0
1787728309.874666 read(11, "@PS1,M,232589,17695070,587008,9504626,00000000*212D\r\n", 4096) = 53
1787728309.877402 read(11, "", 4096)    = 0
1787728310.002335 read(11, "@PS1,M,232590,17695130,587075,9504610,00000000*3F92\r\n", 4096) = 53
1787728310.006260 read(11, "", 4096)    = 0
1787728310.149485 read(11, "@PS1,M,232591,17695310,587011,9504608,00000000*473D\r\n", 4096) = 53
1787728310.153446 read(11, "", 4096)    = 0
1787728310.167400 read(11, "@PS1,M,232592,17695370,587152,9504607,00000000*0139\r\n", 4096) = 53
1787728310.169848 read(11, "", 4096)    = 0
1787728310.294825 read(11, "@PS1,M,232593,17695431,587203,9504566,00000000*8096\r\n@PS1,M,232594,17695491,587153,9504603,00000000*E18E\r\n", 4096) = 106
1787728310.300827 read(11, "", 4096)    = 0
1787728310.346883 read(11, "@PS1,M,232595,17695551,587085,9504576,00000000*179D\r\n", 4096) = 53
1787728310.348864 read(11, "", 4096)    = 0
1787728310.438964 read(11, "@PS1,M,232596,17695611,587078,9504589,00000000*8BE5\r\n", 4096) = 53
1787728310.442829 read(11, "", 4096)    = 0
1787728310.585501 read(11, "@PS1,M,232597,17695791,586949,9504545,00000000*FA71\r\n", 4096) = 53
1787728310.588126 read(11, "", 4096)    = 0
1787728310.729352 read(11, "@PS1,M,232598,17695851,586999,9504592,00000000*ED68\r\n@PS1,M,232599,17695911,586998,9504594,00000000*7663\r\n", 4096) = 106
1787728310.734830 read(11, "", 4096)    = 0
1787728310.764774 read(11, "@PS1,M,232600,17695971,587074,9504556,00000000*82BB\r\n", 4096) = 53
1787728310.766852 read(11, "", 4096)    = 0
1787728310.887784 read(11, "@PS1,M,232601,17696031,586983,9504533,00000000*683E\r\n@PS1,M,232602,17696091,587017,9504547,00000000*C0CC\r\n", 4096) = 106
1787728310.892930 read(11, "", 4096)    = 0
1787728310.944022 read(11, "@PS1,M,232603,17696152,586952,9504560,00000000*8C04\r\n", 4096) = 53
1787728310.946109 read(11, "", 4096)    = 0
1787728311.124122 read(11, "@PS1,M,232604,17696333,586731,9504547,00000000*86E9\r\n", 4096) = 53
1787728311.127083 read(11, "", 4096)    = 0
1787728311.183839 read(11, "@PS1,M,232605,17696393,586737,9504540,00000000*7D9C\r\n", 4096) = 53
1787728311.186010 read(11, "", 4096)    = 0
1787728311.271470 read(11, "@PS1,M,232606,17696453,586615,9504577,00000000*0C64\r\n", 4096) = 53
1787728311.275072 read(11, "", 4096)    = 0
1787728311.303458 read(11, "@PS1,M,232607,17696513,586852,9504567,00000000*7471\r\n", 4096) = 53
1787728311.306023 read(11, "", 4096)    = 0
1787728311.416020 read(11, "@PS1,M,232608,17696573,586825,9504565,00000000*FC20\r\n", 4096) = 53
1787728311.419903 read(11, "", 4096)    = 0
1787728311.434093 read(11, "@PS1,M,232609,17696633,586678,9504599,00000000*C5CE\r\n", 4096) = 53
1787728311.436684 read(11, "", 4096)    = 0
1787728311.602748 read(11, "@PS1,M,232610,17696814,586621,9504615,00000000*1CE9\r\n", 4096) = 53
1787728311.605431 read(11, "", 4096)    = 0
1787728311.747523 read(11, "@PS1,M,232611,17696874,586504,9504624,00000000*BC0A\r\n@PS1,M,232612,17696934,586540,9504629,00000000*BC67\r\n", 4096) = 106
1787728311.752657 read(11, "", 4096)    = 0
1787728311.781988 read(11, "@PS1,M,232613,17696994,586503,9504648,00000000*8DD0\r\n", 4096) = 53
1787728311.783943 read(11, "", 4096)    = 0
1787728311.894938 read(11, "@PS1,M,232614,17697054,586458,9504648,00000000*034F\r\n", 4096) = 53
1787728311.899092 read(11, "", 4096)    = 0
1787728311.901465 read(11, "@PS1,M,232615,17697114,586382,9504662,00000000*A0B3\r\n", 4096) = 53
1787728311.903400 read(11, "", 4096)    = 0
1787728312.040629 read(11, "@PS1,M,232616,17697174,586452,9504677,00000000*59C6\r\n", 4096) = 53
1787728312.044402 read(11, "", 4096)    = 0
1787728312.187408 read(11, "@PS1,M,232617,17697355,586223,9504707,00000000*BF34\r\n", 4096) = 53
1787728312.191380 read(11, "", 4096)    = 0
1787728312.205523 read(11, "@PS1,M,232618,17697415,586234,9504751,00000000*D58F\r\n", 4096) = 53
1787728312.207795 read(11, "", 4096)    = 0
1787728312.333923 read(11, "@PS1,M,232619,17697475,586364,9504738,00000000*E7C6\r\n@PS1,M,232620,17697535,586122,9504753,00000000*DE5D\r\n", 4096) = 106
1787728312.339662 read(11, "", 4096)    = 0
1787728312.380109 read(11, "@PS1,M,232621,17697595,586002,9504751,00000000*7E10\r\n", 4096) = 53
1787728312.382271 read(11, "", 4096)    = 0
1787728312.482004 read(11, "@PS1,M,232622,17697655,586215,9504776,00000000*AE7A\r\n", 4096) = 53
1787728312.485869 read(11, "", 4096)    = 0
1787728312.628035 read(11, "@PS1,M,232623,17697835,585975,9504801,00000000*70ED\r\n", 4096) = 53
1787728312.631844 read(11, "", 4096)    = 0
1787728312.679051 read(11, "@PS1,M,232624,17697895,586018,9504843,00000000*933E\r\n", 4096) = 53
1787728312.681730 read(11, "", 4096)    = 0
1787728312.771563 read(11, "@PS1,M,232625,17697955,585981,9504808,00000000*BB9B\r\n", 4096) = 53
1787728312.774611 read(11, "", 4096)    = 0
1787728312.798625 read(11, "@PS1,M,232626,17698015,585896,9504902,00000000*67E5\r\n", 4096) = 53
1787728312.801367 read(11, "", 4096)    = 0
1787728312.917141 read(11, "@PS1,M,232627,17698077,585950,9504878,00000000*FAF2\r\n", 4096) = 53
1787728312.921038 read(11, "@PS1,M,232628,17698137,585852,9504919,00000000*6352\r\n", 4096) = 53
1787728312.923015 read(11, "", 4096)    = 0
1787728312.979035 read(11, "@PS1,M,232629,17698197,585772,9504885,00000000*834A\r\n", 4096) = 53
1787728312.981586 read(11, "", 4096)    = 0
1787728313.157920 read(11, "@PS1,M,232630,17698377,585734,9504944,00000000*CEB0\r\n", 4096) = 53
1787728313.160123 read(11, "", 4096)    = 0
1787728313.302971 read(11, "@PS1,M,232631,17698437,585641,9504950,00000000*D327\r\n@PS1,M,232632,17698497,585569,9504970,00000000*BF31\r\n", 4096) = 106
1787728313.309120 read(11, "", 4096)    = 0
1787728313.337152 read(11, "@PS1,M,232633,17698557,585725,9504986,00000000*4E24\r\n", 4096) = 53
1787728313.339564 read(11, "", 4096)    = 0
1787728313.464459 read(11, "@PS1,M,232634,17698617,585589,9505001,00000000*B195\r\n@PS1,M,232635,17698677,585554,9505019,00000000*9150\r\n", 4096) = 106
1787728313.470027 read(11, "", 4096)    = 0
1787728313.637247 read(11, "@PS1,M,232636,17698858,585521,9505015,00000000*A1A1\r\n", 4096) = 53
1787728313.640947 read(11, "", 4096)    = 0
1787728313.645573 --- SIGCHLD {si_signo=SIGCHLD, si_code=CLD_EXITED, si_pid=52045, si_uid=1000, si_status=0, si_utime=0, si_stime=0} ---
1787728313.696812 read(11, "@PS1,M,232637,17698918,585505,9505053,00000000*C764\r\n", 4096) = 53
1787728313.699010 read(11, "", 4096)    = 0
1787728313.795147 read(11, "@PS1,M,232638,17698978,585567,9505096,00000000*7E8F\r\n", 4096) = 53
1787728313.800102 read(11, "", 4096)    = 0
1787728313.826784 read(11, "@PS1,M,232639,17699038,585425,9505078,00000000*0ECF\r\n", 4096) = 53
1787728313.831385 read(11, "", 4096)    = 0
1787728313.989022 read(11, "@PS1,M,232640,17699098,585398,9505088,00000000*7D4F\r\n@PS1,M,232641,17699158,585380,9505077,00000000*A495\r\n", 4096) = 106
1787728313.994458 read(11, "", 4096)    = 0
1787728314.007230 read(11, "@PS1,M,232642,17699218,585384,9505087,00000000*C523\r\n", 4096) = 53
1787728314.009517 read(11, "", 4096)    = 0
1787728314.174708 read(11, "@PS1,M,232643,17699398,585367,9505104,00000000*1BB5\r\n", 4096) = 53
1787728314.177037 read(11, "", 4096)    = 0
1787728314.319917 read(11, "@PS1,M,232644,17699459,585209,9505120,00000000*5F7E\r\n@PS1,M,232645,17699519,585252,9505144,00000000*7C27\r\n", 4096) = 106
1787728314.325553 read(11, "", 4096)    = 0
1787728314.353990 read(11, "@PS1,M,232646,17699579,585337,9505140,00000000*6D5C\r\n", 4096) = 53
1787728314.356429 read(11, "", 4096)    = 0
1787728314.482498 read(11, "@PS1,M,232647,17699639,585272,9505165,00000000*40EC\r\n@PS1,M,232648,17699700,585243,9505143,00000000*ED57\r\n", 4096) = 106
1787728314.487647 read(11, "", 4096)    = 0
1787728314.653948 read(11, "@PS1,M,232649,17699880,585302,9505162,00000000*C1B6\r\n", 4096) = 53
1787728314.656464 read(11, "", 4096)    = 0
1787728314.797924 read(11, "@PS1,M,232650,17699940,585363,9505146,00000000*35B0\r\n@PS1,M,232651,17700000,585272,9505148,00000000*BA57\r\n", 4096) = 106
1787728314.802899 read(11, "", 4096)    = 0
1787728314.833215 read(11, "@PS1,M,232652,17700060,585302,9505157,00000000*5668\r\n", 4096) = 53
1787728314.835257 read(11, "", 4096)    = 0
1787728314.944931 read(11, "@PS1,M,232653,17700120,585357,9505160,00000000*BC7B\r\n", 4096) = 53
1787728314.948701 read(11, "", 4096)    = 0
1787728314.962846 read(11, "@PS1,M,232654,17700180,585448,9505202,00000000*5EF0\r\n", 4096) = 53
1787728314.965540 read(11, "", 4096)    = 0
1787728315.090313 read(11, "@PS1,M,232655,17700240,585446,9505169,00000000*A170\r\n", 4096) = 53
1787728315.093946 read(11, "", 4096)    = 0
1787728315.235830 read(11, "@PS1,M,232656,17700421,585452,9505180,00000000*AE37\r\n", 4096) = 53
1787728315.239612 read(11, "", 4096)    = 0
1787728315.255604 read(11, "@PS1,M,232657,17700481,585318,9505167,00000000*C7F6\r\n", 4096) = 53
1787728315.257958 read(11, "", 4096)    = 0
1787728315.380660 read(11, "@PS1,M,232658,17700541,585516,9505168,00000000*2F5F\r\n@PS1,M,232659,17700601,585354,9505163,00000000*E364\r\n", 4096) = 106
1787728315.386584 read(11, "", 4096)    = 0
1787728315.430957 read(11, "@PS1,M,232660,17700661,585509,9505196,00000000*3D87\r\n", 4096) = 53
1787728315.432953 read(11, "", 4096)    = 0
1787728315.528229 read(11, "@PS1,M,232661,17700721,585558,9505180,00000000*E8C5\r\n", 4096) = 53
1787728315.532090 read(11, "", 4096)    = 0
1787728315.674247 read(11, "@PS1,M,232662,17700902,585703,9505181,00000000*6DEE\r\n", 4096) = 53
1787728315.678196 read(11, "", 4096)    = 0
1787728315.730226 read(11, "@PS1,M,232663,17700962,585769,9505151,00000000*E642\r\n", 4096) = 53
1787728315.732427 read(11, "", 4096)    = 0
1787728315.819595 read(11, "@PS1,M,232664,17701022,585601,9505152,00000000*98CD\r\n", 4096) = 53
1787728315.823865 read(11, "", 4096)    = 0
1787728315.911428 read(11, "@PS1,M,232665,17701082,585882,9505153,00000000*80BC\r\n@PS1,M,232666,17701142,585739,9505111,00000000*2AB1\r\n", 4096) = 106
1787728315.917857 read(11, "", 4096)    = 0
1787728315.969441 read(11, "@PS1,M,232667,17701202,585683,9505144,00000000*8527\r\n", 4096) = 53
1787728315.971450 read(11, "", 4096)    = 0
1787728316.072339 read(11, "@PS1,M,232668,17701262,585872,9505132,00000000*1937\r\n", 4096) = 53
1787728316.076158 read(11, "", 4096)    = 0
1787728316.218960 read(11, "@PS1,M,232669,17701443,586063,9505138,00000000*9E7C\r\n", 4096) = 53
1787728316.223077 read(11, "", 4096)    = 0
1787728316.268443 read(11, "@PS1,M,232670,17701503,585953,9505088,00000000*0D50\r\n", 4096) = 53
1787728316.270538 read(11, "", 4096)    = 0
1787728316.365793 read(11, "@PS1,M,232671,17701563,585970,9505079,00000000*004B\r\n", 4096) = 53
1787728316.369609 read(11, "", 4096)    = 0
1787728316.387962 read(11, "@PS1,M,232672,17701623,586095,9505085,00000000*E4BD\r\n", 4096) = 53
1787728316.391393 read(11, "", 4096)    = 0
1787728316.510957 read(11, "@PS1,M,232673,17701684,586256,9505078,00000000*7BC6\r\n@PS1,M,232674,17701744,586247,9505099,00000000*3A42\r\n", 4096) = 106
1787728316.516909 read(11, "", 4096)    = 0
1787728316.687077 read(11, "@PS1,M,232675,17701923,586258,9505048,00000000*F86B\r\n", 4096) = 53
1787728316.689984 read(11, "", 4096)    = 0
1787728316.746817 read(11, "@PS1,M,232676,17701984,586297,9505070,00000000*146C\r\n", 4096) = 53
1787728316.749081 read(11, "", 4096)    = 0
1787728316.834668 read(11, "@PS1,M,232677,17702045,586392,9505016,00000000*0B12\r\n", 4096) = 53
1787728316.838303 read(11, "", 4096)    = 0
1787728316.867534 read(11, "@PS1,M,232678,17702105,586404,9505029,00000000*2211\r\n", 4096) = 53
1787728316.869676 read(11, "", 4096)    = 0
1787728316.975684 read(11, "@PS1,M,232679,17702165,586620,9504989,00000000*0F4C\r\n", 4096) = 53
1787728316.979832 read(11, "", 4096)    = 0
1787728316.995595 read(11, "@PS1,M,232680,17702225,586663,9504967,00000000*922B\r\n", 4096) = 53
1787728316.998127 read(11, "", 4096)    = 0
1787728317.122591 read(11, "@PS1,M,232681,17702285,586569,9504928,00000000*2D4F\r\n", 4096) = 53
1787728317.130369 read(11, "", 4096)    = 0
1787728317.278221 read(11, "@PS1,M,232682,17702466,586733,9504935,00000000*6E39\r\n", 4096) = 53
1787728317.282087 read(11, "", 4096)    = 0
1787728317.297896 read(11, "@PS1,M,232683,17702526,586684,9504941,00000000*D56C\r\n", 4096) = 53
1787728317.300283 read(11, "", 4096)    = 0
1787728317.424755 read(11, "@PS1,M,232684,17702586,586752,9504875,00000000*AF69\r\n@PS1,M,232685,17702646,586864,9504894,00000000*D5F6\r\n", 4096) = 106
1787728317.430746 read(11, "", 4096)    = 0
1787728317.465572 read(11, "@PS1,M,232686,17702706,586884,9504882,00000000*3AD0\r\n", 4096) = 53
1787728317.467691 read(11, "", 4096)    = 0
1787728317.572314 read(11, "@PS1,M,232687,17702766,586923,9504848,00000000*E19F\r\n", 4096) = 53
1787728317.576148 read(11, "", 4096)    = 0
1787728317.719457 read(11, "@PS1,M,232688,17702947,586879,9504816,00000000*6FFD\r\n", 4096) = 53
1787728317.723333 read(11, "", 4096)    = 0
1787728317.764748 read(11, "@PS1,M,232689,17703007,587010,9504782,00000000*B1DC\r\n", 4096) = 53
1787728317.767217 read(11, "", 4096)    = 0
1787728317.865333 read(11, "@PS1,M,232690,17703067,586956,9504757,00000000*CEB2\r\n", 4096) = 53
1787728317.869188 read(11, "", 4096)    = 0
1787728317.884210 read(11, "@PS1,M,232691,17703127,587145,9504756,00000000*0F50\r\n", 4096) = 53
1787728317.886433 read(11, "", 4096)    = 0
1787728318.010082 read(11, "@PS1,M,232692,17703187,586959,9504707,00000000*9183\r\n@PS1,M,232693,17703247,587091,9504730,00000000*80D5\r\n", 4096) = 106
1787728318.015065 read(11, "", 4096)    = 0
1787728318.063481 read(11, "@PS1,M,232694,17703307,587074,9504686,00000000*3EFB\r\n", 4096) = 53
1787728318.065965 read(11, "", 4096)    = 0
1787728318.242707 read(11, "@PS1,M,232695,17703487,587132,9504699,00000000*08F1\r\n", 4096) = 53
1787728318.245035 read(11, "", 4096)    = 0
1787728318.386102 read(11, "@PS1,M,232696,17703547,587118,9504660,00000000*08BC\r\n@PS1,M,232697,17703607,587053,9504663,00000000*078B\r\n", 4096) = 106
1787728318.391088 read(11, "", 4096)    = 0
1787728318.421948 read(11, "@PS1,M,232698,17703667,587032,9504663,00000000*8FAB\r\n", 4096) = 53
1787728318.423948 read(11, "", 4096)    = 0
1787728318.532047 read(11, "@PS1,M,232699,17703727,587113,9504679,00000000*B23B\r\n", 4096) = 53
1787728318.536586 read(11, "", 4096)    = 0
1787728318.551315 read(11, "@PS1,M,232700,17703788,587087,9504644,00000000*0D78\r\n", 4096) = 53
1787728318.554233 read(11, "", 4096)    = 0
1787728318.688194 --- SIGCHLD {si_signo=SIGCHLD, si_code=CLD_EXITED, si_pid=52063, si_uid=1000, si_status=0, si_utime=0, si_stime=0} ---
1787728318.721626 read(11, "@PS1,M,232701,17703968,587054,9504612,00000000*534C\r\n", 4096) = 53
1787728318.724052 read(11, "", 4096)    = 0
1787728318.865804 read(11, "@PS1,M,232702,17704028,587158,9504566,00000000*8212\r\n@PS1,M,232703,17704088,587156,9504592,00000000*B2F4\r\n", 4096) = 106
1787728318.871133 read(11, "", 4096)    = 0
1787728318.900866 read(11, "@PS1,M,232704,17704148,587087,9504602,00000000*5D85\r\n", 4096) = 53
1787728318.903233 read(11, "", 4096)    = 0
1787728319.038323 read(11, "@PS1,M,232705,17704208,587164,9504570,00000000*DC9B\r\n@PS1,M,232706,17704269,587043,9504570,00000000*9D3D\r\n", 4096) = 106
1787728319.045229 read(11, "", 4096)    = 0
1787728319.080126 read(11, "@PS1,M,232707,17704329,586955,9504571,00000000*69FA\r\n", 4096) = 53
1787728319.082351 read(11, "", 4096)    = 0
1787728319.260476 read(11, "@PS1,M,232708,17704510,587111,9504567,00000000*844F\r\n", 4096) = 53
1787728319.262780 read(11, "", 4096)    = 0
1787728319.403937 read(11, "@PS1,M,232709,17704570,586938,9504563,00000000*A974\r\n@PS1,M,232710,17704630,586982,9504584,00000000*F136\r\n", 4096) = 106
1787728319.410084 read(11, "", 4096)    = 0
1787728319.439774 read(11, "@PS1,M,232711,17704690,586957,9504551,00000000*F905\r\n", 4096) = 53
1787728319.441888 read(11, "", 4096)    = 0
1787728319.563984 read(11, "@PS1,M,232712,17704750,586872,9504551,00000000*637C\r\n@PS1,M,232713,17704810,586742,9504585,00000000*6E88\r\n", 4096) = 106
1787728319.569460 read(11, "", 4096)    = 0
1787728319.738255 read(11, "@PS1,M,232714,17704990,586813,9504613,00000000*F3AD\r\n", 4096) = 53
1787728319.740822 read(11, "", 4096)    = 0
1787728319.797929 read(11, "@PS1,M,232715,17705050,586715,9504586,00000000*DF4D\r\n", 4096) = 53
1787728319.799980 read(11, "", 4096)    = 0
1787728319.885280 read(11, "@PS1,M,232716,17705110,586700,9504587,00000000*5E6F\r\n", 4096) = 53
1787728319.888761 read(11, "", 4096)    = 0
1787728319.917524 read(11, "@PS1,M,232717,17705170,586658,9504602,00000000*2CD2\r\n", 4096) = 53
1787728319.919953 read(11, "", 4096)    = 0
1787728320.030689 read(11, "@PS1,M,232718,17705230,586666,9504605,00000000*58FB\r\n", 4096) = 53
1787728320.034671 read(11, "", 4096)    = 0
1787728320.048660 read(11, "@PS1,M,232719,17705292,586619,9504628,00000000*27D5\r\n", 4096) = 53
1787728320.051335 read(11, "", 4096)    = 0
1787728320.177822 read(11, "@PS1,M,232720,17705352,586559,9504670,00000000*D181\r\n", 4096) = 53
1787728320.181670 read(11, "", 4096)    = 0
1787728320.324083 read(11, "@PS1,M,232721,17705532,586472,9504665,00000000*995D\r\n", 4096) = 53
1787728320.328010 read(11, "", 4096)    = 0
1787728320.342084 read(11, "@PS1,M,232722,17705592,586577,9504692,00000000*F4B1\r\n", 4096) = 53
1787728320.344686 read(11, "", 4096)    = 0
1787728320.469993 read(11, "@PS1,M,232723,17705652,586428,9504682,00000000*8F15\r\n@PS1,M,232724,17705712,586454,9504706,00000000*D834\r\n", 4096) = 106
1787728320.475639 read(11, "", 4096)    = 0
1787728320.516283 read(11, "@PS1,M,232725,17705772,586426,9504750,00000000*ADD9\r\n", 4096) = 53
1787728320.518618 read(11, "", 4096)    = 0
1787728320.617023 read(11, "@PS1,M,232726,17705832,586410,9504726,00000000*61B5\r\n", 4096) = 53
1787728320.621494 read(11, "", 4096)    = 0
1787728320.763408 read(11, "@PS1,M,232727,17706013,586085,9504768,00000000*C683\r\n", 4096) = 53
1787728320.767631 read(11, "", 4096)    = 0
1787728320.815276 read(11, "@PS1,M,232728,17706073,586083,9504801,00000000*9D6F\r\n", 4096) = 53
1787728320.817225 read(11, "", 4096)    = 0
1787728320.906806 read(11, "@PS1,M,232729,17706133,586123,9504815,00000000*F904\r\n", 4096) = 53
1787728320.911039 read(11, "", 4096)    = 0
1787728320.934770 read(11, "@PS1,M,232730,17706193,586222,9504848,00000000*7727\r\n", 4096) = 53
1787728320.937347 read(11, "", 4096)    = 0
1787728321.052489 read(11, "@PS1,M,232731,17706253,586136,9504830,00000000*6558\r\n", 4096) = 53
1787728321.056437 read(11, "@PS1,M,232732,17706313,586109,9504837,00000000*3AF6\r\n", 4096) = 53
1787728321.058794 read(11, "", 4096)    = 0
1787728321.113976 read(11, "@PS1,M,232733,17706373,585962,9504896,00000000*D411\r\n", 4096) = 53
1787728321.116096 read(11, "", 4096)    = 0
1787728321.293530 read(11, "@PS1,M,232734,17706553,585962,9504907,00000000*11C9\r\n", 4096) = 53
1787728321.295874 read(11, "", 4096)    = 0
1787728321.437874 read(11, "@PS1,M,232735,17706613,585929,9504931,00000000*91C7\r\n@PS1,M,232736,17706673,585807,9504934,00000000*56FB\r\n", 4096) = 106
1787728321.442987 read(11, "", 4096)    = 0
1787728321.472704 read(11, "@PS1,M,232737,17706733,585767,9504957,00000000*DFE5\r\n", 4096) = 53
1787728321.475140 read(11, "", 4096)    = 0
1787728321.580982 read(11, "@PS1,M,232738,17706795,585805,9504955,00000000*936F\r\n", 4096) = 53
1787728321.584816 read(11, "", 4096)    = 0
1787728321.599926 read(11, "@PS1,M,232739,17706855,585699,9505040,00000000*645E\r\n", 4096) = 53
1787728321.602656 read(11, "", 4096)    = 0
1787728321.772657 read(11, "@PS1,M,232740,17707035,585638,9504991,00000000*FF97\r\n", 4096) = 53
1787728321.775311 read(11, "", 4096)    = 0
1787728321.917019 read(11, "@PS1,M,232741,17707095,585531,9505029,00000000*8AF6\r\n@PS1,M,232742,17707155,585580,9505069,00000000*CAFD\r\n", 4096) = 106
1787728321.921981 read(11, "", 4096)    = 0
1787728321.951842 read(11, "@PS1,M,232743,17707215,585472,9505034,00000000*9650\r\n", 4096) = 53
1787728321.954017 read(11, "", 4096)    = 0
1787728322.063217 read(11, "@PS1,M,232744,17707275,585551,9505081,00000000*2A37\r\n", 4096) = 53
1787728322.067422 read(11, "", 4096)    = 0
1787728322.081234 read(11, "@PS1,M,232745,17707335,585491,9505071,00000000*5413\r\n", 4096) = 53
1787728322.083482 read(11, "", 4096)    = 0
1787728322.209810 read(11, "@PS1,M,232746,17707395,585445,9505089,00000000*ACF2\r\n", 4096) = 53
1787728322.213710 read(11, "", 4096)    = 0
1787728322.355863 read(11, "@PS1,M,232747,17707575,585291,9505123,00000000*7BB1\r\n", 4096) = 53
1787728322.359856 read(11, "", 4096)    = 0
1787728322.373958 read(11, "@PS1,M,232748,17707635,585358,9505133,00000000*A46C\r\n", 4096) = 53
1787728322.376221 read(11, "", 4096)    = 0
1787728322.502311 read(11, "@PS1,M,232749,17707697,585385,9505106,00000000*8522\r\n@PS1,M,232750,17707757,585481,9505165,00000000*5016\r\n", 4096) = 106
1787728322.508005 read(11, "", 4096)    = 0
1787728322.550564 read(11, "@PS1,M,232751,17707817,585445,9505149,00000000*F3BC\r\n", 4096) = 53
1787728322.552763 read(11, "", 4096)    = 0
1787728322.661580 read(11, "@PS1,M,232752,17707877,585354,9505160,00000000*BD5D\r\n", 4096) = 53
1787728322.665547 read(11, "", 4096)    = 0
1787728322.806346 read(11, "@PS1,M,232753,17708057,585336,9505201,00000000*86AB\r\n", 4096) = 53
1787728322.814385 read(11, "", 4096)    = 0
1787728322.849700 read(11, "@PS1,M,232754,17708117,585414,9505134,00000000*8DC3\r\n", 4096) = 53
1787728322.852715 read(11, "", 4096)    = 0
1787728322.962869 read(11, "@PS1,M,232755,17708177,585339,9505184,00000000*C748\r\n", 4096) = 53
1787728322.966643 read(11, "", 4096)    = 0
1787728322.969140 read(11, "@PS1,M,232756,17708237,585492,9505179,00000000*9B47\r\n", 4096) = 53
1787728322.971086 read(11, "", 4096)    = 0
1787728323.109765 read(11, "@PS1,M,232757,17708298,585587,9505155,00000000*1514\r\n@PS1,M,232758,17708358,585487,9505165,00000000*AA64\r\n", 4096) = 106
1787728323.115035 read(11, "", 4096)    = 0
1787728323.148456 read(11, "@PS1,M,232759,17708418,585527,9505171,00000000*B15B\r\n", 4096) = 53
1787728323.150843 read(11, "", 4096)    = 0
1787728323.328104 read(11, "@PS1,M,232760,17708598,585492,9505161,00000000*0C14\r\n", 4096) = 53
1787728323.330411 read(11, "", 4096)    = 0
1787728323.472684 read(11, "@PS1,M,232761,17708658,585546,9505168,00000000*EBD4\r\n@PS1,M,232762,17708718,585596,9505182,00000000*1ABF\r\n", 4096) = 106
1787728323.477882 read(11, "", 4096)    = 0
1787728323.507441 read(11, "@PS1,M,232763,17708778,585569,9505144,00000000*7452\r\n", 4096) = 53
1787728323.510186 read(11, "", 4096)    = 0
1787728323.628526 read(11, "@PS1,M,232764,17708838,585613,9505162,00000000*76E4\r\n@PS1,M,232765,17708898,585712,9505158,00000000*B836\r\n", 4096) = 106
1787728323.635898 read(11, "", 4096)    = 0
1787728323.649506 --- SIGCHLD {si_signo=SIGCHLD, si_code=CLD_EXITED, si_pid=52081, si_uid=1000, si_status=0, si_utime=0, si_stime=0} ---
1787728323.806011 read(11, "@PS1,M,232766,17709078,585753,9505204,00000000*BA95\r\n", 4096) = 53
1787728323.809073 read(11, "", 4096)    = 0
1787728323.865677 read(11, "@PS1,M,232767,17709139,585768,9505144,00000000*3061\r\n", 4096) = 53
1787728323.868506 read(11, "", 4096)    = 0
1787728323.953693 read(11, "@PS1,M,232768,17709199,585856,9505159,00000000*E842\r\n", 4096) = 53
1787728323.957217 read(11, "", 4096)    = 0
1787728323.986472 read(11, "@PS1,M,232769,17709260,585730,9505179,00000000*3485\r\n", 4096) = 53
1787728323.988954 read(11, "", 4096)    = 0
1787728324.108886 read(11, "@PS1,M,232770,17709320,585845,9505148,00000000*F20F\r\n@PS1,M,232771,17709380,585876,9505158,00000000*BF5F\r\n", 4096) = 106
1787728324.116396 read(11, "", 4096)    = 0
1787728324.165812 read(11, "@PS1,M,232772,17709440,585999,9505149,00000000*3473\r\n", 4096) = 53
1787728324.169717 read(11, "", 4096)    = 0
1787728324.344534 read(11, "@PS1,M,232773,17709620,586129,9505112,00000000*1889\r\n", 4096) = 53
1787728324.346860 read(11, "", 4096)    = 0
1787728324.488713 read(11, "@PS1,M,232774,17709680,586133,9505086,00000000*8CEB\r\n@PS1,M,232775,17709740,586287,9505084,00000000*3505\r\n", 4096) = 106
1787728324.494748 read(11, "", 4096)    = 0
1787728324.523693 read(11, "@PS1,M,232776,17709800,586321,9505062,00000000*F83C\r\n", 4096) = 53
1787728324.525838 read(11, "", 4096)    = 0
1787728324.647950 read(11, "@PS1,M,232777,17709861,586269,9505052,00000000*0CB1\r\n@PS1,M,232778,17709921,586159,9505101,00000000*DA44\r\n", 4096) = 106
1787728324.653479 read(11, "", 4096)    = 0
1787728324.823242 read(11, "@PS1,M,232779,17710101,586450,9505036,00000000*C015\r\n", 4096) = 53
1787728324.826386 read(11, "", 4096)    = 0
1787728324.882806 read(11, "@PS1,M,232780,17710161,586574,9505009,00000000*4F98\r\n", 4096) = 53
1787728324.885663 read(11, "", 4096)    = 0
1787728324.971115 read(11, "@PS1,M,232781,17710221,586500,9504984,00000000*C062\r\n", 4096) = 53
1787728324.975225 read(11, "", 4096)    = 0
1787728325.002428 read(11, "@PS1,M,232782,17710281,586631,9504992,00000000*7870\r\n", 4096) = 53
1787728325.004665 read(11, "", 4096)    = 0
1787728325.111950 read(11, "@PS1,M,232783,17710341,586508,9504984,00000000*D525\r\n", 4096) = 53
1787728325.115915 read(11, "", 4096)    = 0
1787728325.130032 read(11, "@PS1,M,232784,17710401,586588,9504958,00000000*9689\r\n", 4096) = 53
1787728325.132452 read(11, "", 4096)    = 0
1787728325.257547 read(11, "@PS1,M,232785,17710462,586647,9504944,00000000*A52C\r\n", 4096) = 53
1787728325.261408 read(11, "", 4096)    = 0
1787728325.403815 read(11, "@PS1,M,232786,17710643,586915,9504914,00000000*EC14\r\n", 4096) = 53
1787728325.407668 read(11, "", 4096)    = 0
1787728325.421964 read(11, "@PS1,M,232787,17710703,586733,9504912,00000000*2BC6\r\n", 4096) = 53
1787728325.424230 read(11, "", 4096)    = 0
1787728325.550066 read(11, "@PS1,M,232788,17710763,586846,9504899,00000000*E281\r\n@PS1,M,232789,17710823,586834,9504866,00000000*39BE\r\n", 4096) = 106
1787728325.555995 read(11, "", 4096)    = 0
1787728325.601205 read(11, "@PS1,M,232790,17710883,586997,9504872,00000000*64D0\r\n", 4096) = 53
1787728325.603340 read(11, "", 4096)    = 0
1787728325.709900 read(11, "@PS1,M,232791,17710943,586911,9504854,00000000*0C2E\r\n", 4096) = 53
1787728325.713790 read(11, "", 4096)    = 0
1787728325.855333 read(11, "@PS1,M,232792,17711123,586977,9504775,00000000*D610\r\n", 4096) = 53
1787728325.859174 read(11, "", 4096)    = 0
1787728325.899674 read(11, "@PS1,M,232793,17711183,587055,9504785,00000000*BBE8\r\n", 4096) = 53
1787728325.902399 read(11, "", 4096)    = 0
1787728326.001556 read(11, "@PS1,M,232794,17711244,587095,9504778,00000000*D1B5\r\n", 4096) = 53
1787728326.005763 read(11, "", 4096)    = 0
1787728326.020422 read(11, "@PS1,M,232795,17711304,587059,9504756,00000000*899E\r\n", 4096) = 53
1787728326.022625 read(11, "", 4096)    = 0
1787728326.148746 read(11, "@PS1,M,232796,17711364,587149,9504778,00000000*961E\r\n@PS1,M,232797,17711424,587157,9504733,00000000*7498\r\n", 4096) = 106
1787728326.154005 read(11, "", 4096)    = 0
1787728326.199639 read(11, "@PS1,M,232798,17711484,587154,9504686,00000000*51E1\r\n", 4096) = 53
1787728326.201823 read(11, "", 4096)    = 0
1787728326.378604 read(11, "@PS1,M,232799,17711664,587345,9504681,00000000*5432\r\n", 4096) = 53
1787728326.381026 read(11, "", 4096)    = 0
1787728326.523116 read(11, "@PS1,M,232800,17711724,587178,9504662,00000000*0D21\r\n@PS1,M,232801,17711784,587220,9504636,00000000*F7CB\r\n", 4096) = 106
1787728326.528120 read(11, "", 4096)    = 0
1787728326.557882 read(11, "@PS1,M,232802,17711844,587073,9504641,00000000*E8BF\r\n", 4096) = 53
1787728326.559906 read(11, "", 4096)    = 0
1787728326.682310 read(11, "@PS1,M,232803,17711904,587168,9504620,00000000*743A\r\n@PS1,M,232804,17711964,587183,9504630,00000000*14ED\r\n", 4096) = 106
1787728326.687813 read(11, "", 4096)    = 0
1787728326.857508 read(11, "@PS1,M,232805,17712145,587158,9504598,00000000*F9D9\r\n", 4096) = 53
1787728326.859746 read(11, "", 4096)    = 0
1787728327.001768 read(11, "@PS1,M,232806,17712205,587165,9504604,00000000*F824\r\n@PS1,M,232807,17712265,587164,9504592,00000000*41F2\r\n", 4096) = 106
1787728327.007237 read(11, "", 4096)    = 0
1787728327.036759 read(11, "@PS1,M,232808,17712325,587227,9504589,00000000*B513\r\n", 4096) = 53
1787728327.038936 read(11, "", 4096)    = 0
1787728327.151245 read(11, "@PS1,M,232809,17712385,587045,9504580,00000000*0853\r\n", 4096) = 53
1787728327.155467 read(11, "", 4096)    = 0
1787728327.156225 read(11, "@PS1,M,232810,17712446,587136,9504560,00000000*08CE\r\n", 4096) = 53
1787728327.158190 read(11, "", 4096)    = 0
1787728327.297660 read(11, "@PS1,M,232811,17712506,587111,9504558,00000000*7E30\r\n", 4096) = 53
1787728327.301521 read(11, "", 4096)    = 0
1787728327.443583 read(11, "@PS1,M,232812,17712687,587135,9504581,00000000*D1FB\r\n", 4096) = 53
1787728327.447854 read(11, "", 4096)    = 0
1787728327.461884 read(11, "@PS1,M,232813,17712747,587097,9504543,00000000*2E41\r\n", 4096) = 53
1787728327.464202 read(11, "", 4096)    = 0
1787728327.590832 read(11, "@PS1,M,232814,17712807,587102,9504553,00000000*3950\r\n@PS1,M,232815,17712867,586940,9504539,00000000*C976\r\n", 4096) = 106
1787728327.596283 read(11, "", 4096)    = 0
1787728327.635064 read(11, "@PS1,M,232816,17712927,586993,9504532,00000000*0450\r\n", 4096) = 53
1787728327.637164 read(11, "", 4096)    = 0
1787728327.738232 read(11, "@PS1,M,232817,17712987,586865,9504572,00000000*2D0A\r\n", 4096) = 53
1787728327.742847 read(11, "", 4096)    = 0
1787728327.885595 read(11, "@PS1,M,232818,17713168,586797,9504601,00000000*3AF2\r\n", 4096) = 53
1787728327.889452 read(11, "", 4096)    = 0
1787728327.934419 read(11, "@PS1,M,232819,17713228,586800,9504569,00000000*3DCF\r\n", 4096) = 53
1787728327.936906 read(11, "", 4096)    = 0
1787728328.032337 read(11, "@PS1,M,232820,17713288,586814,9504593,00000000*E31D\r\n", 4096) = 53
1787728328.036432 read(11, "", 4096)    = 0
1787728328.053952 read(11, "@PS1,M,232821,17713348,586750,9504625,00000000*E979\r\n", 4096) = 53
1787728328.056525 read(11, "", 4096)    = 0
1787728328.179304 read(11, "@PS1,M,232822,17713408,586689,9504624,00000000*FB55\r\n@PS1,M,232823,17713468,586799,9504630,00000000*2085\r\n", 4096) = 106
1787728328.184408 read(11, "", 4096)    = 0
1787728328.233161 read(11, "@PS1,M,232824,17713528,586953,9504655,00000000*AA27\r\n", 4096) = 53
1787728328.235538 read(11, "", 4096)    = 0
1787728328.413373 read(11, "@PS1,M,232825,17713709,589900,9504656,00000000*F0D2\r\n", 4096) = 53
1787728328.415949 read(11, "", 4096)    = 0
1787728328.473010 read(11, "@PS1,M,232826,17713769,591986,9504714,00000000*2375\r\n", 4096) = 53
1787728328.475436 read(11, "", 4096)    = 0
1787728328.557320 read(11, "@PS1,M,232827,17713829,594791,9504687,00000000*BB7D\r\n", 4096) = 53
1787728328.565999 read(11, "", 4096)    = 0
1787728328.592766 read(11, "@PS1,M,232828,17713889,599039,9504693,00000000*C817\r\n", 4096) = 53
1787728328.597159 read(11, "", 4096)    = 0
1787728328.722519 read(11, "@PS1,M,232829,17713949,603861,9504709,00000000*3C47\r\n@PS1,M,232830,17714009,610388,9504743,00000000*E6EE\r\n", 4096) = 106
1787728328.724905 --- SIGCHLD {si_signo=SIGCHLD, si_code=CLD_EXITED, si_pid=52099, si_uid=1000, si_status=0, si_utime=0, si_stime=0} ---
1787728328.730473 read(11, "", 4096)    = 0
1787728328.891301 read(11, "@PS1,M,232831,17714189,635513,9504808,00000000*8E4B\r\n", 4096) = 53
1787728328.894208 read(11, "", 4096)    = 0
1787728329.030611 read(11, "@PS1,M,232832,17714249,643442,9504828,00000000*99AA\r\n@PS1,M,232833,17714309,651526,9504806,00000000*EF69\r\n", 4096) = 106
1787728329.037806 read(11, "", 4096)    = 0
1787728329.070504 read(11, "@PS1,M,232834,17714369,660429,9504826,00000000*25F0\r\n", 4096) = 53
1787728329.073628 read(11, "", 4096)    = 0
1787728329.195360 read(11, "@PS1,M,232835,17714430,669448,9504840,00000000*2AEC\r\n@PS1,M,232836,17714490,678010,9504866,00000000*3F6D\r\n", 4096) = 106
1787728329.202229 read(11, "", 4096)    = 0
1787728329.249779 read(11, "@PS1,M,232837,17714550,686305,9504852,00000000*1D5C\r\n", 4096) = 53
1787728329.252470 read(11, "", 4096)    = 0
1787728329.429974 read(11, "@PS1,M,232838,17714731,709468,9504916,00000000*718C\r\n", 4096) = 53
1787728329.432865 read(11, "", 4096)    = 0
1787728329.489636 read(11, "@PS1,M,232839,17714791,716488,9504917,00000000*26B2\r\n", 4096) = 53
1787728329.492898 read(11, "", 4096)    = 0
1787728329.577712 read(11, "@PS1,M,232840,17714851,723323,9504941,00000000*E649\r\n", 4096) = 53
1787728329.582146 read(11, "", 4096)    = 0
1787728329.609217 read(11, "@PS1,M,232841,17714911,730299,9504944,00000000*E9FE\r\n", 4096) = 53
1787728329.611943 read(11, "", 4096)    = 0
1787728329.722473 read(11, "@PS1,M,232842,17714971,736563,9505012,00000000*DCF8\r\n", 4096) = 53
1787728329.727130 read(11, "", 4096)    = 0
1787728329.728619 read(11, "@PS1,M,232843,17715031,742069,9504983,00000000*9724\r\n", 4096) = 53
1787728329.731197 read(11, "", 4096)    = 0
1787728329.907879 read(11, "@PS1,M,232844,17715211,756817,9505044,00000000*DF50\r\n", 4096) = 53
1787728329.911192 read(11, "", 4096)    = 0
1787728329.967514 read(11, "@PS1,M,232845,17715271,761364,9505063,00000000*40F0\r\n", 4096) = 53
1787728329.970391 read(11, "", 4096)    = 0
1787728330.057981 read(11, "@PS1,M,232846,17715332,766043,9505039,00000000*A892\r\n", 4096) = 53
1787728330.062781 read(11, "", 4096)    = 0
1787728330.088338 read(11, "@PS1,M,232847,17715392,770597,9505056,00000000*4CF4\r\n", 4096) = 53
1787728330.091622 read(11, "", 4096)    = 0
1787728330.200548 read(11, "@PS1,M,232848,17715453,775028,9505058,00000000*0F6F\r\n", 4096) = 53
1787728330.205293 read(11, "", 4096)    = 0
1787728330.219099 read(11, "@PS1,M,232849,17715513,779613,9505065,00000000*7151\r\n", 4096) = 53
1787728330.222496 read(11, "", 4096)    = 0
1787728330.352435 read(11, "@PS1,M,232850,17715573,784001,9505080,00000000*C285\r\n", 4096) = 53
1787728330.357277 read(11, "", 4096)    = 0
1787728330.504195 read(11, "@PS1,M,232851,17715753,796238,9505129,00000000*D6E4\r\n", 4096) = 53
1787728330.509078 read(11, "@PS1,M,232852,17715813,800359,9505151,00000000*AC3C\r\n", 4096) = 53
1787728330.511615 read(11, "", 4096)    = 0
1787728330.566445 read(11, "@PS1,M,232853,17715873,804248,9505129,00000000*F6EC\r\n", 4096) = 53
1787728330.568995 read(11, "", 4096)    = 0
1787728330.664452 read(11, "@PS1,M,232854,17715933,808023,9505121,00000000*0A29\r\n", 4096) = 53
1787728330.669697 read(11, "", 4096)    = 0
1787728330.686023 read(11, "@PS1,M,232855,17715993,811987,9505119,00000000*EC27\r\n", 4096) = 53
1787728330.688840 read(11, "", 4096)    = 0
1787728330.809919 read(11, "@PS1,M,232856,17716053,815823,9505183,00000000*5960\r\n", 4096) = 53
1787728330.814596 read(11, "", 4096)    = 0
1787728330.954507 read(11, "@PS1,M,232857,17716234,827279,9505151,00000000*47DD\r\n", 4096) = 53
1787728330.959143 read(11, "", 4096)    = 0
1787728330.985619 read(11, "@PS1,M,232858,17716294,830627,9505163,00000000*0AC8\r\n", 4096) = 53
1787728330.988519 read(11, "", 4096)    = 0
1787728331.104668 read(11, "@PS1,M,232859,17716354,834246,9505170,00000000*ED20\r\n", 4096) = 53
1787728331.110382 read(11, "@PS1,M,232860,17716414,837658,9505193,00000000*F7D4\r\n", 4096) = 53
1787728331.112838 read(11, "", 4096)    = 0
1787728331.164820 read(11, "@PS1,M,232861,17716474,841015,9505207,00000000*A9AA\r\n", 4096) = 53
1787728331.167407 read(11, "", 4096)    = 0
1787728331.268384 read(11, "@PS1,M,232862,17716534,844239,9505162,00000000*DBA3\r\n", 4096) = 53
1787728331.273066 read(11, "", 4096)    = 0
1787728331.286898 read(11, "@PS1,M,232863,17716595,847483,9505171,00000000*2079\r\n", 4096) = 53
1787728331.289827 read(11, "", 4096)    = 0
1787728331.463971 read(11, "@PS1,M,232864,17716775,856757,9505190,00000000*28F8\r\n", 4096) = 53
1787728331.467262 read(11, "", 4096)    = 0
1787728331.523660 read(11, "@PS1,M,232865,17716835,859698,9505209,00000000*9491\r\n", 4096) = 53
1787728331.526501 read(11, "", 4096)    = 0
1787728331.615651 read(11, "@PS1,M,232866,17716895,862692,9505181,00000000*A0C2\r\n", 4096) = 53
1787728331.620075 read(11, "", 4096)    = 0
1787728331.643231 read(11, "@PS1,M,232867,17716955,865673,9505162,00000000*E4D0\r\n", 4096) = 53
1787728331.646935 read(11, "", 4096)    = 0
1787728331.760509 read(11, "@PS1,M,232868,17717015,868348,9505163,00000000*D8FC\r\n", 4096) = 53
1787728331.765233 read(11, "@PS1,M,232869,17717075,871237,9505169,00000000*7073\r\n", 4096) = 53
1787728331.768186 read(11, "", 4096)    = 0
1787728331.942780 read(11, "@PS1,M,232870,17717256,879148,9505194,00000000*2F32\r\n", 4096) = 53
1787728331.945860 read(11, "", 4096)    = 0
1787728332.002514 read(11, "@PS1,M,232871,17717316,881578,9505161,00000000*5AC4\r\n", 4096) = 53
1787728332.005557 read(11, "", 4096)    = 0
1787728332.093570 read(11, "@PS1,M,232872,17717376,884087,9505136,00000000*58F2\r\n", 4096) = 53
1787728332.098013 read(11, "", 4096)    = 0
1787728332.122030 read(11, "@PS1,M,232873,17717437,886663,9505189,00000000*74AC\r\n", 4096) = 53
1787728332.125885 read(11, "", 4096)    = 0
1787728332.241132 read(11, "@PS1,M,232874,17717497,888994,9505171,00000000*5656\r\n", 4096) = 53
1787728332.246337 read(11, "@PS1,M,232875,17717557,891370,9505157,00000000*8B6C\r\n", 4096) = 53
1787728332.248938 read(11, "", 4096)    = 0
1787728332.301252 read(11, "@PS1,M,232876,17717617,893839,9505161,00000000*8BEB\r\n", 4096) = 53
1787728332.303971 read(11, "", 4096)    = 0
1787728332.481270 read(11, "@PS1,M,232877,17717798,900341,9505137,00000000*1E2C\r\n", 4096) = 53
1787728332.484116 read(11, "", 4096)    = 0
1787728332.627900 read(11, "@PS1,M,232878,17717858,902394,9505123,00000000*F068\r\n@PS1,M,232879,17717918,904663,9505104,00000000*3159\r\n", 4096) = 106
1787728332.635692 read(11, "", 4096)    = 0
1787728332.660512 read(11, "@PS1,M,232880,17717978,906611,9505128,00000000*CFC8\r\n", 4096) = 53
1787728332.663342 read(11, "", 4096)    = 0
1787728332.789031 read(11, "@PS1,M,232881,17718038,908614,9505114,00000000*3B02\r\n@PS1,M,232882,17718098,910669,9505135,00000000*52BC\r\n", 4096) = 106
1787728332.795576 read(11, "", 4096)    = 0
1787728332.959087 read(11, "@PS1,M,232883,17718278,916326,9505090,00000000*BB49\r\n", 4096) = 53
1787728332.961918 read(11, "", 4096)    = 0
1787728333.018677 read(11, "@PS1,M,232884,17718338,918302,9505067,00000000*0300\r\n", 4096) = 53
1787728333.021835 read(11, "", 4096)    = 0
1787728333.107813 read(11, "@PS1,M,232885,17718398,920180,9505049,00000000*0F29\r\n", 4096) = 53
1787728333.112288 read(11, "", 4096)    = 0
1787728333.138288 read(11, "@PS1,M,232886,17718458,921824,9505061,00000000*08BC\r\n", 4096) = 53
1787728333.141545 read(11, "", 4096)    = 0
1787728333.253530 read(11, "@PS1,M,232887,17718519,923480,9505052,00000000*8086\r\n", 4096) = 53
1787728333.258211 read(11, "", 4096)    = 0
1787728333.258918 read(11, "@PS1,M,232888,17718579,925195,9505008,00000000*E0D8\r\n", 4096) = 53
1787728333.261166 read(11, "", 4096)    = 0
1787728333.398493 read(11, "@PS1,M,232889,17718639,926786,9505020,00000000*3595\r\n", 4096) = 53
1787728333.403660 read(11, "", 4096)    = 0
1787728333.544613 read(11, "@PS1,M,232890,17718819,931531,9504987,00000000*AD02\r\n", 4096) = 53
1787728333.549398 read(11, "", 4096)    = 0
1787728333.563830 read(11, "@PS1,M,232891,17718879,933153,9504935,00000000*95BE\r\n", 4096) = 53
1787728333.567510 read(11, "", 4096)    = 0
1787728333.617017 read(11, "@PS1,M,232892,17718939,934707,9504948,00000000*D65B\r\n", 4096) = 53
1787728333.620879 read(11, "", 4096)    = 0
1787728333.705595 --- SIGCHLD {si_signo=SIGCHLD, si_code=CLD_EXITED, si_pid=52117, si_uid=1000, si_status=0, si_utime=0, si_stime=0} ---
1787728333.712946 read(11, "@PS1,M,232893,17718999,936188,9504926,00000000*6ED3\r\n", 4096) = 53
1787728333.716986 read(11, "", 4096)    = 0
1787728333.736514 read(11, "@PS1,M,232894,17719059,937473,9504909,00000000*2955\r\n", 4096) = 53
1787728333.740572 read(11, "", 4096)    = 0
1787728333.850632 read(11, "@PS1,M,232895,17719120,939032,9504928,00000000*2F10\r\n", 4096) = 53
1787728333.855315 read(11, "", 4096)    = 0
1787728333.994023 read(11, "@PS1,M,232896,17719300,943140,9504856,00000000*7030\r\n", 4096) = 53
1787728333.998805 read(11, "", 4096)    = 0
1787728334.036170 read(11, "@PS1,M,232897,17719360,944337,9504863,00000000*2796\r\n", 4096) = 53
1787728334.038657 read(11, "", 4096)    = 0
1787728334.137402 read(11, "@PS1,M,232898,17719420,945811,9504835,00000000*F986\r\n", 4096) = 53
1787728334.146549 read(11, "", 4096)    = 0
1787728334.160284 read(11, "@PS1,M,232899,17719481,946955,9504824,00000000*0F65\r\n", 4096) = 53
1787728334.164191 read(11, "", 4096)    = 0
1787728334.215377 read(11, "@PS1,M,232900,17719541,948148,9504792,00000000*F929\r\n", 4096) = 53
1787728334.218279 read(11, "", 4096)    = 0
1787728334.300889 read(11, "@PS1,M,232901,17719601,948643,9504844,00000000*F9B8\r\n", 4096) = 53
1787728334.305276 read(11, "", 4096)    = 0
1787728334.334931 read(11, "@PS1,M,232902,17719661,949228,9504818,00000000*EC84\r\n", 4096) = 53
1787728334.337790 read(11, "", 4096)    = 0
1787728334.515324 read(11, "@PS1,M,232903,17719842,950789,9504729,00000000*7E91\r\n", 4096) = 53
1787728334.518856 read(11, "", 4096)    = 0
1787728334.574707 read(11, "@PS1,M,232904,17719902,951435,9504705,00000000*31B1\r\n", 4096) = 53
1787728334.577838 read(11, "", 4096)    = 0
1787728334.661155 read(11, "@PS1,M,232905,17719962,951970,9504737,00000000*C48E\r\n", 4096) = 53
1787728334.665598 read(11, "", 4096)    = 0
1787728334.694322 read(11, "@PS1,M,232906,17720022,952535,9504686,00000000*B5CD\r\n", 4096) = 53
1787728334.697498 read(11, "", 4096)    = 0
1787728334.799919 read(11, "@PS1,M,232907,17720082,953071,9504704,00000000*A3E6\r\n", 4096) = 53
1787728334.804553 read(11, "", 4096)    = 0
1787728334.818332 read(11, "@PS1,M,232908,17720142,953841,9504669,00000000*E4DC\r\n", 4096) = 53
1787728334.821346 read(11, "", 4096)    = 0
1787728334.993784 read(11, "@PS1,M,232909,17720323,955350,9504675,00000000*E0A7\r\n", 4096) = 53
1787728334.996870 read(11, "", 4096)    = 0
1787728335.053523 read(11, "@PS1,M,232910,17720383,956034,9504616,00000000*A527\r\n", 4096) = 53
1787728335.056186 read(11, "", 4096)    = 0
1787728335.138487 read(11, "@PS1,M,232911,17720443,956669,9504631,00000000*9741\r\n", 4096) = 53
1787728335.143285 read(11, "", 4096)    = 0
1787728335.173043 read(11, "@PS1,M,232912,17720503,957480,9504618,00000000*E9E2\r\n", 4096) = 53
1787728335.175481 read(11, "", 4096)    = 0
1787728335.277771 read(11, "@PS1,M,232913,17720563,958304,9504597,00000000*7334\r\n", 4096) = 53
1787728335.282115 read(11, "", 4096)    = 0
1787728335.295887 read(11, "@PS1,M,232914,17720623,959421,9504649,00000000*DF4D\r\n", 4096) = 53
1787728335.299265 read(11, "", 4096)    = 0
1787728335.420843 read(11, "@PS1,M,232915,17720683,960357,9504605,00000000*9015\r\n", 4096) = 53
1787728335.425201 read(11, "", 4096)    = 0
1787728335.564593 read(11, "@PS1,M,232916,17720864,963277,9504565,00000000*D166\r\n", 4096) = 53
1787728335.569434 read(11, "", 4096)    = 0
1787728335.591928 read(11, "@PS1,M,232917,17720924,964461,9504583,00000000*83F7\r\n", 4096) = 53
1787728335.594890 read(11, "", 4096)    = 0
1787728335.721197 read(11, "@PS1,M,232918,17720984,965416,9504552,00000000*E674\r\n@PS1,M,232919,17721044,966443,9504585,00000000*8D2F\r\n", 4096) = 106
1787728335.727914 read(11, "", 4096)    = 0
1787728335.771151 read(11, "@PS1,M,232920,17721104,967309,9504542,00000000*66B6\r\n", 4096) = 53
1787728335.773889 read(11, "", 4096)    = 0
1787728335.878836 read(11, "@PS1,M,232921,17721164,967679,9504592,00000000*D156\r\n", 4096) = 53
1787728335.883185 read(11, "", 4096)    = 0
1787728336.020758 read(11, "@PS1,M,232922,17721345,967515,9504583,00000000*4E92\r\n", 4096) = 53
1787728336.025458 read(11, "", 4096)    = 0
1787728336.070565 read(11, "@PS1,M,232923,17721405,967431,9504586,00000000*8238\r\n", 4096) = 53
1787728336.072962 read(11, "", 4096)    = 0
1787728336.176568 read(11, "@PS1,M,232924,17721465,967404,9504558,00000000*DF67\r\n", 4096) = 53
1787728336.182092 read(11, "", 4096)    = 0
1787728336.195272 read(11, "@PS1,M,232925,17721525,967459,9504566,00000000*E115\r\n", 4096) = 53
1787728336.197967 read(11, "", 4096)    = 0
1787728336.320136 read(11, "@PS1,M,232926,17721585,967410,9504609,00000000*C58E\r\n@PS1,M,232927,17721645,967420,9504573,00000000*0E89\r\n", 4096) = 106
1787728336.326632 read(11, "", 4096)    = 0
1787728336.369249 read(11, "@PS1,M,232928,17721705,967507,9504614,00000000*4EF5\r\n", 4096) = 53
1787728336.371559 read(11, "", 4096)    = 0
1787728336.548858 read(11, "@PS1,M,232929,17721886,967575,9504628,00000000*BB7B\r\n", 4096) = 53
1787728336.552010 read(11, "", 4096)    = 0
1787728336.608508 read(11, "@PS1,M,232930,17721946,967516,9504671,00000000*1EB8\r\n", 4096) = 53
1787728336.610936 read(11, "", 4096)    = 0
1787728336.692645 read(11, "@PS1,M,232931,17722006,967506,9504632,00000000*FE26\r\n", 4096) = 53
1787728336.696963 read(11, "", 4096)    = 0
1787728336.728105 read(11, "@PS1,M,232932,17722066,967618,9504675,00000000*AFB1\r\n", 4096) = 53
1787728336.730514 read(11, "", 4096)    = 0
1787728336.829863 read(11, "@PS1,M,232933,17722126,967488,9504675,00000000*9273\r\n", 4096) = 53
1787728336.834445 read(11, "", 4096)    = 0
1787728336.848237 read(11, "@PS1,M,232934,17722186,967414,9504648,00000000*B28D\r\n", 4096) = 53
1787728336.851137 read(11, "", 4096)    = 0
1787728337.026974 read(11, "@PS1,M,232935,17722367,967558,9504759,00000000*6345\r\n", 4096) = 53
1787728337.029953 read(11, "", 4096)    = 0
1787728337.086649 read(11, "@PS1,M,232936,17722427,967634,9504760,00000000*CA16\r\n", 4096) = 53
1787728337.089441 read(11, "", 4096)    = 0
1787728337.171650 read(11, "@PS1,M,232937,17722487,967711,9504724,00000000*4835\r\n", 4096) = 53
1787728337.176142 read(11, "", 4096)    = 0
1787728337.206263 read(11, "@PS1,M,232938,17722547,967805,9504750,00000000*259C\r\n", 4096) = 53
1787728337.209453 read(11, "", 4096)    = 0
1787728337.309460 read(11, "@PS1,M,232939,17722607,967674,9504785,00000000*3418\r\n", 4096) = 53
1787728337.314122 read(11, "", 4096)    = 0
1787728337.329702 read(11, "@PS1,M,232940,17722668,967727,9504779,00000000*FF5D\r\n", 4096) = 53
1787728337.332330 read(11, "", 4096)    = 0
1787728337.451574 read(11, "@PS1,M,232941,17722728,967630,9504823,00000000*F28D\r\n", 4096) = 53
1787728337.455326 read(11, "", 4096)    = 0
1787728337.593885 read(11, "@PS1,M,232942,17722908,967857,9504841,00000000*E1FC\r\n", 4096) = 53
1787728337.598228 read(11, "", 4096)    = 0
1787728337.625508 read(11, "@PS1,M,232943,17722968,967897,9504874,00000000*C657\r\n", 4096) = 53
1787728337.628011 read(11, "", 4096)    = 0
1787728337.735059 read(11, "@PS1,M,232944,17723028,967865,9504871,00000000*B1D9\r\n", 4096) = 53
1787728337.739193 read(11, "", 4096)    = 0
1787728337.753161 read(11, "@PS1,M,232945,17723088,967742,9504885,00000000*19DE\r\n", 4096) = 53
1787728337.755761 read(11, "", 4096)    = 0
1787728337.875623 read(11, "@PS1,M,232946,17723148,967907,9504893,00000000*F9F1\r\n@PS1,M,232947,17723208,967782,9504930,00000000*EB84\r\n", 4096) = 106
1787728337.881160 read(11, "", 4096)    = 0
1787728338.047701 read(11, "@PS1,M,232948,17723389,967697,9504982,00000000*220B\r\n", 4096) = 53
1787728338.050697 read(11, "", 4096)    = 0
1787728338.103892 read(11, "@PS1,M,232949,17723449,967704,9504991,00000000*6411\r\n", 4096) = 53
1787728338.106452 read(11, "", 4096)    = 0
1787728338.188530 read(11, "@PS1,M,232950,17723509,967621,9505003,00000000*DAC4\r\n", 4096) = 53
1787728338.192215 read(11, "", 4096)    = 0
1787728338.277064 read(11, "@PS1,M,232951,17723569,967709,9505008,00000000*0C83\r\n", 4096) = 53
1787728338.282176 read(11, "", 4096)    = 0
1787728338.283161 read(11, "@PS1,M,232952,17723629,967632,9505004,00000000*4771\r\n", 4096) = 53
1787728338.285584 read(11, "", 4096)    = 0
1787728338.418468 read(11, "@PS1,M,232953,17723689,967719,9505000,00000000*659E\r\n@PS1,M,232954,17723749,967756,9505031,00000000*6811\r\n", 4096) = 106
1787728338.424803 read(11, "", 4096)    = 0
1787728338.582508 read(11, "@PS1,M,232955,17723930,967757,9505071,00000000*BC34\r\n", 4096) = 53
1787728338.585969 read(11, "", 4096)    = 0
1787728338.642019 read(11, "@PS1,M,232956,17723990,967801,9505090,00000000*EC4F\r\n", 4096) = 53
1787728338.644470 read(11, "", 4096)    = 0
1787728338.725073 read(11, "@PS1,M,232957,17724051,967741,9505100,00000000*D202\r\n", 4096) = 53
1787728338.729484 read(11, "", 4096)    = 0
1787728338.762476 read(11, "@PS1,M,232958,17724111,967772,9505081,00000000*AF5A\r\n", 4096) = 53
1787728338.764855 read(11, "", 4096)    = 0
1787728338.861189 read(11, "@PS1,M,232959,17724171,967733,9505101,00000000*F38F\r\n", 4096) = 53
1787728338.866546 read(11, "", 4096)    = 0
1787728338.881949 read(11, "@PS1,M,232960,17724231,967810,9505129,00000000*BA00\r\n", 4096) = 53
1787728338.885114 read(11, "", 4096)    = 0
1787728339.060826 read(11, "@PS1,M,232961,17724411,967780,9505157,00000000*7A5A\r\n", 4096) = 53
1787728339.063330 read(11, "", 4096)    = 0
1787728339.199782 read(11, "@PS1,M,232962,17724471,967808,9505147,00000000*9B89\r\n@PS1,M,232963,17724531,967906,9505134,00000000*DF46\r\n", 4096) = 106
1787728339.206333 read(11, "", 4096)    = 0
1787728339.240064 read(11, "@PS1,M,232964,17724591,967739,9505184,00000000*E94D\r\n", 4096) = 53
1787728339.242743 read(11, "", 4096)    = 0
1787728339.353244 read(11, "@PS1,M,232965,17724651,967754,9505153,00000000*CA2A\r\n", 4096) = 53
1787728339.357744 read(11, "", 4096)    = 0
1787728339.373170 read(11, "@PS1,M,232966,17724712,967966,9505164,00000000*D248\r\n", 4096) = 53
1787728339.375488 read(11, "", 4096)    = 0
1787728339.495329 read(11, "@PS1,M,232967,17724772,967983,9505179,00000000*B392\r\n", 4096) = 53
1787728339.501403 read(11, "", 4096)    = 0
1787728339.730652 read(11, "@PS1,M,232968,17724953,968113,9505189,00000000*91C8\r\n@PS1,M,232969,17725013,967982,9505183,00000000*5777\r\n@PS1,M,232970,17725073,968119,9505162,00000000*2CA2\r\n", 4096) = 159
1787728339.740685 read(11, "", 4096)    = 0
1787728339.779217 read(11, "@PS1,M,232971,17725133,968176,9505181,00000000*3328\r\n", 4096) = 53
1787728339.783005 read(11, "", 4096)    = 0
1787728339.898180 read(11, "@PS1,M,232972,17725193,968192,9505180,00000000*17F4\r\n", 4096) = 53
1787728339.902452 read(11, "@PS1,M,232973,17725253,968222,9505179,00000000*04C6\r\n", 4096) = 53
1787728339.904549 read(11, "", 4096)    = 0
1787728340.078187 read(11, "@PS1,M,232974,17725434,968260,9505176,00000000*60EF\r\n", 4096) = 53
1787728340.082155 read(11, "", 4096)    = 0
1787728340.137803 read(11, "@PS1,M,232975,17725494,968248,9505204,00000000*285C\r\n", 4096) = 53
1787728340.140498 read(11, "", 4096)    = 0
1787728340.220364 read(11, "@PS1,M,232976,17725554,968276,9505190,00000000*7AF9\r\n", 4096) = 53
1787728340.224284 read(11, "", 4096)    = 0
1787728340.257444 read(11, "@PS1,M,232977,17725614,968349,9505193,00000000*BF76\r\n", 4096) = 53
1787728340.260130 read(11, "", 4096)    = 0
1787728340.355824 read(11, "@PS1,M,232978,17725674,968394,9505188,00000000*F76D\r\n", 4096) = 53
1787728340.360698 read(11, "", 4096)    = 0
1787728340.376992 read(11, "@PS1,M,232979,17725734,968314,9505161,00000000*09A2\r\n", 4096) = 53
1787728340.380398 read(11, "", 4096)    = 0
1787728340.496417 read(11, "@PS1,M,232980,17725794,968433,9505158,00000000*EA23\r\n", 4096) = 53
1787728340.501106 read(11, "", 4096)    = 0
1787728340.649255 read(11, "@PS1,M,232981,17725974,968497,9505150,00000000*CE27\r\n", 4096) = 53
1787728340.653871 read(11, "", 4096)    = 0
1787728340.675945 read(11, "@PS1,M,232982,17726034,968517,9505147,00000000*597B\r\n", 4096) = 53
1787728340.679254 read(11, "", 4096)    = 0
1787728340.789722 read(11, "@PS1,M,232983,17726094,968546,9505159,00000000*399C\r\n", 4096) = 53
1787728340.794287 read(11, "", 4096)    = 0
1787728340.795287 read(11, "@PS1,M,232984,17726154,968645,9505109,00000000*BDA0\r\n", 4096) = 53
1787728340.797894 read(11, "", 4096)    = 0
1787728340.929036 read(11, "@PS1,M,232985,17726216,968731,9505117,00000000*1A37\r\n@PS1,M,232986,17726276,968725,9505125,00000000*FF94\r\n", 4096) = 106
1787728340.935071 read(11, "", 4096)    = 0
1787728341.094838 read(11, "@PS1,M,232987,17726456,968798,9505107,00000000*39F8\r\n", 4096) = 53
1787728341.097421 read(11, "", 4096)    = 0
1787728341.154510 read(11, "@PS1,M,232988,17726516,968950,9505094,00000000*194C\r\n", 4096) = 53
1787728341.157317 read(11, "", 4096)    = 0
1787728341.236317 read(11, "@PS1,M,232989,17726576,968912,9505062,00000000*1C9C\r\n", 4096) = 53
1787728341.241281 read(11, "", 4096)    = 0
1787728341.274061 read(11, "@PS1,M,232990,17726636,968987,9505028,00000000*637D\r\n", 4096) = 53
1787728341.276679 read(11, "", 4096)    = 0
1787728341.377501 read(11, "@PS1,M,232991,17726696,969096,9505054,00000000*3907\r\n", 4096) = 53
1787728341.382416 read(11, "", 4096)    = 0
1787728341.395906 read(11, "@PS1,M,232992,17726756,969157,9505041,00000000*3DDE\r\n", 4096) = 53
1787728341.398590 read(11, "", 4096)    = 0
1787728341.518313 read(11, "@PS1,M,232993,17726816,969165,9505047,00000000*00C3\r\n", 4096) = 53
1787728341.522945 read(11, "", 4096)    = 0
1787728341.671871 read(11, "@PS1,M,232994,17726997,969245,9504975,00000000*8E20\r\n", 4096) = 53
1787728341.676888 read(11, "", 4096)    = 0
1787728341.693318 read(11, "@PS1,M,232995,17727057,969326,9504976,00000000*4AA2\r\n", 4096) = 53
1787728341.696705 read(11, "", 4096)    = 0
1787728341.812719 read(11, "@PS1,M,232996,17727117,969327,9504963,00000000*9044\r\n@PS1,M,232997,17727177,969411,9504960,00000000*9E76\r\n", 4096) = 106
1787728341.818984 read(11, "", 4096)    = 0
1787728341.872579 read(11, "@PS1,M,232998,17727237,969431,9504916,00000000*8333\r\n", 4096) = 53
1787728341.875200 read(11, "", 4096)    = 0
1787728341.967651 read(11, "@PS1,M,232999,17727297,969280,9504921,00000000*AFFD\r\n", 4096) = 53
1787728341.972687 read(11, "", 4096)    = 0
1787728342.112141 read(11, "@PS1,M,233000,17727478,969603,9504850,00000000*28B7\r\n", 4096) = 53
1787728342.115416 read(11, "", 4096)    = 0
1787728342.171764 read(11, "@PS1,M,233001,17727538,969635,9504863,00000000*8BE3\r\n", 4096) = 53
1787728342.174581 read(11, "", 4096)    = 0
1787728342.254757 read(11, "@PS1,M,233002,17727598,969598,9504829,00000000*1268\r\n", 4096) = 53
1787728342.259186 read(11, "", 4096)    = 0
1787728342.291312 read(11, "@PS1,M,233003,17727658,969838,9504819,00000000*0991\r\n", 4096) = 53
1787728342.294031 read(11, "", 4096)    = 0
1787728342.389322 read(11, "@PS1,M,233004,17727718,969763,9504818,00000000*5451\r\n", 4096) = 53
1787728342.394346 read(11, "", 4096)    = 0
1787728342.410889 read(11, "@PS1,M,233005,17727778,969774,9504835,00000000*1713\r\n", 4096) = 53
1787728342.414078 read(11, "", 4096)    = 0
1787728342.529894 read(11, "@PS1,M,233006,17727838,969756,9504797,00000000*6091\r\n", 4096) = 53
1787728342.534168 read(11, "", 4096)    = 0
1787728342.683940 read(11, "@PS1,M,233007,17728019,969770,9504758,00000000*983D\r\n", 4096) = 53
1787728342.688208 read(11, "", 4096)    = 0
1787728342.709932 read(11, "@PS1,M,233008,17728079,969789,9504727,00000000*D05F\r\n", 4096) = 53
1787728342.712708 read(11, "", 4096)    = 0
1787728342.823437 read(11, "@PS1,M,233009,17728139,969683,9504720,00000000*E0BF\r\n", 4096) = 53
1787728342.828009 read(11, "", 4096)    = 0
1787728342.829367 read(11, "@PS1,M,233010,17728199,969854,9504683,00000000*8732\r\n", 4096) = 53
1787728342.831247 read(11, "", 4096)    = 0
1787728342.963899 read(11, "@PS1,M,233011,17728259,969817,9504699,00000000*8233\r\n@PS1,M,233012,17728319,969882,9504643,00000000*432B\r\n", 4096) = 106
1787728342.969531 read(11, "", 4096)    = 0
1787728343.128999 read(11, "@PS1,M,233013,17728500,969973,9504613,00000000*A2C0\r\n", 4096) = 53
1787728343.131568 read(11, "", 4096)    = 0
1787728343.188653 read(11, "@PS1,M,233014,17728560,969898,9504587,00000000*FD80\r\n", 4096) = 53
1787728343.191414 read(11, "", 4096)    = 0
1787728343.272237 read(11, "@PS1,M,233015,17728620,969891,9504624,00000000*78FA\r\n", 4096) = 53
1787728343.276230 read(11, "", 4096)    = 0
1787728343.308232 read(11, "@PS1,M,233016,17728680,970000,9504665,00000000*FD09\r\n", 4096) = 53
1787728343.310627 read(11, "", 4096)    = 0
1787728343.412414 read(11, "@PS1,M,233017,17728740,969737,9504597,00000000*FB93\r\n", 4096) = 53
1787728343.416999 read(11, "", 4096)    = 0
1787728343.430668 read(11, "@PS1,M,233018,17728800,969886,9504589,00000000*2871\r\n", 4096) = 53
1787728343.433621 read(11, "", 4096)    = 0
1787728343.554281 read(11, "@PS1,M,233019,17728861,969873,9504622,00000000*7E54\r\n", 4096) = 53
1787728343.558923 read(11, "", 4096)    = 0
1787728343.708689 --- SIGCHLD {si_signo=SIGCHLD, si_code=CLD_EXITED, si_pid=52153, si_uid=1000, si_status=0, si_utime=0, si_stime=0} ---
1787728343.714419 read(11, "@PS1,M,233020,17729041,970023,9504583,00000000*19C3\r\n", 4096) = 53
1787728343.718862 read(11, "", 4096)    = 0
1787728343.732577 read(11, "@PS1,M,233021,17729101,969944,9504550,00000000*708E\r\n", 4096) = 53
1787728343.734992 read(11, "", 4096)    = 0
1787728343.786683 read(11, "@PS1,M,233022,17729161,969834,9504548,00000000*804B\r\n", 4096) = 53
1787728343.789025 read(11, "", 4096)    = 0
1787728343.869429 read(11, "@PS1,M,233023,17729221,969756,9504568,00000000*3352\r\n", 4096) = 53
1787728343.873385 read(11, "", 4096)    = 0
1787728343.906240 read(11, "@PS1,M,233024,17729281,969800,9504537,00000000*D07F\r\n", 4096) = 53
1787728343.909251 read(11, "", 4096)    = 0
1787728344.005451 read(11, "@PS1,M,233025,17729342,969701,9504591,00000000*8198\r\n", 4096) = 53
1787728344.009734 read(11, "", 4096)    = 0
1787728344.147108 read(11, "@PS1,M,233026,17729523,969759,9504554,00000000*80C5\r\n", 4096) = 53
1787728344.151389 read(11, "", 4096)    = 0
1787728344.206136 read(11, "@PS1,M,233027,17729583,969867,9504554,00000000*D185\r\n", 4096) = 53
1787728344.208589 read(11, "", 4096)    = 0
1787728344.288143 read(11, "@PS1,M,233028,17729643,969711,9504587,00000000*9C64\r\n", 4096) = 53
1787728344.292043 read(11, "", 4096)    = 0
1787728344.325747 read(11, "@PS1,M,233029,17729703,969806,9504570,00000000*0842\r\n", 4096) = 53
1787728344.328394 read(11, "", 4096)    = 0
1787728344.423700 read(11, "@PS1,M,233030,17729763,969753,9504569,00000000*D5AA\r\n", 4096) = 53
1787728344.428174 read(11, "", 4096)    = 0
1787728344.445216 read(11, "@PS1,M,233031,17729823,969721,9504554,00000000*23D6\r\n", 4096) = 53
1787728344.448092 read(11, "", 4096)    = 0
1787728344.564228 read(11, "@PS1,M,233032,17729883,969666,9504572,00000000*B2A3\r\n", 4096) = 53
1787728344.568479 read(11, "", 4096)    = 0
1787728344.705733 read(11, "@PS1,M,233033,17730064,969522,9504601,00000000*3C60\r\n", 4096) = 53
1787728344.709980 read(11, "", 4096)    = 0
1787728344.743991 read(11, "@PS1,M,233034,17730124,969570,9504580,00000000*F24F\r\n", 4096) = 53
1787728344.746669 read(11, "", 4096)    = 0
1787728344.893613 read(11, "@PS1,M,233035,17730184,969462,9504623,00000000*B8A6\r\n@PS1,M,233036,17730244,969384,9504618,00000000*EE94\r\n", 4096) = 106
1787728344.901499 read(11, "", 4096)    = 0
1787728344.923340 read(11, "@PS1,M,233037,17730304,969321,9504654,00000000*7C9F\r\n", 4096) = 53
1787728344.926282 read(11, "", 4096)    = 0
1787728345.051850 read(11, "@PS1,M,233038,17730364,969459,9504662,00000000*A8A2\r\n", 4096) = 53
1787728345.056218 read(11, "", 4096)    = 0
1787728345.195397 read(11, "@PS1,M,233039,17730545,969291,9504637,00000000*991E\r\n", 4096) = 53
1787728345.204335 read(11, "", 4096)    = 0
1787728345.223093 read(11, "@PS1,M,233040,17730605,969096,9504712,00000000*D554\r\n", 4096) = 53
1787728345.226666 read(11, "", 4096)    = 0
1787728345.353260 read(11, "@PS1,M,233041,17730665,969089,9504708,00000000*0379\r\n@PS1,M,233042,17730725,969090,9504725,00000000*C45E\r\n", 4096) = 106
1787728345.359408 read(11, "", 4096)    = 0
1787728345.402249 read(11, "@PS1,M,233043,17730785,968905,9504719,00000000*AFFA\r\n", 4096) = 53
1787728345.405112 read(11, "", 4096)    = 0
1787728345.511527 read(11, "@PS1,M,233044,17730845,969023,9504751,00000000*C200\r\n", 4096) = 53
1787728345.517008 read(11, "", 4096)    = 0
1787728345.530314 read(11, "@PS1,M,233045,17730905,969054,9504731,00000000*E1BB\r\n", 4096) = 53
1787728345.533093 read(11, "", 4096)    = 0
1787728345.701795 read(11, "@PS1,M,233046,17731086,968694,9504809,00000000*A369\r\n", 4096) = 53
1787728345.704621 read(11, "", 4096)    = 0
1787728345.842530 read(11, "@PS1,M,233047,17731146,968699,9504807,00000000*404C\r\n@PS1,M,233048,17731206,968729,9504819,00000000*9D24\r\n", 4096) = 106
1787728345.848444 read(11, "", 4096)    = 0
1787728345.880978 read(11, "@PS1,M,233049,17731267,968679,9504846,00000000*E19C\r\n", 4096) = 53
1787728345.883672 read(11, "", 4096)    = 0
1787728345.999186 read(11, "@PS1,M,233050,17731327,968725,9504811,00000000*080F\r\n", 4096) = 53
1787728346.003920 read(11, "@PS1,M,233051,17731387,968646,9504842,00000000*0664\r\n", 4096) = 53
1787728346.006503 read(11, "", 4096)    = 0
1787728346.180138 read(11, "@PS1,M,233052,17731567,968631,9504914,00000000*14F8\r\n", 4096) = 53
1787728346.183008 read(11, "", 4096)    = 0
1787728346.239796 read(11, "@PS1,M,233053,17731627,968523,9504944,00000000*DF36\r\n", 4096) = 53
1787728346.242623 read(11, "", 4096)    = 0
1787728346.324592 read(11, "@PS1,M,233054,17731687,968399,9504938,00000000*D09B\r\n", 4096) = 53
1787728346.329553 read(11, "", 4096)    = 0
1787728346.359357 read(11, "@PS1,M,233055,17731747,968579,9504925,00000000*6255\r\n", 4096) = 53
1787728346.362049 read(11, "", 4096)    = 0
1787728346.466749 read(11, "@PS1,M,233056,17731807,968337,9504941,00000000*DE20\r\n", 4096) = 53
1787728346.471386 read(11, "", 4096)    = 0
1787728346.485163 read(11, "@PS1,M,233057,17731868,968416,9504955,00000000*FFA4\r\n", 4096) = 53
1787728346.487819 read(11, "", 4096)    = 0
1787728346.610008 read(11, "@PS1,M,233058,17731928,968237,9504948,00000000*8FC6\r\n", 4096) = 53
1787728346.614522 read(11, "", 4096)    = 0
1787728346.752138 read(11, "@PS1,M,233059,17732108,968305,9505010,00000000*B487\r\n", 4096) = 53
1787728346.757588 read(11, "", 4096)    = 0
1787728346.777513 read(11, "@PS1,M,233060,17732168,968312,9505028,00000000*E50F\r\n", 4096) = 53
1787728346.780294 read(11, "", 4096)    = 0
1787728346.894290 read(11, "@PS1,M,233061,17732228,968260,9505015,00000000*D868\r\n", 4096) = 53
1787728346.898697 read(11, "@PS1,M,233062,17732289,968145,9505061,00000000*2408\r\n", 4096) = 53
1787728346.900767 read(11, "", 4096)    = 0
1787728346.957896 read(11, "@PS1,M,233063,17732349,968155,9505089,00000000*C80E\r\n", 4096) = 53
1787728346.960202 read(11, "", 4096)    = 0
1787728347.044240 read(11, "@PS1,M,233064,17732409,968076,9505070,00000000*E081\r\n", 4096) = 53
1787728347.048938 read(11, "", 4096)    = 0
1787728347.201775 read(11, "@PS1,M,233065,17732590,968036,9505120,00000000*7C3C\r\n", 4096) = 53
1787728347.206062 read(11, "", 4096)    = 0
1787728347.257039 read(11, "@PS1,M,233066,17732650,968179,9505129,00000000*0CAB\r\n", 4096) = 53
1787728347.259431 read(11, "", 4096)    = 0
1787728347.345661 read(11, "@PS1,M,233067,17732710,968083,9505117,00000000*CB9E\r\n", 4096) = 53
1787728347.349870 read(11, "", 4096)    = 0
1787728347.376528 read(11, "@PS1,M,233068,17732770,968083,9505123,00000000*8240\r\n", 4096) = 53
1787728347.378773 read(11, "", 4096)    = 0
1787728347.487822 read(11, "@PS1,M,233069,17732830,968026,9505113,00000000*0AEC\r\n", 4096) = 53
1787728347.492429 read(11, "", 4096)    = 0
1787728347.506221 read(11, "@PS1,M,233070,17732890,968045,9505139,00000000*FB1E\r\n", 4096) = 53
1787728347.508786 read(11, "", 4096)    = 0
1787728347.555802 read(11, "@PS1,M,233071,17732950,968173,9505147,00000000*8728\r\n", 4096) = 53
1787728347.557908 read(11, "", 4096)    = 0
1787728347.734748 read(11, "@PS1,M,233072,17733130,967897,9505135,00000000*58B5\r\n", 4096) = 53
1787728347.737938 read(11, "", 4096)    = 0
1787728347.794407 read(11, "@PS1,M,233073,17733190,968008,9505115,00000000*2BB9\r\n", 4096) = 53
1787728347.797249 read(11, "", 4096)    = 0
1787728347.880017 read(11, "@PS1,M,233074,17733250,968092,9505134,00000000*D21B\r\n", 4096) = 53
1787728347.884511 read(11, "", 4096)    = 0
1787728347.914037 read(11, "@PS1,M,233075,17733310,968061,9505171,00000000*F3FA\r\n", 4096) = 53
1787728347.916122 read(11, "", 4096)    = 0
1787728348.018683 read(11, "@PS1,M,233076,17733371,968009,9505191,00000000*9D30\r\n", 4096) = 53
1787728348.022967 read(11, "", 4096)    = 0
1787728348.036750 read(11, "@PS1,M,233077,17733432,967954,9505177,00000000*3DFD\r\n", 4096) = 53
1787728348.039042 read(11, "", 4096)    = 0
1787728348.214136 read(11, "@PS1,M,233078,17733612,968089,9505138,00000000*A42B\r\n", 4096) = 53
1787728348.216586 read(11, "", 4096)    = 0
1787728348.354566 read(11, "@PS1,M,233079,17733672,968186,9505186,00000000*36A2\r\n@PS1,M,233080,17733732,968184,9505149,00000000*F6D1\r\n", 4096) = 106
1787728348.359634 read(11, "", 4096)    = 0
1787728348.393352 read(11, "@PS1,M,233081,17733792,968226,9505171,00000000*B1BC\r\n", 4096) = 53
1787728348.395618 read(11, "", 4096)    = 0
1787728348.496516 read(11, "@PS1,M,233082,17733852,968150,9505148,00000000*5F41\r\n", 4096) = 53
1787728348.500300 read(11, "", 4096)    = 0
1787728348.515731 read(11, "@PS1,M,233083,17733912,968143,9505123,00000000*93D9\r\n", 4096) = 53
1787728348.518705 read(11, "", 4096)    = 0
1787728348.650529 --- SIGCHLD {si_signo=SIGCHLD, si_code=CLD_EXITED, si_pid=52172, si_uid=1000, si_status=0, si_utime=0, si_stime=0} ---
1787728348.659866 read(11, "@PS1,M,233084,17733972,968326,9505135,00000000*8A62\r\n", 4096) = 53
1787728348.664774 read(11, "", 4096)    = 0
1787728348.818536 read(11, "@PS1,M,233085,17734153,968367,9505129,00000000*C8D5\r\n@PS1,M,233086,17734213,968444,9505132,00000000*D54E\r\n", 4096) = 106
1787728348.825007 read(11, "", 4096)    = 0
1787728348.872077 read(11, "@PS1,M,233087,17734273,968431,9505137,00000000*68B7\r\n", 4096) = 53
1787728348.874495 read(11, "", 4096)    = 0
1787728348.975763 read(11, "@PS1,M,233088,17734333,968533,9505152,00000000*5F57\r\n", 4096) = 53
1787728348.979592 read(11, "", 4096)    = 0
1787728348.994270 read(11, "@PS1,M,233089,17734393,968571,9505115,00000000*4DDD\r\n", 4096) = 53
1787728348.997018 read(11, "", 4096)    = 0
1787728349.118589 read(11, "@PS1,M,233090,17734453,968527,9505135,00000000*E96F\r\n", 4096) = 53
1787728349.122411 read(11, "", 4096)    = 0
1787728349.262643 read(11, "@PS1,M,233091,17734634,968557,9505113,00000000*A79D\r\n", 4096) = 53
1787728349.266485 read(11, "", 4096)    = 0
1787728349.290525 read(11, "@PS1,M,233092,17734694,968571,9505075,00000000*4558\r\n", 4096) = 53
1787728349.293466 read(11, "", 4096)    = 0
1787728349.405506 read(11, "@PS1,M,233093,17734754,968636,9505059,00000000*CFA2\r\n", 4096) = 53
1787728349.409374 read(11, "", 4096)    = 0
1787728349.410010 read(11, "@PS1,M,233094,17734814,968637,9505082,00000000*5BCB\r\n", 4096) = 53
1787728349.412597 read(11, "", 4096)    = 0
1787728349.548079 read(11, "@PS1,M,233095,17734874,968813,9505064,00000000*62A5\r\n@PS1,M,233096,17734934,968899,9505062,00000000*B0E6\r\n", 4096) = 106
1787728349.553103 read(11, "", 4096)    = 0
1787728349.589280 read(11, "@PS1,M,233097,17734994,968881,9505024,00000000*5A05\r\n", 4096) = 53
1787728349.591380 read(11, "", 4096)    = 0
1787728349.768870 read(11, "@PS1,M,233098,17735175,968942,9505023,00000000*CEB3\r\n", 4096) = 53
1787728349.771332 read(11, "", 4096)    = 0
1787728349.920247 read(11, "@PS1,M,233099,17735235,969054,9505017,00000000*AA32\r\n@PS1,M,233100,17735295,969054,9504995,00000000*8AF0\r\n", 4096) = 106
1787728349.931283 read(11, "", 4096)    = 0
1787728349.949123 read(11, "@PS1,M,233101,17735355,969135,9504989,00000000*BF6D\r\n", 4096) = 53
1787728349.953081 read(11, "", 4096)    = 0
1787728350.126142 read(11, "@PS1,M,233102,17735415,969088,9504978,00000000*32D5\r\n@PS1,M,233103,17735475,969212,9504972,00000000*C77F\r\n", 4096) = 106
1787728350.131580 read(11, "", 4096)    = 0
1787728350.283566 read(11, "@PS1,M,233104,17735656,969270,9504907,00000000*709A\r\n", 4096) = 53
1787728350.288358 read(11, "", 4096)    = 0
1787728350.307160 read(11, "@PS1,M,233105,17735716,969186,9504900,00000000*80F5\r\n", 4096) = 53
1787728350.309981 read(11, "", 4096)    = 0
1787728350.428537 read(11, "@PS1,M,233106,17735776,969400,9504931,00000000*8984\r\n@PS1,M,233107,17735836,969322,9504889,00000000*026A\r\n", 4096) = 106
1787728350.434067 read(11, "", 4096)    = 0
1787728350.486358 read(11, "@PS1,M,233108,17735896,969471,9504861,00000000*3B4A\r\n", 4096) = 53
1787728350.488644 read(11, "", 4096)    = 0
1787728350.585426 read(11, "@PS1,M,233109,17735957,969468,9504857,00000000*81D2\r\n", 4096) = 53
1787728350.590211 read(11, "", 4096)    = 0
1787728350.607116 read(11, "@PS1,M,233110,17736017,969485,9504851,00000000*6F3A\r\n", 4096) = 53
1787728350.609635 read(11, "", 4096)    = 0
1787728350.785956 read(11, "@PS1,M,233111,17736197,969451,9504801,00000000*AA43\r\n", 4096) = 53
1787728350.788470 read(11, "", 4096)    = 0
1787728350.925966 read(11, "@PS1,M,233112,17736257,969604,9504769,00000000*D660\r\n@PS1,M,233113,17736317,969565,9504778,00000000*330D\r\n", 4096) = 106
1787728350.931912 read(11, "", 4096)    = 0
1787728350.965142 read(11, "@PS1,M,233114,17736377,969725,9504767,00000000*A331\r\n", 4096) = 53
1787728350.967551 read(11, "", 4096)    = 0
1787728351.072848 read(11, "@PS1,M,233115,17736437,969572,9504731,00000000*33E2\r\n", 4096) = 53
1787728351.081601 read(11, "", 4096)    = 0
1787728351.093122 read(11, "@PS1,M,233116,17736497,969692,9504746,00000000*E34E\r\n", 4096) = 53
1787728351.096311 read(11, "", 4096)    = 0
1787728351.264842 read(11, "@PS1,M,233117,17736678,969845,9504686,00000000*7CA4\r\n", 4096) = 53
1787728351.267307 read(11, "", 4096)    = 0
1787728351.409587 read(11, "@PS1,M,233118,17736738,969748,9504716,00000000*00DB\r\n@PS1,M,233119,17736799,969823,9504698,00000000*1AB6\r\n", 4096) = 106
1787728351.415927 read(11, "", 4096)    = 0
1787728351.444073 read(11, "@PS1,M,233120,17736859,969663,9504639,00000000*C87D\r\n", 4096) = 53
1787728351.446284 read(11, "", 4096)    = 0
1787728351.569664 read(11, "@PS1,M,233121,17736919,969608,9504630,00000000*E0EB\r\n@PS1,M,233122,17736979,969733,9504637,00000000*27D4\r\n", 4096) = 106
1787728351.576045 read(11, "", 4096)    = 0
1787728351.624462 read(11, "@PS1,M,233123,17737039,969757,9504631,00000000*D7ED\r\n", 4096) = 53
1787728351.627364 read(11, "", 4096)    = 0
1787728351.803535 read(11, "@PS1,M,233124,17737220,969799,9504601,00000000*ACDE\r\n", 4096) = 53
1787728351.806401 read(11, "", 4096)    = 0
1787728351.947566 read(11, "@PS1,M,233125,17737280,969814,9504615,00000000*6AAE\r\n@PS1,M,233126,17737340,969824,9504583,00000000*170A\r\n", 4096) = 106
1787728351.954972 read(11, "", 4096)    = 0
1787728351.982750 read(11, "@PS1,M,233127,17737400,969822,9504533,00000000*AA4B\r\n", 4096) = 53
1787728351.984869 read(11, "", 4096)    = 0
1787728352.108012 read(11, "@PS1,M,233128,17737460,969869,9504559,00000000*EA6D\r\n@PS1,M,233129,17737520,969853,9504545,00000000*BEF3\r\n", 4096) = 106
1787728352.113928 read(11, "", 4096)    = 0
1787728352.282101 read(11, "@PS1,M,233130,17737701,969718,9504551,00000000*3A0A\r\n", 4096) = 53
1787728352.285384 read(11, "", 4096)    = 0
1787728352.341777 read(11, "@PS1,M,233131,17737761,969657,9504584,00000000*EAEC\r\n", 4096) = 53
1787728352.344132 read(11, "", 4096)    = 0
1787728352.429135 read(11, "@PS1,M,233132,17737821,969650,9504502,00000000*2F82\r\n", 4096) = 53
1787728352.432774 read(11, "", 4096)    = 0
1787728352.461346 read(11, "@PS1,M,233133,17737881,969634,9504555,00000000*49BA\r\n", 4096) = 53
1787728352.463729 read(11, "", 4096)    = 0
1787728352.569671 read(11, "@PS1,M,233134,17737941,969595,9504558,00000000*00D1\r\n", 4096) = 53
1787728352.573875 read(11, "", 4096)    = 0
1787728352.587778 read(11, "@PS1,M,233135,17738001,969545,9504528,00000000*578A\r\n", 4096) = 53
1787728352.590627 read(11, "", 4096)    = 0
1787728352.716741 read(11, "@PS1,M,233136,17738061,969532,9504554,00000000*3EE8\r\n", 4096) = 53
1787728352.721433 read(11, "", 4096)    = 0
1787728352.862874 read(11, "@PS1,M,233137,17738241,969480,9504563,00000000*832C\r\n", 4096) = 53
1787728352.867573 read(11, "", 4096)    = 0
1787728352.881262 read(11, "@PS1,M,233138,17738301,969390,9504520,00000000*F436\r\n", 4096) = 53
1787728352.883593 read(11, "", 4096)    = 0
1787728353.009667 read(11, "@PS1,M,233139,17738361,969446,9504549,00000000*EB0F\r\n@PS1,M,233140,17738421,969395,9504553,00000000*CA05\r\n", 4096) = 106
1787728353.016466 read(11, "", 4096)    = 0
1787728353.059957 read(11, "@PS1,M,233141,17738483,969329,9504547,00000000*308C\r\n", 4096) = 53
1787728353.062375 read(11, "", 4096)    = 0
1787728353.169310 read(11, "@PS1,M,233142,17738543,969285,9504537,00000000*1228\r\n", 4096) = 53
1787728353.173179 read(11, "", 4096)    = 0
1787728353.314574 read(11, "@PS1,M,233143,17738723,969271,9504574,00000000*C7EA\r\n", 4096) = 53
1787728353.318951 read(11, "", 4096)    = 0
1787728353.358283 read(11, "@PS1,M,233144,17738783,969180,9504619,00000000*20A9\r\n", 4096) = 53
1787728353.360997 read(11, "", 4096)    = 0
1787728353.460040 read(11, "@PS1,M,233145,17738843,969082,9504560,00000000*1339\r\n", 4096) = 53
1787728353.464309 read(11, "", 4096)    = 0
1787728353.479979 read(11, "@PS1,M,233146,17738903,969036,9504651,00000000*236E\r\n", 4096) = 53
1787728353.482727 read(11, "", 4096)    = 0
1787728353.619764 read(11, "@PS1,M,233147,17738963,969057,9504620,00000000*34A7\r\n@PS1,M,233148,17739023,969154,9504640,00000000*BEA2\r\n", 4096) = 106
1787728353.626165 read(11, "", 4096)    = 0
1787728353.651636 --- SIGCHLD {si_signo=SIGCHLD, si_code=CLD_EXITED, si_pid=52190, si_uid=1000, si_status=0, si_utime=0, si_stime=0} ---
1787728353.658164 read(11, "@PS1,M,233149,17739084,968958,9504650,00000000*202A\r\n", 4096) = 53
1787728353.660499 read(11, "", 4096)    = 0
1787728353.837149 read(11, "@PS1,M,233150,17739264,968722,9504758,00000000*C8CC\r\n", 4096) = 53
1787728353.839637 read(11, "", 4096)    = 0
1787728353.896816 read(11, "@PS1,M,233151,17739324,968842,9504718,00000000*50AE\r\n", 4096) = 53
1787728353.899466 read(11, "", 4096)    = 0
1787728353.984518 read(11, "@PS1,M,233152,17739384,968860,9504745,00000000*C2C7\r\n", 4096) = 53
1787728353.988429 read(11, "", 4096)    = 0
1787728354.016418 read(11, "@PS1,M,233153,17739444,968766,9504727,00000000*8C81\r\n", 4096) = 53
1787728354.019396 read(11, "", 4096)    = 0
1787728354.129286 read(11, "@PS1,M,233154,17739504,968750,9504751,00000000*C45F\r\n", 4096) = 53
1787728354.134489 read(11, "", 4096)    = 0
1787728354.147949 read(11, "@PS1,M,233155,17739564,968743,9504775,00000000*52B4\r\n", 4096) = 53
1787728354.150358 read(11, "", 4096)    = 0
1787728354.316212 read(11, "@PS1,M,233156,17739745,968405,9504848,00000000*346D\r\n", 4096) = 53
1787728354.318740 read(11, "", 4096)    = 0
1787728354.459989 read(11, "@PS1,M,233157,17739805,968677,9504857,00000000*D74E\r\n@PS1,M,233158,17739865,968559,9504830,00000000*A510\r\n", 4096) = 106
1787728354.466378 read(11, "", 4096)    = 0
1787728354.495370 read(11, "@PS1,M,233159,17739926,968462,9504890,00000000*C7DA\r\n", 4096) = 53
1787728354.497645 read(11, "", 4096)    = 0
1787728354.619585 read(11, "@PS1,M,233160,17739986,968333,9504900,00000000*BFD8\r\n@PS1,M,233161,17740046,968495,9504892,00000000*CEC1\r\n", 4096) = 106
1787728354.625587 read(11, "", 4096)    = 0
1787728354.674715 read(11, "@PS1,M,233162,17740106,968264,9504919,00000000*43EA\r\n", 4096) = 53
1787728354.676832 read(11, "", 4096)    = 0
1787728354.853508 read(11, "@PS1,M,233163,17740285,968263,9504987,00000000*AEF2\r\n", 4096) = 53
1787728354.855834 read(11, "", 4096)    = 0
1787728354.996498 read(11, "@PS1,M,233164,17740347,968277,9505000,00000000*BB7D\r\n@PS1,M,233165,17740407,968301,9505002,00000000*0D6E\r\n", 4096) = 106
1787728355.002739 read(11, "", 4096)    = 0
1787728355.034007 read(11, "@PS1,M,233166,17740467,968228,9504976,00000000*21C1\r\n", 4096) = 53
1787728355.036310 read(11, "", 4096)    = 0
1787728355.206239 read(11, "@PS1,M,233167,17740527,968191,9505046,00000000*A1B5\r\n@PS1,M,233168,17740587,968024,9505058,00000000*A969\r\n", 4096) = 106
1787728355.213377 read(11, "", 4096)    = 0
1787728355.366215 read(11, "@PS1,M,233169,17740768,968100,9505069,00000000*4E73\r\n", 4096) = 53
1787728355.371303 read(11, "", 4096)    = 0
1787728355.392946 read(11, "@PS1,M,233170,17740828,968105,9505076,00000000*CA65\r\n", 4096) = 53
1787728355.396408 read(11, "", 4096)    = 0
1787728355.512480 read(11, "@PS1,M,233171,17740888,968153,9505102,00000000*3C17\r\n@PS1,M,233172,17740948,968080,9505111,00000000*652D\r\n", 4096) = 106
1787728355.518569 read(11, "", 4096)    = 0
1787728355.572139 read(11, "@PS1,M,233173,17741008,968003,9505122,00000000*AB75\r\n", 4096) = 53
1787728355.574716 read(11, "", 4096)    = 0
1787728355.672641 read(11, "@PS1,M,233174,17741068,968064,9505158,00000000*3F61\r\n", 4096) = 53
1787728355.677409 read(11, "", 4096)    = 0
1787728355.691690 read(11, "@PS1,M,233175,17741128,967981,9505150,00000000*57FB\r\n", 4096) = 53
1787728355.694074 read(11, "", 4096)    = 0
1787728355.871182 read(11, "@PS1,M,233176,17741308,968089,9505180,00000000*1589\r\n", 4096) = 53
1787728355.874058 read(11, "", 4096)    = 0
1787728355.930835 read(11, "@PS1,M,233177,17741368,968129,9505209,00000000*DB04\r\n", 4096) = 53
1787728355.933532 read(11, "", 4096)    = 0
1787728356.019156 read(11, "@PS1,M,233178,17741428,968031,9505167,00000000*B298\r\n", 4096) = 53
1787728356.022928 read(11, "", 4096)    = 0
1787728356.050404 read(11, "@PS1,M,233179,17741488,968047,9505188,00000000*6AC3\r\n", 4096) = 53
1787728356.053333 read(11, "", 4096)    = 0
1787728356.165726 read(11, "@PS1,M,233180,17741548,968198,9505212,00000000*1588\r\n", 4096) = 53
1787728356.170327 read(11, "@PS1,M,233181,17741609,968185,9505208,00000000*011B\r\n", 4096) = 53
1787728356.172592 read(11, "", 4096)    = 0
1787728356.349171 read(11, "@PS1,M,233182,17741789,968106,9505226,00000000*9A95\r\n", 4096) = 53
1787728356.351971 read(11, "", 4096)    = 0
1787728356.408902 read(11, "@PS1,M,233183,17741849,968235,9505176,00000000*C5EF\r\n", 4096) = 53
1787728356.411631 read(11, "", 4096)    = 0
1787728356.497011 read(11, "@PS1,M,233184,17741909,968152,9505202,00000000*6EC0\r\n", 4096) = 53
1787728356.501235 read(11, "", 4096)    = 0
1787728356.528471 read(11, "@PS1,M,233185,17741969,968117,9505180,00000000*1AD2\r\n", 4096) = 53
1787728356.530840 read(11, "", 4096)    = 0
1787728356.643187 read(11, "@PS1,M,233186,17742030,968192,9505158,00000000*F9E4\r\n", 4096) = 53
1787728356.647409 read(11, "", 4096)    = 0
1787728356.661229 read(11, "@PS1,M,233187,17742090,968202,9505172,00000000*3A09\r\n", 4096) = 53
1787728356.668651 read(11, "", 4096)    = 0
1787728356.790471 read(11, "@PS1,M,233188,17742150,968091,9505173,00000000*8240\r\n", 4096) = 53
1787728356.794760 read(11, "", 4096)    = 0
1787728356.938591 read(11, "@PS1,M,233189,17742330,968313,9505163,00000000*0B6D\r\n", 4096) = 53
1787728356.943221 read(11, "", 4096)    = 0
1787728356.958574 read(11, "@PS1,M,233190,17742390,968185,9505142,00000000*C0CA\r\n", 4096) = 53
1787728356.961419 read(11, "", 4096)    = 0
1787728357.081769 read(11, "@PS1,M,233191,17742450,968325,9505131,00000000*5B83\r\n@PS1,M,233192,17742510,968375,9505153,00000000*D213\r\n", 4096) = 106
1787728357.087830 read(11, "", 4096)    = 0
1787728357.127748 read(11, "@PS1,M,233193,17742571,968580,9505109,00000000*D875\r\n", 4096) = 53
1787728357.130418 read(11, "", 4096)    = 0
1787728357.244075 read(11, "@PS1,M,233194,17742631,968448,9505156,00000000*51C3\r\n", 4096) = 53
1787728357.248690 read(11, "", 4096)    = 0
1787728357.391767 read(11, "@PS1,M,233195,17742811,968558,9505109,00000000*6572\r\n", 4096) = 53
1787728357.395688 read(11, "", 4096)    = 0
1787728357.425791 read(11, "@PS1,M,233196,17742871,968547,9505096,00000000*F8BF\r\n", 4096) = 53
1787728357.428496 read(11, "", 4096)    = 0
1787728357.538568 read(11, "@PS1,M,233197,17742931,968533,9505100,00000000*208F\r\n", 4096) = 53
1787728357.542563 read(11, "", 4096)    = 0
1787728357.556566 read(11, "@PS1,M,233198,17742992,968662,9505133,00000000*21F8\r\n", 4096) = 53
1787728357.558935 read(11, "", 4096)    = 0
1787728357.687623 read(11, "@PS1,M,233199,17743052,968566,9505093,00000000*2A4E\r\n@PS1,M,233200,17743112,968737,9505050,00000000*C90B\r\n", 4096) = 106
1787728357.693887 read(11, "", 4096)    = 0
1787728357.725776 read(11, "@PS1,M,233201,17743172,968855,9505041,00000000*1AE4\r\n", 4096) = 53
1787728357.728123 read(11, "", 4096)    = 0
1787728357.904455 read(11, "@PS1,M,233202,17743352,968908,9505026,00000000*73C1\r\n", 4096) = 53
1787728357.907008 read(11, "", 4096)    = 0
1787728358.050572 read(11, "@PS1,M,233203,17743412,969024,9505012,00000000*31F4\r\n@PS1,M,233204,17743472,969045,9505026,00000000*CDB7\r\n", 4096) = 106
1787728358.057891 read(11, "", 4096)    = 0
1787728358.083736 read(11, "@PS1,M,233205,17743532,969153,9505001,00000000*8233\r\n", 4096) = 53
1787728358.086179 read(11, "", 4096)    = 0
1787728358.212216 read(11, "@PS1,M,233206,17743593,969196,9504978,00000000*813D\r\n@PS1,M,233207,17743653,969134,9504979,00000000*23FE\r\n", 4096) = 106
1787728358.218518 read(11, "", 4096)    = 0
1787728358.383329 read(11, "@PS1,M,233208,17743833,969179,9504919,00000000*2399\r\n", 4096) = 53
1787728358.386136 read(11, "", 4096)    = 0
1787728358.528735 read(11, "@PS1,M,233209,17743893,969338,9504921,00000000*250B\r\n@PS1,M,233210,17743953,969276,9504931,00000000*9CD4\r\n", 4096) = 106
1787728358.535303 read(11, "", 4096)    = 0
1787728358.562695 read(11, "@PS1,M,233211,17744013,969377,9504917,00000000*C603\r\n", 4096) = 53
1787728358.565780 read(11, "", 4096)    = 0
1787728358.700167 read(11, "@PS1,M,233212,17744073,969372,9504870,00000000*4585\r\n@PS1,M,233213,17744133,969357,9504867,00000000*353A\r\n", 4096) = 106
1787728358.705992 read(11, "", 4096)    = 0
1787728358.741872 read(11, "@PS1,M,233214,17744193,969455,9504855,00000000*74C6\r\n", 4096) = 53
1787728358.744521 read(11, "", 4096)    = 0
1787728358.922245 read(11, "@PS1,M,233215,17744375,969549,9504800,00000000*0424\r\n", 4096) = 53
1787728358.924731 read(11, "", 4096)    = 0
1787728359.068339 read(11, "@PS1,M,233216,17744435,969521,9504794,00000000*9AE0\r\n@PS1,M,233217,17744495,969660,9504748,00000000*578E\r\n", 4096) = 106
1787728359.074316 read(11, "", 4096)    = 0
1787728359.101576 read(11, "@PS1,M,233218,17744555,969708,9504747,00000000*D3DA\r\n", 4096) = 53
1787728359.104462 read(11, "", 4096)    = 0
1787728359.230603 read(11, "@PS1,M,233219,17744615,969747,9504761,00000000*7B3A\r\n@PS1,M,233220,17744675,969575,9504724,00000000*4CDB\r\n", 4096) = 106
1787728359.236832 read(11, "", 4096)    = 0
1787728359.400115 read(11, "@PS1,M,233221,17744855,969859,9504723,00000000*A392\r\n", 4096) = 53
1787728359.402631 read(11, "", 4096)    = 0
1787728359.459787 read(11, "@PS1,M,233222,17744915,969699,9504696,00000000*503F\r\n", 4096) = 53
1787728359.462318 read(11, "", 4096)    = 0
1787728359.549276 read(11, "@PS1,M,233223,17744975,969653,9504651,00000000*2301\r\n", 4096) = 53
1787728359.553608 read(11, "", 4096)    = 0
1787728359.579421 read(11, "@PS1,M,233224,17745035,969748,9504670,00000000*19DA\r\n", 4096) = 53
1787728359.582294 read(11, "", 4096)    = 0
1787728359.697839 read(11, "@PS1,M,233225,17745095,969776,9504680,00000000*F609\r\n", 4096) = 53
1787728359.702082 read(11, "@PS1,M,233226,17745155,969687,9504636,00000000*3322\r\n", 4096) = 53
1787728359.704034 read(11, "", 4096)    = 0
1787728359.758752 read(11, "@PS1,M,233227,17745215,969715,9504603,00000000*3030\r\n", 4096) = 53
1787728359.761148 read(11, "", 4096)    = 0
1787728359.938863 read(11, "@PS1,M,233228,17745396,969764,9504583,00000000*F02C\r\n", 4096) = 53
1787728359.941674 read(11, "", 4096)    = 0
1787728360.082880 read(11, "@PS1,M,233229,17745456,969883,9504606,00000000*707A\r\n@PS1,M,233230,17745516,969719,9504568,00000000*1954\r\n", 4096) = 106
1787728360.089882 read(11, "", 4096)    = 0
1787728360.118073 read(11, "@PS1,M,233231,17745576,969675,9504592,00000000*93DD\r\n", 4096) = 53
1787728360.120648 read(11, "", 4096)    = 0
1787728360.283072 read(11, "@PS1,M,233232,17745636,969813,9504555,00000000*823B\r\n@PS1,M,233233,17745697,969692,9504585,00000000*6B78\r\n", 4096) = 106
1787728360.292172 read(11, "", 4096)    = 0
1787728360.457691 read(11, "@PS1,M,233234,17745877,969651,9504580,00000000*AB2F\r\n", 4096) = 53
1787728360.462677 read(11, "", 4096)    = 0
1787728360.477515 read(11, "@PS1,M,233235,17745938,969669,9504556,00000000*AD35\r\n", 4096) = 53
1787728360.479918 read(11, "", 4096)    = 0
1787728360.607166 read(11, "@PS1,M,233236,17745998,969655,9504527,00000000*5705\r\n@PS1,M,233237,17746058,969512,9504551,00000000*06BC\r\n", 4096) = 106
1787728360.612142 read(11, "", 4096)    = 0
1787728360.656831 read(11, "@PS1,M,233238,17746118,969444,9504566,00000000*007F\r\n", 4096) = 53
1787728360.659308 read(11, "", 4096)    = 0
1787728360.756244 read(11, "@PS1,M,233239,17746178,969680,9504583,00000000*9795\r\n", 4096) = 53
1787728360.761158 read(11, "", 4096)    = 0
1787728360.776351 read(11, "@PS1,M,233240,17746238,969617,9504572,00000000*7B58\r\n", 4096) = 53
1787728360.778759 read(11, "", 4096)    = 0
1787728360.955046 read(11, "@PS1,M,233241,17746418,969372,9504586,00000000*F125\r\n", 4096) = 53
1787728360.957651 read(11, "", 4096)    = 0
1787728361.100670 read(11, "@PS1,M,233242,17746479,969352,9504615,00000000*BB72\r\n@PS1,M,233243,17746539,969433,9504569,00000000*F483\r\n", 4096) = 106
1787728361.106541 read(11, "", 4096)    = 0
1787728361.135598 read(11, "@PS1,M,233244,17746599,969298,9504614,00000000*BFDA\r\n", 4096) = 53
1787728361.138325 read(11, "", 4096)    = 0
1787728361.261935 read(11, "@PS1,M,233245,17746659,969300,9504590,00000000*3EE7\r\n@PS1,M,233246,17746719,969236,9504627,00000000*8A4F\r\n", 4096) = 106
1787728361.267788 read(11, "", 4096)    = 0
1787728361.433714 read(11, "@PS1,M,233247,17746899,969163,9504651,00000000*7684\r\n", 4096) = 53
1787728361.436138 read(11, "", 4096)    = 0
1787728361.580593 read(11, "@PS1,M,233248,17746959,968996,9504645,00000000*3339\r\n@PS1,M,233249,17747020,969149,9504664,00000000*A8F1\r\n", 4096) = 106
1787728361.586870 read(11, "", 4096)    = 0
1787728361.614159 read(11, "@PS1,M,233250,17747080,968972,9504698,00000000*0E1C\r\n", 4096) = 53
1787728361.616376 read(11, "", 4096)    = 0
1787728361.743395 read(11, "@PS1,M,233251,17747140,968849,9504715,00000000*BA5A\r\n@PS1,M,233252,17747200,968843,9504723,00000000*AA11\r\n", 4096) = 106
1787728361.749572 read(11, "", 4096)    = 0
1787728361.793408 read(11, "@PS1,M,233253,17747260,968957,9504716,00000000*4E90\r\n", 4096) = 53
1787728361.795954 read(11, "", 4096)    = 0
1787728361.972726 read(11, "@PS1,M,233254,17747440,968812,9504783,00000000*5832\r\n", 4096) = 53
1787728361.975741 read(11, "", 4096)    = 0
1787728362.032439 read(11, "@PS1,M,233255,17747500,968680,9504802,00000000*20EE\r\n", 4096) = 53
1787728362.034955 read(11, "", 4096)    = 0
1787728362.121587 read(11, "@PS1,M,233256,17747560,968731,9504797,00000000*C16D\r\n", 4096) = 53
1787728362.125920 read(11, "", 4096)    = 0
1787728362.152057 read(11, "@PS1,M,233257,17747620,968650,9504863,00000000*E743\r\n", 4096) = 53
1787728362.154911 read(11, "", 4096)    = 0
1787728362.268848 read(11, "@PS1,M,233258,17747680,968622,9504857,00000000*C6AA\r\n", 4096) = 53
1787728362.273275 read(11, "@PS1,M,233259,17747741,968599,9504868,00000000*CB8B\r\n", 4096) = 53
1787728362.275949 read(11, "", 4096)    = 0
1787728362.451030 read(11, "@PS1,M,233260,17747921,968341,9504916,00000000*0BDB\r\n", 4096) = 53
1787728362.453802 read(11, "", 4096)    = 0
1787728362.510722 read(11, "@PS1,M,233261,17747981,968359,9504899,00000000*348A\r\n", 4096) = 53
1787728362.513739 read(11, "", 4096)    = 0
1787728362.601783 read(11, "@PS1,M,233262,17748041,968458,9504947,00000000*3EBD\r\n", 4096) = 53
1787728362.610403 read(11, "", 4096)    = 0
1787728362.630386 read(11, "@PS1,M,233263,17748101,968426,9504943,00000000*4099\r\n", 4096) = 53
1787728362.634324 read(11, "", 4096)    = 0
1787728362.754236 read(11, "@PS1,M,233264,17748161,968280,9505009,00000000*6473\r\n@PS1,M,233265,17748221,968346,9504982,00000000*BFF8\r\n", 4096) = 106
1787728362.760482 read(11, "", 4096)    = 0
1787728362.809640 read(11, "@PS1,M,233266,17748281,968328,9504985,00000000*7989\r\n", 4096) = 53
1787728362.811723 read(11, "", 4096)    = 0
1787728362.988919 read(11, "@PS1,M,233267,17748461,968300,9505000,00000000*1040\r\n", 4096) = 53
1787728362.991468 read(11, "", 4096)    = 0
1787728363.135214 read(11, "@PS1,M,233268,17748523,968021,9505088,00000000*B082\r\n@PS1,M,233269,17748583,967970,9505093,00000000*5CE9\r\n", 4096) = 106
1787728363.141383 read(11, "", 4096)    = 0
1787728363.169381 read(11, "@PS1,M,233270,17748643,968074,9505072,00000000*19F0\r\n", 4096) = 53
1787728363.171960 read(11, "", 4096)    = 0
1787728363.294962 read(11, "@PS1,M,233271,17748703,968078,9505065,00000000*C40E\r\n@PS1,M,233272,17748763,967970,9505139,00000000*7BF3\r\n", 4096) = 106
1787728363.301178 read(11, "", 4096)    = 0
1787728363.468281 read(11, "@PS1,M,233273,17748943,968115,9505113,00000000*D0FA\r\n", 4096) = 53
1787728363.471098 read(11, "", 4096)    = 0
1787728363.621490 read(11, "@PS1,M,233274,17749003,968005,9505128,00000000*57B4\r\n@PS1,M,233275,17749063,967931,9505130,00000000*4CED\r\n", 4096) = 106
1787728363.630346 read(11, "", 4096)    = 0
1787728363.641114 --- SIGCHLD {si_signo=SIGCHLD, si_code=CLD_EXITED, si_pid=52226, si_uid=1000, si_status=0, si_utime=0, si_stime=0} ---
1787728363.647655 read(11, "@PS1,M,233276,17749123,967968,9505101,00000000*FCE2\r\n", 4096) = 53
1787728363.650334 read(11, "", 4096)    = 0
1787728363.784103 read(11, "@PS1,M,233277,17749183,967929,9505162,00000000*E39C\r\n@PS1,M,233278,17749243,967880,9505129,00000000*9966\r\n", 4096) = 106
1787728363.789152 read(11, "", 4096)    = 0
1787728363.826789 read(11, "@PS1,M,233279,17749304,967920,9505198,00000000*F56D\r\n", 4096) = 53
1787728363.829769 read(11, "", 4096)    = 0
1787728364.006273 read(11, "@PS1,M,233280,17749484,968036,9505199,00000000*4258\r\n", 4096) = 53
1787728364.009161 read(11, "", 4096)    = 0
1787728364.065958 read(11, "@PS1,M,233281,17749544,967896,9505155,00000000*3AA9\r\n", 4096) = 53
1787728364.068191 read(11, "", 4096)    = 0
1787728364.156611 read(11, "@PS1,M,233282,17749604,968041,9505185,00000000*86AF\r\n", 4096) = 53
1787728364.160348 read(11, "", 4096)    = 0
1787728364.185609 read(11, "@PS1,M,233283,17749664,967985,9505162,00000000*EA55\r\n", 4096) = 53
1787728364.188548 read(11, "", 4096)    = 0
1787728364.304919 read(11, "@PS1,M,233284,17749724,968122,9505157,00000000*875C\r\n@PS1,M,233285,17749784,968031,9505184,00000000*11A6\r\n", 4096) = 106
1787728364.310497 read(11, "", 4096)    = 0
1787728364.484453 read(11, "@PS1,M,233286,17749964,968184,9505173,00000000*DBD6\r\n", 4096) = 53
1787728364.487191 read(11, "", 4096)    = 0
1787728364.631897 read(11, "@PS1,M,233287,17750024,968270,9505177,00000000*21F6\r\n@PS1,M,233288,17750086,968198,9505167,00000000*9729\r\n", 4096) = 106
1787728364.637595 read(11, "", 4096)    = 0
1787728364.665039 read(11, "@PS1,M,233289,17750146,968162,9505140,00000000*AB45\r\n", 4096) = 53
1787728364.667394 read(11, "", 4096)    = 0
1787728364.794615 read(11, "@PS1,M,233290,17750206,968276,9505148,00000000*65B3\r\n@PS1,M,233291,17750266,968285,9505200,00000000*9473\r\n", 4096) = 106
1787728364.799970 read(11, "", 4096)    = 0
1787728364.844200 read(11, "@PS1,M,233292,17750326,968237,9505168,00000000*08C0\r\n", 4096) = 53
1787728364.846349 read(11, "", 4096)    = 0
1787728365.023780 read(11, "@PS1,M,233293,17750507,968573,9505162,00000000*4286\r\n", 4096) = 53
1787728365.026348 read(11, "", 4096)    = 0
1787728365.170426 read(11, "@PS1,M,233294,17750567,968469,9505171,00000000*FC3D\r\n@PS1,M,233295,17750627,968524,9505164,00000000*5818\r\n", 4096) = 106
1787728365.176698 read(11, "", 4096)    = 0
1787728365.203085 read(11, "@PS1,M,233296,17750687,968689,9505071,00000000*1D59\r\n", 4096) = 53
1787728365.205893 read(11, "", 4096)    = 0
1787728365.353394 read(11, "@PS1,M,233297,17750747,968627,9505128,00000000*54AE\r\n@PS1,M,233298,17750807,968585,9505084,00000000*35DF\r\n", 4096) = 106
1787728365.362223 read(11, "", 4096)    = 0
1787728365.551088 read(11, "@PS1,M,233299,17750987,968786,9505088,00000000*035B\r\n", 4096) = 53
1787728365.555777 read(11, "", 4096)    = 0
1787728365.569542 read(11, "@PS1,M,233300,17751047,968924,9505047,00000000*28CD\r\n", 4096) = 53
1787728365.572110 read(11, "", 4096)    = 0
1787728365.622050 read(11, "@PS1,M,233301,17751108,968807,9505072,00000000*D6D3\r\n", 4096) = 53
1787728365.624846 read(11, "", 4096)    = 0
1787728365.712647 read(11, "@PS1,M,233302,17751168,968744,9505073,00000000*A930\r\n", 4096) = 53
1787728365.716725 read(11, "", 4096)    = 0
1787728365.807558 read(11, "@PS1,M,233303,17751228,968881,9505051,00000000*0857\r\n@PS1,M,233304,17751288,968936,9505028,00000000*BC6A\r\n", 4096) = 106
1787728365.814175 read(11, "", 4096)    = 0
1787728365.861188 read(11, "@PS1,M,233305,17751348,968979,9505027,00000000*8856\r\n", 4096) = 53
1787728365.863382 read(11, "", 4096)    = 0
1787728366.040171 read(11, "@PS1,M,233306,17751528,969120,9504993,00000000*4F87\r\n", 4096) = 53
1787728366.042686 read(11, "", 4096)    = 0
1787728366.187602 read(11, "@PS1,M,233307,17751588,969197,9504981,00000000*BCC4\r\n@PS1,M,233308,17751648,969247,9504954,00000000*D52A\r\n", 4096) = 106
1787728366.193572 read(11, "", 4096)    = 0
1787728366.219457 read(11, "@PS1,M,233309,17751708,969133,9504965,00000000*4E7D\r\n", 4096) = 53
1787728366.222348 read(11, "", 4096)    = 0
1787728366.349586 read(11, "@PS1,M,233310,17751768,969310,9504961,00000000*A7DA\r\n@PS1,M,233311,17751828,969329,9504922,00000000*F8ED\r\n", 4096) = 106
1787728366.355422 read(11, "", 4096)    = 0
1787728366.529042 read(11, "@PS1,M,233312,17752009,969469,9504875,00000000*D1FF\r\n", 4096) = 53
1787728366.531804 read(11, "", 4096)    = 0
1787728366.578910 read(11, "@PS1,M,233313,17752069,969474,9504881,00000000*9D1F\r\n", 4096) = 53
1787728366.581269 read(11, "", 4096)    = 0
1787728366.672129 read(11, "@PS1,M,233314,17752129,969527,9504879,00000000*9F9E\r\n", 4096) = 53
1787728366.676933 read(11, "", 4096)    = 0
1787728366.698468 read(11, "@PS1,M,233315,17752190,969608,9504831,00000000*74BE\r\n", 4096) = 53
1787728366.701815 read(11, "", 4096)    = 0
1787728366.820817 read(11, "@PS1,M,233316,17752250,969510,9504807,00000000*27D1\r\n@PS1,M,233317,17752310,969559,9504810,00000000*B2A6\r\n", 4096) = 106
1787728366.825996 read(11, "", 4096)    = 0
1787728366.877547 read(11, "@PS1,M,233318,17752370,969579,9504805,00000000*9891\r\n", 4096) = 53
1787728366.880042 read(11, "", 4096)    = 0
1787728367.064931 read(11, "@PS1,M,233319,17752550,969793,9504766,00000000*7EAF\r\n", 4096) = 53
1787728367.069722 read(11, "", 4096)    = 0
1787728367.116577 read(11, "@PS1,M,233320,17752610,969796,9504738,00000000*F479\r\n", 4096) = 53
1787728367.118916 read(11, "", 4096)    = 0
1787728367.209985 read(11, "@PS1,M,233321,17752670,969590,9504721,00000000*27BC\r\n", 4096) = 53
1787728367.213852 read(11, "", 4096)    = 0
1787728367.236138 read(11, "@PS1,M,233322,17752730,969910,9504712,00000000*252C\r\n", 4096) = 53
1787728367.239182 read(11, "", 4096)    = 0
1787728367.358327 read(11, "@PS1,M,233323,17752790,969809,9504706,00000000*5DC9\r\n@PS1,M,233324,17752851,969944,9504656,00000000*99A2\r\n", 4096) = 106
1787728367.364592 read(11, "", 4096)    = 0
1787728367.540170 read(11, "@PS1,M,233325,17753031,969738,9504632,00000000*3403\r\n", 4096) = 53
1787728367.542997 read(11, "", 4096)    = 0
1787728367.595240 read(11, "@PS1,M,233326,17753091,969699,9504634,00000000*711F\r\n", 4096) = 53
1787728367.597796 read(11, "", 4096)    = 0
1787728367.687811 read(11, "@PS1,M,233327,17753151,969850,9504624,00000000*5B12\r\n", 4096) = 53
1787728367.692203 read(11, "", 4096)    = 0
1787728367.781438 read(11, "@PS1,M,233328,17753211,969837,9504634,00000000*7CD6\r\n@PS1,M,233329,17753271,969889,9504591,00000000*EFB1\r\n", 4096) = 106
1787728367.789106 read(11, "", 4096)    = 0
1787728367.834295 read(11, "@PS1,M,233330,17753331,969748,9504600,00000000*3C00\r\n", 4096) = 53
1787728367.836852 read(11, "", 4096)    = 0
1787728367.944210 read(11, "@PS1,M,233331,17753391,969771,9504598,00000000*9D26\r\n", 4096) = 53
1787728367.948339 read(11, "", 4096)    = 0
1787728368.091453 read(11, "@PS1,M,233332,17753572,969807,9504543,00000000*AD37\r\n", 4096) = 53
1787728368.095842 read(11, "", 4096)    = 0
1787728368.133548 read(11, "@PS1,M,233333,17753632,969838,9504608,00000000*4398\r\n", 4096) = 53
1787728368.135871 read(11, "", 4096)    = 0
1787728368.239124 read(11, "@PS1,M,233334,17753692,969625,9504581,00000000*71A4\r\n", 4096) = 53
1787728368.244287 read(11, "", 4096)    = 0
1787728368.257622 read(11, "@PS1,M,233335,17753752,969699,9504547,00000000*390C\r\n", 4096) = 53
1787728368.260156 read(11, "", 4096)    = 0
1787728368.386135 read(11, "@PS1,M,233336,17753812,969627,9504563,00000000*C3B5\r\n@PS1,M,233337,17753873,969592,9504560,00000000*CEB3\r\n", 4096) = 106
1787728368.396023 read(11, "", 4096)    = 0
1787728368.554733 read(11, "@PS1,M,233338,17754053,969496,9504583,00000000*B019\r\n", 4096) = 53
1787728368.559038 read(11, "", 4096)    = 0
1787728368.612464 read(11, "@PS1,M,233339,17754113,969451,9504597,00000000*F514\r\n", 4096) = 53
1787728368.616407 read(11, "", 4096)    = 0
1787728368.709620 --- SIGCHLD {si_signo=SIGCHLD, si_code=CLD_EXITED, si_pid=52244, si_uid=1000, si_status=0, si_utime=0, si_stime=0} ---
1787728368.726988 read(11, "@PS1,M,233340,17754173,969422,9504562,00000000*473C\r\n", 4096) = 53
1787728368.731552 read(11, "", 4096)    = 0
1787728368.733089 read(11, "@PS1,M,233341,17754233,969555,9504580,00000000*07FC\r\n", 4096) = 53
1787728368.735265 read(11, "", 4096)    = 0
1787728368.791649 read(11, "@PS1,M,233342,17754294,969415,9504567,00000000*32FD\r\n", 4096) = 53
1787728368.793869 read(11, "", 4096)    = 0
1787728368.884231 read(11, "@PS1,M,233343,17754354,969341,9504590,00000000*60A2\r\n", 4096) = 53
1787728368.888505 read(11, "", 4096)    = 0
1787728368.911145 read(11, "@PS1,M,233344,17754414,969324,9504606,00000000*97BF\r\n", 4096) = 53
1787728368.914733 read(11, "", 4096)    = 0
1787728369.091018 read(11, "@PS1,M,233345,17754594,969183,9504616,00000000*528A\r\n", 4096) = 53
1787728369.093637 read(11, "", 4096)    = 0
1787728369.236996 read(11, "@PS1,M,233346,17754655,969215,9504646,00000000*A7AF\r\n@PS1,M,233347,17754715,969172,9504647,00000000*9A6F\r\n", 4096) = 106
1787728369.243376 read(11, "", 4096)    = 0
1787728369.270270 read(11, "@PS1,M,233348,17754775,969036,9504654,00000000*E2F3\r\n", 4096) = 53
1787728369.272356 read(11, "", 4096)    = 0
1787728369.398224 read(11, "@PS1,M,233349,17754835,969075,9504693,00000000*894C\r\n@PS1,M,233350,17754895,968926,9504727,00000000*1704\r\n", 4096) = 106
1787728369.404473 read(11, "", 4096)    = 0
1787728369.576741 read(11, "@PS1,M,233351,17755075,968978,9504727,00000000*8986\r\n", 4096) = 53
1787728369.579850 read(11, "", 4096)    = 0
1787728369.628779 read(11, "@PS1,M,233352,17755135,968893,9504757,00000000*2045\r\n", 4096) = 53
1787728369.631331 read(11, "", 4096)    = 0
1787728369.721856 read(11, "@PS1,M,233353,17755195,968726,9504787,00000000*3BA6\r\n", 4096) = 53
1787728369.726076 read(11, "", 4096)    = 0
1787728369.749525 read(11, "@PS1,M,233354,17755256,968696,9504764,00000000*B91B\r\n", 4096) = 53
1787728369.753545 read(11, "", 4096)    = 0
1787728369.869378 read(11, "@PS1,M,233355,17755316,968682,9504815,00000000*DA3D\r\n@PS1,M,233356,17755376,968742,9504826,00000000*93F1\r\n", 4096) = 106
1787728369.875465 read(11, "", 4096)    = 0
1787728369.928730 read(11, "@PS1,M,233357,17755437,968682,9504857,00000000*1AFE\r\n", 4096) = 53
1787728369.930750 read(11, "", 4096)    = 0
1787728370.107614 read(11, "@PS1,M,233358,17755616,968404,9504915,00000000*0F55\r\n", 4096) = 53
1787728370.110214 read(11, "", 4096)    = 0
1787728370.167251 read(11, "@PS1,M,233359,17755676,968473,9504899,00000000*C61A\r\n", 4096) = 53
1787728370.170381 read(11, "", 4096)    = 0
1787728370.256763 read(11, "@PS1,M,233360,17755736,968349,9504913,00000000*1863\r\n", 4096) = 53
1787728370.261213 read(11, "", 4096)    = 0
1787728370.286876 read(11, "@PS1,M,233361,17755796,968350,9504936,00000000*428A\r\n", 4096) = 53
1787728370.289612 read(11, "", 4096)    = 0
1787728370.403720 read(11, "@PS1,M,233362,17755857,968317,9504958,00000000*A0D3\r\n", 4096) = 53
1787728370.408308 read(11, "@PS1,M,233363,17755917,968302,9504930,00000000*DD60\r\n", 4096) = 53
1787728370.410635 read(11, "", 4096)    = 0
1787728370.612971 read(11, "@PS1,M,233364,17756098,968153,9505007,00000000*2899\r\n", 4096) = 53
1787728370.618817 read(11, "", 4096)    = 0
1787728370.646370 read(11, "@PS1,M,233365,17756158,968139,9505014,00000000*8F1B\r\n", 4096) = 53
1787728370.648873 read(11, "", 4096)    = 0
1787728370.774545 read(11, "@PS1,M,233366,17756218,968053,9505014,00000000*45A6\r\n@PS1,M,233367,17756278,968155,9505063,00000000*00B6\r\n", 4096) = 106
1787728370.779927 read(11, "", 4096)    = 0
1787728370.825582 read(11, "@PS1,M,233368,17756338,968048,9505041,00000000*A54E\r\n", 4096) = 53
1787728370.827634 read(11, "", 4096)    = 0
1787728370.918818 read(11, "@PS1,M,233369,17756398,968034,9505075,00000000*AC3D\r\n", 4096) = 53
1787728370.923987 read(11, "", 4096)    = 0
1787728370.945128 read(11, "@PS1,M,233370,17756458,967995,9505071,00000000*1101\r\n", 4096) = 53
1787728370.947652 read(11, "", 4096)    = 0
1787728371.124843 read(11, "@PS1,M,233371,17756639,968030,9505102,00000000*D235\r\n", 4096) = 53
1787728371.127361 read(11, "", 4096)    = 0
1787728371.270316 read(11, "@PS1,M,233372,17756699,967961,9505137,00000000*8F72\r\n@PS1,M,233373,17756759,968048,9505114,00000000*569B\r\n", 4096) = 106
1787728371.276389 read(11, "", 4096)    = 0
1787728371.304158 read(11, "@PS1,M,233374,17756819,968008,9505138,00000000*ED15\r\n", 4096) = 53
1787728371.306833 read(11, "", 4096)    = 0
1787728371.430704 read(11, "@PS1,M,233375,17756879,967952,9505107,00000000*5F8E\r\n@PS1,M,233376,17756939,967994,9505138,00000000*99EE\r\n", 4096) = 106
1787728371.436937 read(11, "", 4096)    = 0
1787728371.603184 read(11, "@PS1,M,233377,17757120,968054,9505150,00000000*433A\r\n", 4096) = 53
1787728371.605985 read(11, "", 4096)    = 0
1787728371.662770 read(11, "@PS1,M,233378,17757180,968220,9505130,00000000*2D6A\r\n", 4096) = 53
1787728371.665293 read(11, "", 4096)    = 0
1787728371.751085 read(11, "@PS1,M,233379,17757240,967881,9505125,00000000*EA8E\r\n", 4096) = 53
1787728371.755223 read(11, "", 4096)    = 0
1787728371.782370 read(11, "@PS1,M,233380,17757300,968115,9505141,00000000*D37D\r\n", 4096) = 53
1787728371.784783 read(11, "", 4096)    = 0
1787728371.898217 read(11, "@PS1,M,233381,17757360,967981,9505185,00000000*0D48\r\n", 4096) = 53
1787728371.902127 read(11, "@PS1,M,233382,17757420,968067,9505151,00000000*FE61\r\n", 4096) = 53
1787728371.904241 read(11, "", 4096)    = 0
1787728371.961596 read(11, "@PS1,M,233383,17757480,968173,9505146,00000000*C6B2\r\n", 4096) = 53
1787728371.964239 read(11, "", 4096)    = 0
1787728372.141410 read(11, "@PS1,M,233384,17757661,968146,9505198,00000000*C738\r\n", 4096) = 53
1787728372.144232 read(11, "", 4096)    = 0
1787728372.201207 read(11, "@PS1,M,233385,17757721,968097,9505149,00000000*58C4\r\n", 4096) = 53
1787728372.203621 read(11, "", 4096)    = 0
1787728372.290692 read(11, "@PS1,M,233386,17757781,968193,9505144,00000000*DAEB\r\n", 4096) = 53
1787728372.295103 read(11, "", 4096)    = 0
1787728372.320694 read(11, "@PS1,M,233387,17757841,968291,9505136,00000000*7C06\r\n", 4096) = 53
1787728372.323583 read(11, "", 4096)    = 0
1787728372.438011 read(11, "@PS1,M,233388,17757901,968224,9505193,00000000*9F77\r\n", 4096) = 53
1787728372.442336 read(11, "@PS1,M,233389,17757961,968294,9505164,00000000*AF80\r\n", 4096) = 53
1787728372.445157 read(11, "", 4096)    = 0
1787728372.619793 read(11, "@PS1,M,233390,17758141,968223,9505151,00000000*75E3\r\n", 4096) = 53
1787728372.622776 read(11, "", 4096)    = 0
1787728372.679379 read(11, "@PS1,M,233391,17758202,968430,9505131,00000000*1B45\r\n", 4096) = 53
1787728372.682027 read(11, "", 4096)    = 0
1787728372.769016 read(11, "@PS1,M,233392,17758262,968419,9505146,00000000*EE28\r\n", 4096) = 53
1787728372.772449 read(11, "", 4096)    = 0
1787728372.800155 read(11, "@PS1,M,233393,17758323,968504,9505121,00000000*4442\r\n", 4096) = 53
1787728372.802404 read(11, "", 4096)    = 0
1787728372.912019 read(11, "@PS1,M,233394,17758383,968378,9505079,00000000*9DD9\r\n", 4096) = 53
1787728372.916601 read(11, "", 4096)    = 0
1787728372.930251 read(11, "@PS1,M,233395,17758443,968678,9505093,00000000*ED61\r\n", 4096) = 53
1787728372.932525 read(11, "", 4096)    = 0
1787728373.059215 read(11, "@PS1,M,233396,17758503,968613,9505103,00000000*B120\r\n", 4096) = 53
1787728373.063774 read(11, "", 4096)    = 0
1787728373.206813 read(11, "@PS1,M,233397,17758683,968684,9505086,00000000*FC7D\r\n", 4096) = 53
1787728373.210663 read(11, "", 4096)    = 0
1787728373.224598 read(11, "@PS1,M,233398,17758743,968873,9505039,00000000*D866\r\n", 4096) = 53
1787728373.227446 read(11, "", 4096)    = 0
1787728373.354094 read(11, "@PS1,M,233399,17758803,968660,9505052,00000000*C089\r\n@PS1,M,233400,17758863,968902,9505011,00000000*5577\r\n", 4096) = 106
1787728373.359801 read(11, "", 4096)    = 0
1787728373.397651 read(11, "@PS1,M,233401,17758923,968840,9505051,00000000*915A\r\n", 4096) = 53
1787728373.399952 read(11, "", 4096)    = 0
1787728373.504122 read(11, "@PS1,M,233402,17758984,968889,9505009,00000000*8C4D\r\n", 4096) = 53
1787728373.508407 read(11, "", 4096)    = 0
1787728373.656190 --- SIGCHLD {si_signo=SIGCHLD, si_code=CLD_EXITED, si_pid=52262, si_uid=1000, si_status=0, si_utime=0, si_stime=0} ---
1787728373.673506 read(11, "@PS1,M,233403,17759164,969151,9504978,00000000*C4AF\r\n", 4096) = 53
1787728373.677783 read(11, "", 4096)    = 0
1787728373.697127 read(11, "@PS1,M,233404,17759224,969149,9504940,00000000*939A\r\n", 4096) = 53
1787728373.700671 read(11, "", 4096)    = 0
1787728373.834984 read(11, "@PS1,M,233405,17759284,969309,9504934,00000000*D300\r\n@PS1,M,233406,17759344,969278,9504902,00000000*249B\r\n", 4096) = 106
1787728373.840952 read(11, "", 4096)    = 0
1787728373.876360 read(11, "@PS1,M,233407,17759405,969375,9504898,00000000*2FC7\r\n", 4096) = 53
1787728373.878577 read(11, "", 4096)    = 0
1787728373.995862 read(11, "@PS1,M,233408,17759465,969361,9504891,00000000*B860\r\n@PS1,M,233409,17759525,969280,9504889,00000000*835B\r\n", 4096) = 106
1787728374.002343 read(11, "", 4096)    = 0
1787728374.174877 read(11, "@PS1,M,233410,17759705,969524,9504816,00000000*D321\r\n", 4096) = 53
1787728374.178001 read(11, "", 4096)    = 0
1787728374.234606 read(11, "@PS1,M,233411,17759765,969486,9504826,00000000*170A\r\n", 4096) = 53
1787728374.237178 read(11, "", 4096)    = 0
1787728374.325068 read(11, "@PS1,M,233412,17759825,969600,9504784,00000000*C768\r\n", 4096) = 53
1787728374.329408 read(11, "", 4096)    = 0
1787728374.355382 read(11, "@PS1,M,233413,17759886,969437,9504773,00000000*90A5\r\n", 4096) = 53
1787728374.358276 read(11, "", 4096)    = 0
1787728374.474666 read(11, "@PS1,M,233414,17759946,969587,9504764,00000000*D00E\r\n@PS1,M,233415,17760006,969657,9504758,00000000*B5CA\r\n", 4096) = 106
1787728374.480874 read(11, "", 4096)    = 0
1787728374.653799 read(11, "@PS1,M,233416,17760186,969623,9504701,00000000*41F7\r\n", 4096) = 53
1787728374.657555 read(11, "", 4096)    = 0
1787728374.713461 read(11, "@PS1,M,233417,17760246,969703,9504661,00000000*2B3E\r\n", 4096) = 53
1787728374.716191 read(11, "", 4096)    = 0
1787728374.803845 read(11, "@PS1,M,233418,17760306,969748,9504655,00000000*8667\r\n", 4096) = 53
1787728374.806627 read(11, "", 4096)    = 0
1787728374.833069 read(11, "@PS1,M,233419,17760366,969824,9504695,00000000*E0C6\r\n", 4096) = 53
1787728374.836229 read(11, "", 4096)    = 0
1787728374.946172 read(11, "@PS1,M,233420,17760426,969839,9504640,00000000*49F2\r\n", 4096) = 53
1787728374.950426 read(11, "", 4096)    = 0
1787728374.952500 read(11, "@PS1,M,233421,17760486,969712,9504664,00000000*CBBD\r\n", 4096) = 53
1787728374.954876 read(11, "", 4096)    = 0
1787728375.094902 read(11, "@PS1,M,233422,17760546,969723,9504661,00000000*88BF\r\n", 4096) = 53
1787728375.099185 read(11, "", 4096)    = 0
1787728375.243094 read(11, "@PS1,M,233423,17760728,969780,9504599,00000000*9FBC\r\n", 4096) = 53
1787728375.247370 read(11, "", 4096)    = 0
1787728375.261230 read(11, "@PS1,M,233424,17760788,969757,9504585,00000000*C9B6\r\n", 4096) = 53
1787728375.264274 read(11, "", 4096)    = 0
1787728375.391237 read(11, "@PS1,M,233425,17760848,969592,9504582,00000000*99D1\r\n@PS1,M,233426,17760908,969673,9504581,00000000*C22A\r\n", 4096) = 106
1787728375.397729 read(11, "", 4096)    = 0
1787728375.431776 read(11, "@PS1,M,233427,17760968,969697,9504565,00000000*FDFC\r\n", 4096) = 53
1787728375.434186 read(11, "", 4096)    = 0
1787728375.553351 read(11, "@PS1,M,233428,17761028,969830,9504556,00000000*B61E\r\n", 4096) = 53
1787728375.557248 read(11, "", 4096)    = 0
1787728375.746878 read(11, "@PS1,M,233429,17761208,969689,9504511,00000000*E6DA\r\n@PS1,M,233430,17761268,969798,9504569,00000000*1D28\r\n", 4096) = 106
1787728375.753135 read(11, "", 4096)    = 0
1787728375.790085 read(11, "@PS1,M,233431,17761328,969685,9504577,00000000*FE45\r\n", 4096) = 53
1787728375.792428 read(11, "", 4096)    = 0
1787728375.909704 read(11, "@PS1,M,233432,17761388,969692,9504533,00000000*E3FD\r\n@PS1,M,233433,17761448,969652,9504532,00000000*00E5\r\n", 4096) = 106
1787728375.914854 read(11, "", 4096)    = 0
1787728375.969297 read(11, "@PS1,M,233434,17761508,969578,9504546,00000000*17B3\r\n", 4096) = 53
1787728375.972365 read(11, "", 4096)    = 0
1787728376.060022 read(11, "@PS1,M,233435,17761568,969550,9504576,00000000*7739\r\n", 4096) = 53
1787728376.063742 read(11, "", 4096)    = 0
1787728376.209624 read(11, "@PS1,M,233436,17761750,969426,9504563,00000000*15AA\r\n", 4096) = 53
1787728376.212207 read(11, "", 4096)    = 0
1787728376.355335 read(11, "@PS1,M,233437,17761810,969465,9504554,00000000*F526\r\n@PS1,M,233438,17761870,969372,9504606,00000000*9DFF\r\n", 4096) = 106
1787728376.361138 read(11, "", 4096)    = 0
1787728376.388935 read(11, "@PS1,M,233439,17761930,969358,9504563,00000000*1E52\r\n", 4096) = 53
1787728376.391442 read(11, "", 4096)    = 0
1787728376.518653 read(11, "@PS1,M,233440,17761990,969274,9504597,00000000*C35D\r\n@PS1,M,233441,17762050,969293,9504622,00000000*B789\r\n", 4096) = 106
1787728376.525172 read(11, "", 4096)    = 0
1787728376.687264 read(11, "@PS1,M,233442,17762230,969079,9504616,00000000*3B95\r\n", 4096) = 53
1787728376.690082 read(11, "", 4096)    = 0
1787728376.746917 read(11, "@PS1,M,233443,17762290,969095,9504670,00000000*2B43\r\n", 4096) = 53
1787728376.749503 read(11, "", 4096)    = 0
1787728376.836728 read(11, "@PS1,M,233444,17762350,969032,9504716,00000000*351C\r\n", 4096) = 53
1787728376.841235 read(11, "", 4096)    = 0
1787728376.867746 read(11, "@PS1,M,233445,17762411,968924,9504694,00000000*EB0F\r\n", 4096) = 53
1787728376.869982 read(11, "", 4096)    = 0
1787728376.983862 read(11, "@PS1,M,233446,17762471,969000,9504709,00000000*76A9\r\n", 4096) = 53
1787728376.987853 read(11, "@PS1,M,233447,17762531,968890,9504686,00000000*BF08\r\n", 4096) = 53
1787728376.990016 read(11, "", 4096)    = 0
1787728377.046999 read(11, "@PS1,M,233448,17762591,968838,9504722,00000000*E041\r\n", 4096) = 53
1787728377.049658 read(11, "", 4096)    = 0
1787728377.226319 read(11, "@PS1,M,233449,17762772,968715,9504783,00000000*77C2\r\n", 4096) = 53
1787728377.229051 read(11, "", 4096)    = 0
1787728377.286007 read(11, "@PS1,M,233450,17762832,968718,9504842,00000000*032C\r\n", 4096) = 53
1787728377.288337 read(11, "", 4096)    = 0
1787728377.374118 read(11, "@PS1,M,233451,17762892,968543,9504829,00000000*E24C\r\n", 4096) = 53
1787728377.378065 read(11, "", 4096)    = 0
1787728377.405639 read(11, "@PS1,M,233452,17762952,968426,9504830,00000000*CD6D\r\n", 4096) = 53
1787728377.408082 read(11, "", 4096)    = 0
1787728377.519705 read(11, "@PS1,M,233453,17763012,968615,9504831,00000000*2C1D\r\n", 4096) = 53
1787728377.524135 read(11, "", 4096)    = 0
1787728377.525353 read(11, "@PS1,M,233454,17763072,968503,9504874,00000000*02B9\r\n", 4096) = 53
1787728377.527704 read(11, "", 4096)    = 0
1787728377.704048 read(11, "@PS1,M,233455,17763252,968498,9504895,00000000*4A03\r\n", 4096) = 53
1787728377.706813 read(11, "", 4096)    = 0
1787728377.849181 read(11, "@PS1,M,233456,17763312,968288,9504928,00000000*4862\r\n@PS1,M,233457,17763373,968261,9504944,00000000*2B3C\r\n", 4096) = 106
1787728377.854880 read(11, "", 4096)    = 0
1787728377.884482 read(11, "@PS1,M,233458,17763433,968320,9504944,00000000*1861\r\n", 4096) = 53
1787728377.886673 read(11, "", 4096)    = 0
1787728378.010057 read(11, "@PS1,M,233459,17763493,968285,9504985,00000000*6A82\r\n@PS1,M,233460,17763553,968240,9504954,00000000*D52B\r\n", 4096) = 106
1787728378.016267 read(11, "", 4096)    = 0
1787728378.063732 read(11, "@PS1,M,233461,17763614,968335,9505007,00000000*450A\r\n", 4096) = 53
1787728378.065857 read(11, "", 4096)    = 0
1787728378.242315 read(11, "@PS1,M,233462,17763793,968181,9505083,00000000*69E6\r\n", 4096) = 53
1787728378.244831 read(11, "", 4096)    = 0
1787728378.387412 read(11, "@PS1,M,233463,17763853,968110,9505053,00000000*033A\r\n@PS1,M,233464,17763914,968107,9505081,00000000*70EF\r\n", 4096) = 106
1787728378.395028 read(11, "", 4096)    = 0
1787728378.422784 read(11, "@PS1,M,233465,17763974,968002,9505092,00000000*694C\r\n", 4096) = 53
1787728378.424956 read(11, "", 4096)    = 0
1787728378.547377 read(11, "@PS1,M,233466,17764035,968047,9505088,00000000*4CCB\r\n@PS1,M,233467,17764095,967982,9505063,00000000*9515\r\n", 4096) = 106
1787728378.553899 read(11, "", 4096)    = 0
1787728378.699109 --- SIGCHLD {si_signo=SIGCHLD, si_code=CLD_EXITED, si_pid=52280, si_uid=1000, si_status=0, si_utime=0, si_stime=0} ---
1787728378.721904 read(11, "@PS1,M,233468,17764275,967921,9505113,00000000*06FE\r\n", 4096) = 53
1787728378.724339 read(11, "", 4096)    = 0
1787728378.865989 read(11, "@PS1,M,233469,17764335,967978,9505169,00000000*3459\r\n@PS1,M,233470,17764395,967946,9505130,00000000*3A20\r\n", 4096) = 106
1787728378.873101 read(11, "", 4096)    = 0
1787728378.901128 read(11, "@PS1,M,233471,17764455,967940,9505145,00000000*8575\r\n", 4096) = 53
1787728378.903248 read(11, "", 4096)    = 0
1787728379.025755 read(11, "@PS1,M,233472,17764515,967974,9505148,00000000*BF07\r\n@PS1,M,233473,17764575,968088,9505163,00000000*4425\r\n", 4096) = 106
1787728379.031236 read(11, "", 4096)    = 0
1787728379.080336 read(11, "@PS1,M,233474,17764635,967975,9505136,00000000*508B\r\n", 4096) = 53
1787728379.082990 read(11, "", 4096)    = 0
1787728379.259918 read(11, "@PS1,M,233475,17764816,968034,9505165,00000000*50E6\r\n", 4096) = 53
1787728379.262539 read(11, "", 4096)    = 0
1787728379.403866 read(11, "@PS1,M,233476,17764876,968159,9505200,00000000*2BDC\r\n@PS1,M,233477,17764936,968165,9505134,00000000*90C1\r\n", 4096) = 106
1787728379.409855 read(11, "", 4096)    = 0
1787728379.439220 read(11, "@PS1,M,233478,17764996,968259,9505136,00000000*5D2C\r\n", 4096) = 53
1787728379.441444 read(11, "", 4096)    = 0
1787728379.563599 read(11, "@PS1,M,233479,17765056,967948,9505154,00000000*DD6A\r\n@PS1,M,233480,17765116,968249,9505163,00000000*F989\r\n", 4096) = 106
1787728379.570417 read(11, "", 4096)    = 0
1787728379.738863 read(11, "@PS1,M,233481,17765297,968266,9505141,00000000*FF83\r\n", 4096) = 53
1787728379.741424 read(11, "", 4096)    = 0
1787728379.798509 read(11, "@PS1,M,233482,17765357,968300,9505132,00000000*B5E5\r\n", 4096) = 53
1787728379.800679 read(11, "", 4096)    = 0
1787728379.886958 read(11, "@PS1,M,233483,17765417,968436,9505139,00000000*D34D\r\n", 4096) = 53
1787728379.891042 read(11, "", 4096)    = 0
1787728379.918106 read(11, "@PS1,M,233484,17765477,968593,9505147,00000000*F7BD\r\n", 4096) = 53
1787728379.920631 read(11, "", 4096)    = 0
1787728380.044031 read(11, "@PS1,M,233485,17765538,968546,9505122,00000000*1FDB\r\n@PS1,M,233486,17765598,968391,9505147,00000000*A81E\r\n", 4096) = 106
1787728380.048142 read(11, "", 4096)    = 0
1787728380.097361 read(11, "@PS1,M,233487,17765658,968443,9505138,00000000*A892\r\n", 4096) = 53
1787728380.099425 read(11, "", 4096)    = 0
1787728380.276137 read(11, "@PS1,M,233488,17765837,968678,9505089,00000000*7B17\r\n", 4096) = 53
1787728380.278751 read(11, "", 4096)    = 0
1787728380.422286 read(11, "@PS1,M,233489,17765897,968673,9505087,00000000*5495\r\n@PS1,M,233490,17765958,968677,9505122,00000000*4F74\r\n", 4096) = 106
1787728380.428979 read(11, "", 4096)    = 0
1787728380.456650 read(11, "@PS1,M,233491,17766019,968701,9505067,00000000*4BC3\r\n", 4096) = 53
1787728380.458920 read(11, "", 4096)    = 0
1787728380.582294 read(11, "@PS1,M,233492,17766079,968807,9505081,00000000*3329\r\n@PS1,M,233493,17766139,968812,9505051,00000000*DEA5\r\n", 4096) = 106
1787728380.589092 read(11, "", 4096)    = 0
1787728380.765102 read(11, "@PS1,M,233494,17766319,968953,9505057,00000000*A630\r\n", 4096) = 53
1787728380.771589 read(11, "", 4096)    = 0
1787728380.814988 read(11, "@PS1,M,233495,17766379,968988,9505032,00000000*2797\r\n", 4096) = 53
1787728380.818621 read(11, "", 4096)    = 0
1787728380.960467 read(11, "@PS1,M,233496,17766439,968993,9505007,00000000*FDA5\r\n@PS1,M,233497,17766499,969129,9505031,00000000*9AD6\r\n", 4096) = 106
1787728380.966993 read(11, "", 4096)    = 0
1787728380.994126 read(11, "@PS1,M,233498,17766559,969126,9504955,00000000*682A\r\n", 4096) = 53
1787728380.996125 read(11, "", 4096)    = 0
1787728381.122118 read(11, "@PS1,M,233499,17766619,969149,9504989,00000000*7327\r\n@PS1,M,233500,17766679,969218,9504955,00000000*242E\r\n", 4096) = 106
1787728381.127520 read(11, "", 4096)    = 0
1787728381.292930 read(11, "@PS1,M,233501,17766859,969099,9504927,00000000*D8D2\r\n", 4096) = 53
1787728381.295420 read(11, "", 4096)    = 0
1787728381.438652 read(11, "@PS1,M,233502,17766921,969244,9504911,00000000*96B8\r\n@PS1,M,233503,17766981,969335,9504866,00000000*B87C\r\n", 4096) = 106
1787728381.444387 read(11, "", 4096)    = 0
1787728381.473354 read(11, "@PS1,M,233504,17767041,969405,9504903,00000000*AEA5\r\n", 4096) = 53
1787728381.475698 read(11, "", 4096)    = 0
1787728381.597946 read(11, "@PS1,M,233505,17767101,969358,9504825,00000000*89B9\r\n@PS1,M,233506,17767161,969491,9504876,00000000*8D75\r\n", 4096) = 106
1787728381.604137 read(11, "", 4096)    = 0
1787728381.771400 read(11, "@PS1,M,233507,17767340,969396,9504827,00000000*A84C\r\n", 4096) = 53
1787728381.773679 read(11, "", 4096)    = 0
1787728381.916713 read(11, "@PS1,M,233508,17767402,969605,9504819,00000000*71C6\r\n@PS1,M,233509,17767462,969543,9504786,00000000*1D7D\r\n", 4096) = 106
1787728381.922805 read(11, "", 4096)    = 0
1787728381.951801 read(11, "@PS1,M,233510,17767522,969673,9504761,00000000*A034\r\n", 4096) = 53
1787728381.953982 read(11, "", 4096)    = 0
1787728382.076223 read(11, "@PS1,M,233511,17767582,969561,9504729,00000000*2CDA\r\n@PS1,M,233512,17767642,969681,9504723,00000000*BB7F\r\n", 4096) = 106
1787728382.081542 read(11, "", 4096)    = 0
1787728382.131055 read(11, "@PS1,M,233513,17767702,969665,9504672,00000000*C25D\r\n", 4096) = 53
1787728382.133161 read(11, "", 4096)    = 0
1787728382.310258 read(11, "@PS1,M,233514,17767882,969626,9504683,00000000*7871\r\n", 4096) = 53
1787728382.313043 read(11, "", 4096)    = 0
1787728382.369942 read(11, "@PS1,M,233515,17767942,969735,9504684,00000000*A47D\r\n", 4096) = 53
1787728382.372085 read(11, "", 4096)    = 0
1787728382.457824 read(11, "@PS1,M,233516,17768002,969607,9504639,00000000*1171\r\n", 4096) = 53
1787728382.461976 read(11, "", 4096)    = 0
1787728382.490925 read(11, "@PS1,M,233517,17768062,969656,9504661,00000000*F105\r\n", 4096) = 53
1787728382.492880 read(11, "", 4096)    = 0
1787728382.603433 read(11, "@PS1,M,233518,17768122,969607,9504635,00000000*729B\r\n", 4096) = 53
1787728382.607884 read(11, "", 4096)    = 0
1787728382.608987 read(11, "@PS1,M,233519,17768182,969646,9504634,00000000*429B\r\n", 4096) = 53
1787728382.611549 read(11, "", 4096)    = 0
1787728382.788364 read(11, "@PS1,M,233520,17768363,969721,9504586,00000000*73BA\r\n", 4096) = 53
1787728382.790977 read(11, "", 4096)    = 0
1787728382.848007 read(11, "@PS1,M,233521,17768423,969699,9504619,00000000*1B60\r\n", 4096) = 53
1787728382.850489 read(11, "", 4096)    = 0
1787728382.936340 read(11, "@PS1,M,233522,17768483,969630,9504583,00000000*0286\r\n", 4096) = 53
1787728382.940970 read(11, "", 4096)    = 0
1787728382.968845 read(11, "@PS1,M,233523,17768544,969708,9504563,00000000*0425\r\n", 4096) = 53
1787728382.971158 read(11, "", 4096)    = 0
1787728383.081514 read(11, "@PS1,M,233524,17768604,969615,9504567,00000000*F9B1\r\n", 4096) = 53
1787728383.086157 read(11, "", 4096)    = 0
1787728383.100741 read(11, "@PS1,M,233525,17768664,969516,9504570,00000000*26A5\r\n", 4096) = 53
1787728383.103499 read(11, "", 4096)    = 0
1787728383.230736 read(11, "@PS1,M,233526,17768724,969584,9504578,00000000*E262\r\n", 4096) = 53
1787728383.234582 read(11, "", 4096)    = 0
1787728383.377837 read(11, "@PS1,M,233527,17768904,969567,9504566,00000000*7731\r\n", 4096) = 53
1787728383.382392 read(11, "", 4096)    = 0
1787728383.396212 read(11, "@PS1,M,233528,17768964,969463,9504568,00000000*17C0\r\n", 4096) = 53
1787728383.398564 read(11, "", 4096)    = 0
1787728383.525921 read(11, "@PS1,M,233529,17769024,969513,9504571,00000000*720A\r\n@PS1,M,233530,17769084,969442,9504575,00000000*AD4F\r\n", 4096) = 106
1787728383.532076 read(11, "", 4096)    = 0
1787728383.565841 read(11, "@PS1,M,233531,17769144,969376,9504596,00000000*6E6C\r\n", 4096) = 53
1787728383.568025 read(11, "", 4096)    = 0
1787728383.678886 --- SIGCHLD {si_signo=SIGCHLD, si_code=CLD_EXITED, si_pid=52298, si_uid=1000, si_status=0, si_utime=0, si_stime=0} ---
1787728383.697267 read(11, "@PS1,M,233532,17769205,969396,9504581,00000000*8177\r\n", 4096) = 53
1787728383.702042 read(11, "", 4096)    = 0
1787728383.847136 read(11, "@PS1,M,233533,17769385,969339,9504604,00000000*6363\r\n", 4096) = 53
1787728383.851772 read(11, "", 4096)    = 0
1787728383.866046 read(11, "@PS1,M,233534,17769446,969344,9504564,00000000*BEF3\r\n", 4096) = 53
1787728383.868930 read(11, "", 4096)    = 0
1787728383.995175 read(11, "@PS1,M,233535,17769506,969196,9504576,00000000*3DAE\r\n@PS1,M,233536,17769566,969120,9504609,00000000*C88C\r\n", 4096) = 106
1787728384.001208 read(11, "", 4096)    = 0
1787728384.045244 read(11, "@PS1,M,233537,17769626,969211,9504646,00000000*21D7\r\n", 4096) = 53
1787728384.047421 read(11, "", 4096)    = 0
1787728384.156611 read(11, "@PS1,M,233538,17769686,969058,9504636,00000000*1437\r\n", 4096) = 53
1787728384.160504 read(11, "", 4096)    = 0
1787728384.174605 read(11, "@PS1,M,233539,17769746,969087,9504675,00000000*D813\r\n", 4096) = 53
1787728384.177937 read(11, "", 4096)    = 0
1787728384.343823 read(11, "@PS1,M,233540,17769926,968964,9504693,00000000*C404\r\n", 4096) = 53
1787728384.346487 read(11, "", 4096)    = 0
1787728384.490499 read(11, "@PS1,M,233541,17769986,968975,9504701,00000000*AA79\r\n@PS1,M,233542,17770046,968948,9504742,00000000*8188\r\n", 4096) = 106
1787728384.496542 read(11, "", 4096)    = 0
1787728384.523139 read(11, "@PS1,M,233543,17770106,968792,9504752,00000000*4645\r\n", 4096) = 53
1787728384.525608 read(11, "", 4096)    = 0
1787728384.652056 read(11, "@PS1,M,233544,17770166,968787,9504735,00000000*487F\r\n@PS1,M,233545,17770226,968708,9504786,00000000*8009\r\n", 4096) = 106
1787728384.657604 read(11, "", 4096)    = 0
1787728384.822585 read(11, "@PS1,M,233546,17770407,968607,9504808,00000000*FAD4\r\n", 4096) = 53
1787728384.825530 read(11, "", 4096)    = 0
1787728384.882217 read(11, "@PS1,M,233547,17770467,968700,9504796,00000000*2A62\r\n", 4096) = 53
1787728384.884398 read(11, "", 4096)    = 0
1787728384.971352 read(11, "@PS1,M,233548,17770528,968739,9504856,00000000*BD4D\r\n", 4096) = 53
1787728384.974953 read(11, "", 4096)    = 0
1787728385.001771 read(11, "@PS1,M,233549,17770588,968684,9504872,00000000*71D4\r\n", 4096) = 53
1787728385.004255 read(11, "", 4096)    = 0
1787728385.118736 read(11, "@PS1,M,233550,17770648,968443,9504880,00000000*A082\r\n", 4096) = 53
1787728385.122631 read(11, "@PS1,M,233551,17770708,968584,9504922,00000000*7A82\r\n", 4096) = 53
1787728385.124761 read(11, "", 4096)    = 0
1787728385.181112 read(11, "@PS1,M,233552,17770768,968406,9504904,00000000*912B\r\n", 4096) = 53
1787728385.183108 read(11, "", 4096)    = 0
1787728385.360399 read(11, "@PS1,M,233553,17770948,968155,9504988,00000000*A174\r\n", 4096) = 53
1787728385.362960 read(11, "", 4096)    = 0
1787728385.507826 read(11, "@PS1,M,233554,17771008,968317,9504994,00000000*A2E5\r\n@PS1,M,233555,17771068,968224,9504990,00000000*0D11\r\n", 4096) = 106
1787728385.513981 read(11, "", 4096)    = 0
1787728385.539692 read(11, "@PS1,M,233556,17771128,968373,9505022,00000000*37D9\r\n", 4096) = 53
1787728385.541986 read(11, "", 4096)    = 0
1787728385.669308 read(11, "@PS1,M,233557,17771188,968208,9505015,00000000*4A03\r\n@PS1,M,233558,17771248,968227,9505019,00000000*D82D\r\n", 4096) = 106
1787728385.674636 read(11, "", 4096)    = 0
1787728385.839013 read(11, "@PS1,M,233559,17771429,968042,9505055,00000000*9E04\r\n", 4096) = 53
1787728385.846583 read(11, "", 4096)    = 0
1787728385.898698 read(11, "@PS1,M,233560,17771489,968028,9505095,00000000*6779\r\n", 4096) = 53
1787728385.901571 read(11, "", 4096)    = 0
1787728386.036751 read(11, "@PS1,M,233561,17771549,968173,9505077,00000000*930F\r\n@PS1,M,233562,17771609,968031,9505065,00000000*0201\r\n", 4096) = 106
1787728386.042892 read(11, "", 4096)    = 0
1787728386.077983 read(11, "@PS1,M,233563,17771669,968043,9505115,00000000*A795\r\n", 4096) = 53
1787728386.080033 read(11, "", 4096)    = 0
1787728386.201039 read(11, "@PS1,M,233564,17771729,968188,9505111,00000000*7617\r\n@PS1,M,233565,17771789,968146,9505106,00000000*7C65\r\n", 4096) = 106
1787728386.206935 read(11, "", 4096)    = 0
1787728386.377170 read(11, "@PS1,M,233566,17771970,968070,9505156,00000000*DCA9\r\n", 4096) = 53
1787728386.379983 read(11, "", 4096)    = 0
1787728386.524482 read(11, "@PS1,M,233567,17772030,968113,9505156,00000000*D361\r\n@PS1,M,233568,17772090,968160,9505149,00000000*598E\r\n", 4096) = 106
1787728386.530545 read(11, "", 4096)    = 0
1787728386.556462 read(11, "@PS1,M,233569,17772150,968148,9505168,00000000*E020\r\n", 4096) = 53
1787728386.558928 read(11, "", 4096)    = 0
1787728386.687066 read(11, "@PS1,M,233570,17772210,968095,9505144,00000000*9149\r\n@PS1,M,233571,17772272,968083,9505200,00000000*7837\r\n", 4096) = 106
1787728386.692822 read(11, "", 4096)    = 0
1787728386.855392 read(11, "@PS1,M,233572,17772451,968112,9505181,00000000*76E5\r\n", 4096) = 53
1787728386.858221 read(11, "", 4096)    = 0
1787728387.002926 read(11, "@PS1,M,233573,17772512,968086,9505162,00000000*C93C\r\n@PS1,M,233574,17772572,968252,9505174,00000000*C288\r\n", 4096) = 106
1787728387.009564 read(11, "", 4096)    = 0
1787728387.035826 read(11, "@PS1,M,233575,17772632,968245,9505120,00000000*FA30\r\n", 4096) = 53
1787728387.037953 read(11, "", 4096)    = 0
1787728387.165739 read(11, "@PS1,M,233576,17772692,968253,9505177,00000000*7E3F\r\n@PS1,M,233577,17772752,968338,9505153,00000000*783F\r\n", 4096) = 106
1787728387.171824 read(11, "", 4096)    = 0
1787728387.215071 read(11, "@PS1,M,233578,17772812,968253,9505150,00000000*FCAE\r\n", 4096) = 53
1787728387.217202 read(11, "", 4096)    = 0
1787728387.393882 read(11, "@PS1,M,233579,17772992,968435,9505098,00000000*A5F9\r\n", 4096) = 53
1787728387.396656 read(11, "", 4096)    = 0
1787728387.453540 read(11, "@PS1,M,233580,17773052,968397,9505138,00000000*C98B\r\n", 4096) = 53
1787728387.455990 read(11, "", 4096)    = 0
1787728387.543395 read(11, "@PS1,M,233581,17773112,968419,9505121,00000000*C5E5\r\n", 4096) = 53
1787728387.547753 read(11, "", 4096)    = 0
1787728387.573157 read(11, "@PS1,M,233582,17773172,968514,9505127,00000000*1F7B\r\n", 4096) = 53
1787728387.575524 read(11, "", 4096)    = 0
1787728387.692538 read(11, "@PS1,M,233583,17773234,968600,9505129,00000000*E932\r\n", 4096) = 53
1787728387.697266 read(11, "@PS1,M,233584,17773294,968759,9505126,00000000*82B8\r\n", 4096) = 53
1787728387.699842 read(11, "", 4096)    = 0
1787728387.872572 read(11, "@PS1,M,233585,17773473,968747,9505079,00000000*B032\r\n", 4096) = 53
1787728387.875605 read(11, "", 4096)    = 0
1787728387.932205 read(11, "@PS1,M,233586,17773533,968838,9505068,00000000*39D5\r\n", 4096) = 53
1787728387.934372 read(11, "", 4096)    = 0
1787728388.022155 read(11, "@PS1,M,233587,17773593,968816,9505060,00000000*C961\r\n", 4096) = 53
1787728388.026149 read(11, "", 4096)    = 0
1787728388.051781 read(11, "@PS1,M,233588,17773653,968900,9505049,00000000*7F61\r\n", 4096) = 53
1787728388.054076 read(11, "", 4096)    = 0
1787728388.170995 read(11, "@PS1,M,233589,17773713,968747,9505055,00000000*E00A\r\n@PS1,M,233590,17773774,969040,9505021,00000000*820C\r\n", 4096) = 106
1787728388.176427 read(11, "", 4096)    = 0
1787728388.232131 read(11, "@PS1,M,233591,17773835,968994,9504996,00000000*3B0C\r\n", 4096) = 53
1787728388.234586 read(11, "", 4096)    = 0
1787728388.465179 read(11, "@PS1,M,233592,17774015,969175,9504961,00000000*E8F4\r\n", 4096) = 53
1787728388.469588 read(11, "", 4096)    = 0
1787728388.470758 read(11, "@PS1,M,233593,17774075,969351,9504972,00000000*F3AC\r\n", 4096) = 53
1787728388.472622 read(11, "", 4096)    = 0
1787728388.622453 read(11, "@PS1,M,233594,17774135,969122,9504943,00000000*D520\r\n@PS1,M,233595,17774195,969258,9504969,00000000*63DF\r\n", 4096) = 106
1787728388.630614 read(11, "", 4096)    = 0
1787728388.650026 read(11, "@PS1,M,233596,17774255,969328,9504907,00000000*8DFC\r\n", 4096) = 53
1787728388.653291 read(11, "", 4096)    = 0
1787728388.786506 read(11, "@PS1,M,233597,17774315,969275,9504892,00000000*7CF1\r\n", 4096) = 53
1787728388.790901 read(11, "", 4096)    = 0
1787728388.934577 read(11, "@PS1,M,233598,17774496,969455,9504891,00000000*0EFC\r\n", 4096) = 53
1787728388.938994 read(11, "", 4096)    = 0
1787728388.952602 read(11, "@PS1,M,233599,17774556,969352,9504834,00000000*9D55\r\n", 4096) = 53
1787728388.955632 read(11, "", 4096)    = 0
1787728389.083003 read(11, "@PS1,M,233600,17774616,969478,9504827,00000000*5721\r\n@PS1,M,233601,17774676,969379,9504804,00000000*7B75\r\n", 4096) = 106
1787728389.088258 read(11, "", 4096)    = 0
1787728389.128509 read(11, "@PS1,M,233602,17774736,969597,9504758,00000000*0E17\r\n", 4096) = 53
1787728389.130635 read(11, "", 4096)    = 0
1787728389.232890 read(11, "@PS1,M,233603,17774796,969587,9504809,00000000*C2CB\r\n", 4096) = 53
1787728389.237133 read(11, "", 4096)    = 0
1787728389.252754 read(11, "@PS1,M,233604,17774856,969633,9504751,00000000*D9D0\r\n", 4096) = 53
1787728389.255680 read(11, "", 4096)    = 0
1787728389.428334 read(11, "@PS1,M,233605,17775037,969584,9504712,00000000*FA76\r\n", 4096) = 53
1787728389.430768 read(11, "", 4096)    = 0
1787728389.574777 read(11, "@PS1,M,233606,17775097,969712,9504709,00000000*3318\r\n@PS1,M,233607,17775157,969681,9504703,00000000*F711\r\n", 4096) = 106
1787728389.579842 read(11, "", 4096)    = 0
1787728389.607569 read(11, "@PS1,M,233608,17775217,969590,9504687,00000000*607C\r\n", 4096) = 53
1787728389.609709 read(11, "", 4096)    = 0
1787728389.735498 read(11, "@PS1,M,233609,17775277,969683,9504685,00000000*7B4E\r\n@PS1,M,233610,17775337,969680,9504626,00000000*16D2\r\n", 4096) = 106
1787728389.740737 read(11, "", 4096)    = 0
1787728389.907021 read(11, "@PS1,M,233611,17775518,969637,9504638,00000000*8BD9\r\n", 4096) = 53
1787728389.909344 read(11, "", 4096)    = 0
1787728390.053095 read(11, "@PS1,M,233612,17775578,969649,9504627,00000000*A3DE\r\n@PS1,M,233613,17775639,969756,9504568,00000000*3C5C\r\n", 4096) = 106
1787728390.059476 read(11, "", 4096)    = 0
1787728390.086267 read(11, "@PS1,M,233614,17775699,969686,9504586,00000000*FA89\r\n", 4096) = 53
1787728390.088821 read(11, "", 4096)    = 0
1787728390.218486 read(11, "@PS1,M,233615,17775759,969569,9504581,00000000*E60A\r\n@PS1,M,233616,17775819,969688,9504595,00000000*AD26\r\n", 4096) = 106
1787728390.224648 read(11, "", 4096)    = 0
1787728390.265479 read(11, "@PS1,M,233617,17775879,969722,9504587,00000000*E65B\r\n", 4096) = 53
1787728390.267547 read(11, "", 4096)    = 0
1787728390.444132 read(11, "@PS1,M,233618,17776058,969589,9504546,00000000*5262\r\n", 4096) = 53
1787728390.446745 read(11, "", 4096)    = 0
1787728390.591249 read(11, "@PS1,M,233619,17776120,969550,9504559,00000000*2A1F\r\n@PS1,M,233620,17776180,969471,9504567,00000000*ED14\r\n", 4096) = 106
1787728390.598000 read(11, "", 4096)    = 0
1787728390.624626 read(11, "@PS1,M,233621,17776240,969539,9504533,00000000*4408\r\n", 4096) = 53
1787728390.626701 read(11, "", 4096)    = 0
1787728390.753722 read(11, "@PS1,M,233622,17776300,969566,9504536,00000000*212C\r\n@PS1,M,233623,17776360,969555,9504575,00000000*F6D6\r\n", 4096) = 106
1787728390.759924 read(11, "", 4096)    = 0
1787728390.922939 read(11, "@PS1,M,233624,17776540,969429,9504560,00000000*31A4\r\n", 4096) = 53
1787728390.925842 read(11, "", 4096)    = 0
1787728390.982634 read(11, "@PS1,M,233625,17776600,969439,9504572,00000000*DB31\r\n", 4096) = 53
1787728390.985428 read(11, "", 4096)    = 0
1787728391.113470 read(11, "@PS1,M,233626,17776660,969386,9504577,00000000*1FB7\r\n@PS1,M,233627,17776720,969329,9504620,00000000*AAC2\r\n", 4096) = 106
1787728391.122835 read(11, "", 4096)    = 0
1787728391.161928 read(11, "@PS1,M,233628,17776780,969279,9504598,00000000*A2AB\r\n", 4096) = 53
1787728391.163916 read(11, "", 4096)    = 0
1787728391.289208 read(11, "@PS1,M,233629,17776840,969324,9504644,00000000*C6CC\r\n@PS1,M,233630,17776901,969196,9504599,00000000*825B\r\n", 4096) = 106
1787728391.295449 read(11, "", 4096)    = 0
1787728391.461749 read(11, "@PS1,M,233631,17777081,969016,9504670,00000000*6177\r\n", 4096) = 53
1787728391.464232 read(11, "", 4096)    = 0
1787728391.607940 read(11, "@PS1,M,233632,17777141,969047,9504698,00000000*1D34\r\n@PS1,M,233633,17777201,969064,9504717,00000000*745A\r\n", 4096) = 106
1787728391.618162 read(11, "", 4096)    = 0
1787728391.640944 read(11, "@PS1,M,233634,17777261,968839,9504748,00000000*99EE\r\n", 4096) = 53
1787728391.643691 read(11, "", 4096)    = 0
1787728391.771655 read(11, "@PS1,M,233635,17777321,968886,9504745,00000000*EAD4\r\n@PS1,M,233636,17777382,968847,9504748,00000000*4B23\r\n", 4096) = 106
1787728391.777740 read(11, "", 4096)    = 0
1787728391.939652 read(11, "@PS1,M,233637,17777562,968782,9504817,00000000*6391\r\n", 4096) = 53
1787728391.942269 read(11, "", 4096)    = 0
1787728392.085031 read(11, "@PS1,M,233638,17777622,968642,9504854,00000000*85D3\r\n@PS1,M,233639,17777682,968622,9504850,00000000*2B8D\r\n", 4096) = 106
1787728392.091725 read(11, "", 4096)    = 0
1787728392.118895 read(11, "@PS1,M,233640,17777742,968575,9504850,00000000*BCA3\r\n", 4096) = 53
1787728392.121763 read(11, "", 4096)    = 0
1787728392.249245 read(11, "@PS1,M,233641,17777803,968580,9504857,00000000*83BB\r\n@PS1,M,233642,17777863,968467,9504906,00000000*BAB6\r\n", 4096) = 106
1787728392.254521 read(11, "", 4096)    = 0
1787728392.299260 read(11, "@PS1,M,233643,17777923,968481,9504886,00000000*7712\r\n", 4096) = 53
1787728392.301489 read(11, "", 4096)    = 0
1787728392.478423 read(11, "@PS1,M,233644,17778103,968285,9504960,00000000*D589\r\n", 4096) = 53
1787728392.481247 read(11, "", 4096)    = 0
1787728392.624859 read(11, "@PS1,M,233645,17778163,968321,9504990,00000000*E28F\r\n@PS1,M,233646,17778223,968210,9504953,00000000*0D29\r\n", 4096) = 106
1787728392.629998 read(11, "", 4096)    = 0
1787728392.657678 read(11, "@PS1,M,233647,17778283,968249,9504998,00000000*7551\r\n", 4096) = 53
1787728392.659766 read(11, "", 4096)    = 0
1787728392.773838 read(11, "@PS1,M,233648,17778343,968291,9505001,00000000*724E\r\n", 4096) = 53
1787728392.778076 read(11, "@PS1,M,233649,17778403,968175,9505055,00000000*EBE8\r\n", 4096) = 53
1787728392.780871 read(11, "", 4096)    = 0
1787728392.956988 read(11, "@PS1,M,233650,17778584,968180,9505043,00000000*5EF3\r\n", 4096) = 53
1787728392.959878 read(11, "", 4096)    = 0
1787728393.103736 read(11, "@PS1,M,233651,17778644,968068,9505079,00000000*03CE\r\n@PS1,M,233652,17778704,968135,9505075,00000000*8614\r\n", 4096) = 106
1787728393.108889 read(11, "", 4096)    = 0
1787728393.136205 read(11, "@PS1,M,233653,17778764,968028,9505109,00000000*14F7\r\n", 4096) = 53
1787728393.139452 read(11, "", 4096)    = 0
1787728393.253406 read(11, "@PS1,M,233654,17778824,968142,9505117,00000000*9189\r\n", 4096) = 53
1787728393.258332 read(11, "@PS1,M,233655,17778884,968128,9505145,00000000*C44A\r\n", 4096) = 53
1787728393.260551 read(11, "", 4096)    = 0
1787728393.315462 read(11, "@PS1,M,233656,17778944,968131,9505118,00000000*197D\r\n", 4096) = 53
1787728393.317568 read(11, "", 4096)    = 0
1787728393.495215 read(11, "@PS1,M,233657,17779125,968101,9505176,00000000*2C6D\r\n", 4096) = 53
1787728393.498458 read(11, "", 4096)    = 0
1787728393.555007 read(11, "@PS1,M,233658,17779185,967987,9505182,00000000*DF84\r\n", 4096) = 53
1787728393.558563 read(11, "", 4096)    = 0
1787728393.637897 --- SIGCHLD {si_signo=SIGCHLD, si_code=CLD_EXITED, si_pid=52334, si_uid=1000, si_status=0, si_utime=0, si_stime=0} ---
1787728393.652954 read(11, "@PS1,M,233659,17779245,968113,9505174,00000000*E325\r\n", 4096) = 53
1787728393.657437 read(11, "", 4096)    = 0
1787728393.674496 read(11, "@PS1,M,233660,17779305,968067,9505125,00000000*EA13\r\n", 4096) = 53
1787728393.676711 read(11, "", 4096)    = 0
1787728393.796172 read(11, "@PS1,M,233661,17779365,968191,9505171,00000000*145E\r\n@PS1,M,233662,17779425,968061,9505163,00000000*C2B5\r\n", 4096) = 106
1787728393.801827 read(11, "", 4096)    = 0
1787728393.973734 read(11, "@PS1,M,233663,17779606,968083,9505171,00000000*70DD\r\n", 4096) = 53
1787728393.976278 read(11, "", 4096)    = 0
1787728394.119928 read(11, "@PS1,M,233664,17779666,968185,9505165,00000000*0D4B\r\n@PS1,M,233665,17779726,968045,9505171,00000000*8D20\r\n", 4096) = 106
1787728394.126946 read(11, "", 4096)    = 0
1787728394.152969 read(11, "@PS1,M,233666,17779786,968147,9505172,00000000*361F\r\n", 4096) = 53
1787728394.155618 read(11, "", 4096)    = 0
1787728394.283818 read(11, "@PS1,M,233667,17779846,968293,9505181,00000000*5BE3\r\n@PS1,M,233668,17779906,968127,9505163,00000000*5BCB\r\n", 4096) = 106
1787728394.290169 read(11, "", 4096)    = 0
1787728394.332220 read(11, "@PS1,M,233669,17779966,968195,9505203,00000000*F8DD\r\n", 4096) = 53
1787728394.334587 read(11, "", 4096)    = 0
1787728394.512236 read(11, "@PS1,M,233670,17780147,968464,9505169,00000000*C8F1\r\n", 4096) = 53
1787728394.514858 read(11, "", 4096)    = 0
1787728394.571898 read(11, "@PS1,M,233671,17780207,968458,9505139,00000000*007E\r\n", 4096) = 53
1787728394.574354 read(11, "", 4096)    = 0
1787728394.663006 read(11, "@PS1,M,233672,17780267,968506,9505146,00000000*4021\r\n", 4096) = 53
1787728394.667366 read(11, "", 4096)    = 0
1787728394.691486 read(11, "@PS1,M,233673,17780327,968387,9505139,00000000*FA0D\r\n", 4096) = 53
1787728394.694572 read(11, "", 4096)    = 0
