1787728458.610949 read(11, "@PS1,M,234489,17844541,970060,9504627,00000000*FEAE\r\n", 4096) = 53
1787728458.615902 read(11, "", 4096)    = 0
1787728458.634277 read(11, "@PS1,M,234490,17844601,970000,9504635,00000000*E8BD\r\n", 4096) = 53
1787728458.637592 read(11, "", 4096)    = 0
1787728458.665095 --- SIGCHLD {si_signo=SIGCHLD, si_code=CLD_EXITED, si_pid=52596, si_uid=1000, si_status=0, si_utime=0, si_stime=0} ---
1787728458.763261 read(11, "@PS1,M,234491,17844661,969892,9504599,00000000*39E2\r\n@PS1,M,234492,17844721,969959,9504626,00000000*9CD9\r\n", 4096) = 106
1787728458.768393 read(11, "", 4096)    = 0
1787728458.810559 read(11, "@PS1,M,234493,17844781,969977,9504592,00000000*54F8\r\n", 4096) = 53
1787728458.812601 read(11, "", 4096)    = 0
1787728458.915108 read(11, "@PS1,M,234494,17844841,970008,9504658,00000000*7569\r\n", 4096) = 53
1787728458.919301 read(11, "", 4096)    = 0
1787728459.064621 read(11, "@PS1,M,234495,17845022,969734,9504621,00000000*F12B\r\n", 4096) = 53
1787728459.068455 read(11, "", 4096)    = 0
1787728459.109406 read(11, "@PS1,M,234496,17845082,969742,9504640,00000000*9A61\r\n", 4096) = 53
1787728459.111524 read(11, "", 4096)    = 0
1787728459.215303 read(11, "@PS1,M,234497,17845142,969641,9504650,00000000*5CC1\r\n", 4096) = 53
1787728459.219400 read(11, "", 4096)    = 0
1787728459.233265 read(11, "@PS1,M,234498,17845202,969653,9504686,00000000*C1FA\r\n", 4096) = 53
1787728459.235513 read(11, "", 4096)    = 0
1787728459.364526 read(11, "@PS1,M,234499,17845263,969606,9504665,00000000*B56D\r\n@PS1,M,234500,17845323,969594,9504671,00000000*DE30\r\n", 4096) = 106
1787728459.370018 read(11, "", 4096)    = 0
1787728459.409333 read(11, "@PS1,M,234501,17845383,969538,9504705,00000000*834F\r\n", 4096) = 53
1787728459.411395 read(11, "", 4096)    = 0
1787728459.588678 read(11, "@PS1,M,234502,17845563,969355,9504707,00000000*D404\r\n", 4096) = 53
1787728459.590930 read(11, "", 4096)    = 0
1787728459.737007 read(11, "@PS1,M,234503,17845623,969262,9504722,00000000*33E8\r\n@PS1,M,234504,17845683,969101,9504821,00000000*B4B5\r\n", 4096) = 106
1787728459.742650 read(11, "", 4096)    = 0
1787728459.767916 read(11, "@PS1,M,234505,17845744,969211,9504784,00000000*04D4\r\n", 4096) = 53
1787728459.770487 read(11, "", 4096)    = 0
1787728459.887596 read(11, "@PS1,M,234506,17845804,969075,9504811,00000000*34CB\r\n@PS1,M,234507,17845864,969115,9504827,00000000*AB3D\r\n", 4096) = 106
1787728459.892654 read(11, "", 4096)    = 0
1787728460.067086 read(11, "@PS1,M,234508,17846044,968774,9504860,00000000*51B6\r\n", 4096) = 53
1787728460.069625 read(11, "", 4096)    = 0
1787728460.214312 read(11, "@PS1,M,234509,17846104,968773,9504899,00000000*17DB\r\n@PS1,M,234510,17846164,968753,9504956,00000000*9E50\r\n", 4096) = 106
1787728460.219988 read(11, "", 4096)    = 0
1787728460.246290 read(11, "@PS1,M,234511,17846224,968626,9504962,00000000*76EC\r\n", 4096) = 53
1787728460.248446 read(11, "", 4096)    = 0
1787728460.376776 read(11, "@PS1,M,234512,17846285,968682,9504975,00000000*F46D\r\n@PS1,M,234513,17846345,968722,9505006,00000000*131B\r\n", 4096) = 106
1787728460.381972 read(11, "", 4096)    = 0
1787728460.425531 read(11, "@PS1,M,234514,17846405,968690,9505033,00000000*9133\r\n", 4096) = 53
1787728460.427849 read(11, "", 4096)    = 0
1787728460.605652 read(11, "@PS1,M,234515,17846586,968476,9505101,00000000*5FB8\r\n", 4096) = 53
1787728460.607994 read(11, "", 4096)    = 0
1787728460.761101 read(11, "@PS1,M,234516,17846646,968411,9505079,00000000*0261\r\n@PS1,M,234517,17846706,968342,9505102,00000000*D5C3\r\n", 4096) = 106
1787728460.766123 read(11, "", 4096)    = 0
1787728460.784976 read(11, "@PS1,M,234518,17846766,968286,9505127,00000000*3624\r\n", 4096) = 53
1787728460.787516 read(11, "", 4096)    = 0
1787728460.911618 read(11, "@PS1,M,234519,17846826,968285,9505145,00000000*D5C9\r\n@PS1,M,234520,17846886,968272,9505167,00000000*1E9C\r\n", 4096) = 106
1787728460.916939 read(11, "", 4096)    = 0
1787728461.083307 read(11, "@PS1,M,234521,17847066,968472,9505175,00000000*5CFC\r\n", 4096) = 53
1787728461.086340 read(11, "", 4096)    = 0
1787728461.142968 read(11, "@PS1,M,234522,17847126,968221,9505238,00000000*9B29\r\n", 4096) = 53
1787728461.145568 read(11, "", 4096)    = 0
1787728461.234626 read(11, "@PS1,M,234523,17847186,968222,9505198,00000000*7B92\r\n", 4096) = 53
1787728461.238672 read(11, "", 4096)    = 0
1787728461.262588 read(11, "@PS1,M,234524,17847246,968155,9505217,00000000*6774\r\n", 4096) = 53
1787728461.265957 read(11, "", 4096)    = 0
1787728461.378972 read(11, "@PS1,M,234525,17847307,968185,9505239,00000000*A53C\r\n", 4096) = 53
1787728461.382856 read(11, "", 4096)    = 0
1787728461.383411 read(11, "@PS1,M,234526,17847367,968275,9505186,00000000*B5F9\r\n", 4096) = 53
1787728461.385561 read(11, "", 4096)    = 0
1787728461.527663 read(11, "@PS1,M,234527,17847427,968327,9505236,00000000*5E33\r\n", 4096) = 53
1787728461.531851 read(11, "", 4096)    = 0
1787728461.676944 read(11, "@PS1,M,234528,17847607,968333,9505247,00000000*1168\r\n", 4096) = 53
1787728461.681170 read(11, "", 4096)    = 0
1787728461.681551 read(11, "@PS1,M,234529,17847667,968347,9505290,00000000*A9AA\r\n", 4096) = 53
1787728461.683865 read(11, "", 4096)    = 0
1787728461.827742 read(11, "@PS1,M,234530,17847727,968551,9505244,00000000*9252\r\n@PS1,M,234531,17847787,968386,9505254,00000000*E631\r\n", 4096) = 106
1787728461.832883 read(11, "", 4096)    = 0
1787728461.860708 read(11, "@PS1,M,234532,17847847,968374,9505252,00000000*18CB\r\n", 4096) = 53
1787728461.862824 read(11, "", 4096)    = 0
1787728461.976341 read(11, "@PS1,M,234533,17847908,968485,9505239,00000000*1DF8\r\n", 4096) = 53
1787728461.980235 read(11, "", 4096)    = 0
1787728462.124501 read(11, "@PS1,M,234534,17848088,968705,9505192,00000000*8D3B\r\n", 4096) = 53
1787728462.128596 read(11, "", 4096)    = 0
1787728462.159872 read(11, "@PS1,M,234535,17848148,968655,9505179,00000000*AD5E\r\n", 4096) = 53
1787728462.161960 read(11, "", 4096)    = 0
1787728462.273574 read(11, "@PS1,M,234536,17848208,968760,9505177,00000000*C9AD\r\n", 4096) = 53
1787728462.277672 read(11, "", 4096)    = 0
1787728462.280448 read(11, "@PS1,M,234537,17848269,968856,9505163,00000000*FB21\r\n", 4096) = 53
1787728462.282431 read(11, "", 4096)    = 0
1787728462.422757 read(11, "@PS1,M,234538,17848329,968970,9505160,00000000*1232\r\n@PS1,M,234539,17848389,968984,9505156,00000000*A49A\r\n", 4096) = 106
1787728462.428141 read(11, "", 4096)    = 0
1787728462.459736 read(11, "@PS1,M,234540,17848449,969125,9505127,00000000*9647\r\n", 4096) = 53
1787728462.462078 read(11, "", 4096)    = 0
1787728462.639299 read(11, "@PS1,M,234541,17848630,969237,9505089,00000000*5589\r\n", 4096) = 53
1787728462.641683 read(11, "", 4096)    = 0
1787728462.799029 read(11, "@PS1,M,234542,17848690,969292,9505080,00000000*8330\r\n@PS1,M,234543,17848750,969442,9505017,00000000*75B1\r\n", 4096) = 106
1787728462.808229 read(11, "", 4096)    = 0
1787728462.825439 read(11, "@PS1,M,234544,17848810,969386,9505054,00000000*81FA\r\n", 4096) = 53
1787728462.829750 read(11, "", 4096)    = 0
1787728462.878304 read(11, "@PS1,M,234545,17848870,969366,9504996,00000000*C039\r\n", 4096) = 53
1787728462.881473 read(11, "", 4096)    = 0
1787728463.005458 read(11, "@PS1,M,234546,17848930,969490,9505003,00000000*3702\r\n", 4096) = 53
1787728463.009014 read(11, "", 4096)    = 0
1787728463.149726 read(11, "@PS1,M,234547,17849110,969728,9504973,00000000*55E7\r\n", 4096) = 53
1787728463.153628 read(11, "", 4096)    = 0
1787728463.177152 read(11, "@PS1,M,234548,17849170,969642,9504914,00000000*F467\r\n", 4096) = 53
1787728463.180288 read(11, "", 4096)    = 0
1787728463.299246 read(11, "@PS1,M,234549,17849230,969799,9504914,00000000*04BE\r\n@PS1,M,234550,17849290,969726,9504865,00000000*8345\r\n", 4096) = 106
1787728463.305856 read(11, "", 4096)    = 0
1787728463.356390 read(11, "@PS1,M,234551,17849351,970123,9504839,00000000*49CD\r\n", 4096) = 53
1787728463.358463 read(11, "", 4096)    = 0
1787728463.462243 read(11, "@PS1,M,234552,17849411,970043,9504833,00000000*4305\r\n", 4096) = 53
1787728463.466101 read(11, "", 4096)    = 0
1787728463.480093 read(11, "@PS1,M,234553,17849471,969960,9504810,00000000*4446\r\n", 4096) = 53
1787728463.482470 read(11, "", 4096)    = 0
1787728463.655396 read(11, "@PS1,M,234554,17849651,969970,9504767,00000000*3A4A\r\n", 4096) = 53
1787728463.657989 read(11, "", 4096)    = 0
1787728463.802826 read(11, "@PS1,M,234555,17849711,970010,9504734,00000000*015C\r\n@PS1,M,234556,17849771,969841,9504717,00000000*D19B\r\n", 4096) = 106
1787728463.809012 read(11, "", 4096)    = 0
1787728463.834675 read(11, "@PS1,M,234557,17849831,970068,9504697,00000000*DB21\r\n", 4096) = 53
1787728463.836975 read(11, "", 4096)    = 0
1787728463.965381 read(11, "@PS1,M,234558,17849891,970007,9504665,00000000*5558\r\n@PS1,M,234559,17849951,970106,9504655,00000000*C308\r\n", 4096) = 106
1787728463.970973 read(11, "", 4096)    = 0
1787728464.134444 read(11, "@PS1,M,234560,17850133,969887,9504656,00000000*60C2\r\n", 4096) = 53
1787728464.136920 read(11, "", 4096)    = 0
1787728464.294378 read(11, "@PS1,M,234561,17850193,970060,9504611,00000000*841E\r\n@PS1,M,234562,17850253,969862,9504620,00000000*808C\r\n", 4096) = 106
1787728464.298267 read(11, "", 4096)    = 0
1787728464.313726 read(11, "@PS1,M,234563,17850313,969990,9504619,00000000*AA2C\r\n", 4096) = 53
1787728464.317016 read(11, "", 4096)    = 0
1787728464.444196 read(11, "@PS1,M,234564,17850373,969852,9504602,00000000*A98D\r\n@PS1,M,234565,17850433,969771,9504624,00000000*849D\r\n", 4096) = 106
1787728464.449748 read(11, "", 4096)    = 0
1787728464.492951 read(11, "@PS1,M,234566,17850493,969879,9504631,00000000*956B\r\n", 4096) = 53
1787728464.494697 read(11, "", 4096)    = 0
1787728464.672965 read(11, "@PS1,M,234567,17850674,969756,9504642,00000000*0150\r\n", 4096) = 53
1787728464.675268 read(11, "", 4096)    = 0
1787728464.821910 read(11, "@PS1,M,234568,17850734,969645,9504632,00000000*02A7\r\n@PS1,M,234569,17850794,969693,9504645,00000000*D651\r\n", 4096) = 106
1787728464.827609 read(11, "", 4096)    = 0
1787728464.852293 read(11, "@PS1,M,234570,17850854,969598,9504683,00000000*C03A\r\n", 4096) = 53
1787728464.854659 read(11, "", 4096)    = 0
1787728464.984037 read(11, "@PS1,M,234571,17850914,969506,9504704,00000000*DA14\r\n@PS1,M,234572,17850974,969469,9504687,00000000*7742\r\n", 4096) = 106
1787728464.989062 read(11, "", 4096)    = 0
1787728465.151372 read(11, "@PS1,M,234573,17851155,969243,9504722,00000000*BA35\r\n", 4096) = 53
1787728465.153888 read(11, "", 4096)    = 0
1787728465.298211 read(11, "@PS1,M,234574,17851215,969292,9504802,00000000*B59E\r\n@PS1,M,234575,17851275,969052,9504816,00000000*36A5\r\n", 4096) = 106
1787728465.303627 read(11, "", 4096)    = 0
1787728465.330576 read(11, "@PS1,M,234576,17851335,969075,9504867,00000000*1C79\r\n", 4096) = 53
1787728465.333169 read(11, "", 4096)    = 0
1787728465.448644 read(11, "@PS1,M,234577,17851395,968896,9504843,00000000*EA97\r\n", 4096) = 53
1787728465.452556 read(11, "@PS1,M,234578,17851455,968934,9504860,00000000*8F57\r\n", 4096) = 53
1787728465.454715 read(11, "", 4096)    = 0
1787728465.509773 read(11, "@PS1,M,234579,17851515,968628,9504909,00000000*AA2A\r\n", 4096) = 53
1787728465.512195 read(11, "", 4096)    = 0
1787728465.688995 read(11, "@PS1,M,234580,17851695,968715,9504986,00000000*F5B0\r\n", 4096) = 53
1787728465.691453 read(11, "", 4096)    = 0
1787728465.836750 read(11, "@PS1,M,234581,17851755,968717,9505024,00000000*AFD2\r\n@PS1,M,234582,17851815,968541,9504993,00000000*2DEA\r\n", 4096) = 106
1787728465.841705 read(11, "", 4096)    = 0
1787728465.868212 read(11, "@PS1,M,234583,17851875,968497,9505025,00000000*AFF6\r\n", 4096) = 53
1787728465.870461 read(11, "", 4096)    = 0
1787728465.986222 read(11, "@PS1,M,234584,17851935,968507,9505072,00000000*21A8\r\n", 4096) = 53
1787728465.990414 read(11, "@PS1,M,234585,17851995,968347,9505067,00000000*294F\r\n", 4096) = 53
1787728465.992475 read(11, "", 4096)    = 0
1787728466.167891 read(11, "@PS1,M,234586,17852176,968356,9505164,00000000*E34D\r\n", 4096) = 53
1787728466.170728 read(11, "", 4096)    = 0
1787728466.227539 read(11, "@PS1,M,234587,17852237,968324,9505152,00000000*55A9\r\n", 4096) = 53
1787728466.229833 read(11, "", 4096)    = 0
1787728466.318191 read(11, "@PS1,M,234588,17852297,968186,9505181,00000000*5698\r\n", 4096) = 53
1787728466.321861 read(11, "", 4096)    = 0
1787728466.347156 read(11, "@PS1,M,234589,17852357,968148,9505169,00000000*4D2B\r\n", 4096) = 53
1787728466.350467 read(11, "", 4096)    = 0
1787728466.466666 read(11, "@PS1,M,234590,17852417,968202,9505164,00000000*73BE\r\n@PS1,M,234591,17852477,968253,9505231,00000000*1E6E\r\n", 4096) = 106
1787728466.471714 read(11, "", 4096)    = 0
1787728466.526274 read(11, "@PS1,M,234592,17852537,968169,9505201,00000000*7B83\r\n", 4096) = 53
1787728466.528451 read(11, "", 4096)    = 0
1787728466.760868 read(11, "@PS1,M,234593,17852717,968144,9505238,00000000*859B\r\n", 4096) = 53
1787728466.764858 read(11, "", 4096)    = 0
1787728466.765479 read(11, "@PS1,M,234594,17852777,968372,9505213,00000000*FA93\r\n", 4096) = 53
1787728466.767874 read(11, "", 4096)    = 0
1787728466.909342 read(11, "@PS1,M,234595,17852837,968298,9505230,00000000*67AF\r\n@PS1,M,234596,17852897,968487,9505234,00000000*6795\r\n", 4096) = 106
1787728466.914436 read(11, "", 4096)    = 0
1787728466.944709 read(11, "@PS1,M,234597,17852957,968371,9505234,00000000*6E61\r\n", 4096) = 53
1787728466.946796 read(11, "", 4096)    = 0
1787728467.060101 read(11, "@PS1,M,234598,17853019,968298,9505259,00000000*9936\r\n", 4096) = 53
1787728467.063964 read(11, "", 4096)    = 0
1787728467.209792 read(11, "@PS1,M,234599,17853199,968528,9505213,00000000*8C79\r\n", 4096) = 53
1787728467.213980 read(11, "", 4096)    = 0
1787728467.244697 read(11, "@PS1,M,234600,17853259,968566,9505217,00000000*2DAD\r\n", 4096) = 53
1787728467.246748 read(11, "", 4096)    = 0
1787728467.357925 read(11, "@PS1,M,234601,17853319,968427,9505207,00000000*60FC\r\n", 4096) = 53
1787728467.362005 read(11, "", 4096)    = 0
1787728467.364153 read(11, "@PS1,M,234602,17853379,968583,9505199,00000000*B20E\r\n", 4096) = 53
1787728467.366161 read(11, "", 4096)    = 0
1787728467.507511 read(11, "@PS1,M,234603,17853439,968573,9505225,00000000*476B\r\n@PS1,M,234604,17853499,968616,9505182,00000000*79A6\r\n", 4096) = 106
1787728467.513108 read(11, "", 4096)    = 0
1787728467.543458 read(11, "@PS1,M,234605,17853559,968877,9505153,00000000*0269\r\n", 4096) = 53
1787728467.545547 read(11, "", 4096)    = 0
1787728467.722229 read(11, "@PS1,M,234606,17853739,969096,9505160,00000000*60BB\r\n", 4096) = 53
1787728467.724455 read(11, "", 4096)    = 0
1787728467.869027 read(11, "@PS1,M,234607,17853800,969106,9505123,00000000*0A52\r\n@PS1,M,234608,17853860,969279,9505122,00000000*9C76\r\n", 4096) = 106
1787728467.875236 read(11, "", 4096)    = 0
1787728467.902757 read(11, "@PS1,M,234609,17853920,969284,9505107,00000000*BDE8\r\n", 4096) = 53
1787728467.905249 read(11, "", 4096)    = 0
1787728468.082549 read(11, "@PS1,M,234610,17853980,969371,9505076,00000000*4693\r\n@PS1,M,234611,17854040,969331,9505050,00000000*A274\r\n", 4096) = 106
1787728468.087738 read(11, "", 4096)    = 0
1787728468.233060 read(11, "@PS1,M,234612,17854221,969401,9505041,00000000*ED72\r\n", 4096) = 53
1787728468.237049 read(11, "", 4096)    = 0
1787728468.261258 read(11, "@PS1,M,234613,17854281,969568,9504982,00000000*C54C\r\n", 4096) = 53
1787728468.263649 read(11, "", 4096)    = 0
1787728468.381042 read(11, "@PS1,M,234614,17854341,969624,9504947,00000000*B062\r\n@PS1,M,234615,17854401,969637,9504936,00000000*4F26\r\n", 4096) = 106
1787728468.387682 read(11, "", 4096)    = 0
1787728468.440490 read(11, "@PS1,M,234616,17854461,969682,9504928,00000000*2158\r\n", 4096) = 53
1787728468.442560 read(11, "", 4096)    = 0
1787728468.544260 read(11, "@PS1,M,234617,17854521,969849,9504874,00000000*7DF7\r\n", 4096) = 53
1787728468.548046 read(11, "", 4096)    = 0
1787728468.563031 read(11, "@PS1,M,234618,17854581,969855,9504852,00000000*4F56\r\n", 4096) = 53
1787728468.566291 read(11, "", 4096)    = 0
1787728468.699127 --- SIGCHLD {si_signo=SIGCHLD, si_code=CLD_EXITED, si_pid=52649, si_uid=1000, si_status=0, si_utime=0, si_stime=0} ---
1787728468.739590 read(11, "@PS1,M,234619,17854761,969967,9504795,00000000*5817\r\n", 4096) = 53
1787728468.742515 read(11, "", 4096)    = 0
1787728468.799240 read(11, "@PS1,M,234620,17854822,969811,9504792,00000000*416B\r\n", 4096) = 53
1787728468.801412 read(11, "", 4096)    = 0
1787728468.889240 read(11, "@PS1,M,234621,17854882,970065,9504759,00000000*AE14\r\n", 4096) = 53
1787728468.892819 read(11, "", 4096)    = 0
1787728468.918905 read(11, "@PS1,M,234622,17854942,970037,9504761,00000000*F9A5\r\n", 4096) = 53
1787728468.921236 read(11, "", 4096)    = 0
1787728469.038068 read(11, "@PS1,M,234623,17855002,969969,9504743,00000000*8864\r\n", 4096) = 53
1787728469.042344 read(11, "@PS1,M,234624,17855062,969899,9504719,00000000*3784\r\n", 4096) = 53
1787728469.044838 read(11, "", 4096)    = 0
1787728469.218629 read(11, "@PS1,M,234625,17855243,970031,9504657,00000000*E053\r\n", 4096) = 53
1787728469.221164 read(11, "", 4096)    = 0
1787728469.366579 read(11, "@PS1,M,234626,17855303,970039,9504670,00000000*9D9B\r\n@PS1,M,234627,17855363,970020,9504661,00000000*B0D6\r\n", 4096) = 106
1787728469.371688 read(11, "", 4096)    = 0
1787728469.397863 read(11, "@PS1,M,234628,17855423,970077,9504666,00000000*7439\r\n", 4096) = 53
1787728469.400437 read(11, "", 4096)    = 0
1787728469.515160 read(11, "@PS1,M,234629,17855483,969955,9504591,00000000*A20A\r\n", 4096) = 53
1787728469.519389 read(11, "@PS1,M,234630,17855543,969965,9504625,00000000*4F65\r\n", 4096) = 53
1787728469.521539 read(11, "", 4096)    = 0
1787728469.577123 read(11, "@PS1,M,234631,17855603,969839,9504635,00000000*071E\r\n", 4096) = 53
1787728469.579422 read(11, "", 4096)    = 0
1787728469.756564 read(11, "@PS1,M,234632,17855784,969800,9504637,00000000*F062\r\n", 4096) = 53
1787728469.758941 read(11, "", 4096)    = 0
1787728469.903567 read(11, "@PS1,M,234633,17855844,969689,9504628,00000000*10A5\r\n@PS1,M,234634,17855904,969725,9504658,00000000*517A\r\n", 4096) = 106
1787728469.909715 read(11, "", 4096)    = 0
1787728469.935851 read(11, "@PS1,M,234635,17855964,969687,9504652,00000000*796A\r\n", 4096) = 53
1787728469.942011 read(11, "", 4096)    = 0
1787728470.067351 read(11, "@PS1,M,234636,17856024,969485,9504665,00000000*702D\r\n@PS1,M,234637,17856084,969588,9504677,00000000*55CF\r\n", 4096) = 106
1787728470.072527 read(11, "", 4096)    = 0
1787728470.235468 read(11, "@PS1,M,234638,17856265,969344,9504733,00000000*0E4F\r\n", 4096) = 53
1787728470.238117 read(11, "", 4096)    = 0
1787728470.383054 read(11, "@PS1,M,234639,17856325,969200,9504709,00000000*77FA\r\n@PS1,M,234640,17856385,969250,9504778,00000000*C46F\r\n", 4096) = 106
1787728470.388440 read(11, "", 4096)    = 0
1787728470.414692 read(11, "@PS1,M,234641,17856445,968978,9504745,00000000*0B38\r\n", 4096) = 53
1787728470.417279 read(11, "", 4096)    = 0
1787728470.533825 read(11, "@PS1,M,234642,17856505,969191,9504798,00000000*8542\r\n", 4096) = 53
1787728470.537738 read(11, "@PS1,M,234643,17856565,969066,9504844,00000000*7018\r\n", 4096) = 53
1787728470.540189 read(11, "", 4096)    = 0
1787728470.593921 read(11, "@PS1,M,234644,17856625,968943,9504852,00000000*606F\r\n", 4096) = 53
1787728470.596378 read(11, "", 4096)    = 0
1787728470.772728 read(11, "@PS1,M,234645,17856805,968710,9504900,00000000*A25D\r\n", 4096) = 53
1787728470.774986 read(11, "", 4096)    = 0
1787728470.920412 read(11, "@PS1,M,234646,17856865,968700,9504920,00000000*B19A\r\n@PS1,M,234647,17856926,968692,9504971,00000000*0A59\r\n", 4096) = 106
1787728470.925578 read(11, "", 4096)    = 0
1787728470.953250 read(11, "@PS1,M,234648,17856986,968568,9504949,00000000*F34A\r\n", 4096) = 53
1787728470.955285 read(11, "", 4096)    = 0
1787728471.070944 read(11, "@PS1,M,234649,17857047,968598,9505034,00000000*446B\r\n", 4096) = 53
1787728471.075173 read(11, "@PS1,M,234650,17857107,968501,9505048,00000000*1BCB\r\n", 4096) = 53
1787728471.077323 read(11, "", 4096)    = 0
1787728471.251282 read(11, "@PS1,M,234651,17857286,968409,9505091,00000000*040F\r\n", 4096) = 53
1787728471.254452 read(11, "", 4096)    = 0
1787728471.399835 read(11, "@PS1,M,234652,17857347,968301,9505100,00000000*2D79\r\n@PS1,M,234653,17857407,968439,9505093,00000000*89A3\r\n", 4096) = 106
1787728471.404975 read(11, "", 4096)    = 0
1787728471.431671 read(11, "@PS1,M,234654,17857467,968273,9505160,00000000*790E\r\n", 4096) = 53
1787728471.434590 read(11, "", 4096)    = 0
1787728471.549899 read(11, "@PS1,M,234655,17857527,968250,9505148,00000000*271E\r\n", 4096) = 53
1787728471.553813 read(11, "@PS1,M,234656,17857588,968261,9505152,00000000*E368\r\n", 4096) = 53
1787728471.555827 read(11, "", 4096)    = 0
1787728471.610877 read(11, "@PS1,M,234657,17857648,968343,9505205,00000000*1B08\r\n", 4096) = 53
1787728471.613018 read(11, "", 4096)    = 0
1787728471.790089 read(11, "@PS1,M,234658,17857828,968271,9505206,00000000*5542\r\n", 4096) = 53
1787728471.792280 read(11, "", 4096)    = 0
1787728471.937686 read(11, "@PS1,M,234659,17857888,968282,9505214,00000000*1EB9\r\n@PS1,M,234660,17857948,968188,9505261,00000000*8956\r\n", 4096) = 106
1787728471.944734 read(11, "", 4096)    = 0
1787728471.969393 read(11, "@PS1,M,234661,17858008,968232,9505237,00000000*B6F8\r\n", 4096) = 53
1787728471.971707 read(11, "", 4096)    = 0
1787728472.102543 read(11, "@PS1,M,234662,17858068,968252,9505208,00000000*11D8\r\n@PS1,M,234663,17858128,968273,9505268,00000000*A487\r\n", 4096) = 106
1787728472.107604 read(11, "", 4096)    = 0
1787728472.268455 read(11, "@PS1,M,234664,17858309,968229,9505252,00000000*1C93\r\n", 4096) = 53
1787728472.272047 read(11, "", 4096)    = 0
1787728472.328090 read(11, "@PS1,M,234665,17858369,968319,9505264,00000000*1565\r\n", 4096) = 53
1787728472.330262 read(11, "", 4096)    = 0
1787728472.418010 read(11, "@PS1,M,234666,17858429,968277,9505214,00000000*535A\r\n", 4096) = 53
1787728472.421629 read(11, "", 4096)    = 0
1787728472.447675 read(11, "@PS1,M,234667,17858489,968447,9505249,00000000*7AAE\r\n", 4096) = 53
1787728472.450365 read(11, "", 4096)    = 0
1787728472.561442 read(11, "@PS1,M,234668,17858549,968532,9505257,00000000*6610\r\n", 4096) = 53
1787728472.565356 read(11, "", 4096)    = 0
1787728472.567093 read(11, "@PS1,M,234669,17858609,968526,9505244,00000000*1367\r\n", 4096) = 53
1787728472.569413 read(11, "", 4096)    = 0
1787728472.710932 read(11, "@PS1,M,234670,17858669,968565,9505221,00000000*EB17\r\n", 4096) = 53
1787728472.714780 read(11, "", 4096)    = 0
1787728472.859911 read(11, "@PS1,M,234671,17858850,968834,9505187,00000000*4368\r\n", 4096) = 53
1787728472.863799 read(11, "", 4096)    = 0
1787728472.878094 read(11, "@PS1,M,234672,17858910,968808,9505207,00000000*A75F\r\n", 4096) = 53
1787728472.880392 read(11, "", 4096)    = 0
1787728473.008199 read(11, "@PS1,M,234673,17858970,968902,9505172,00000000*3892\r\n@PS1,M,234674,17859030,969001,9505170,00000000*540A\r\n", 4096) = 106
1787728473.013899 read(11, "", 4096)    = 0
1787728473.046119 read(11, "@PS1,M,234675,17859090,969006,9505160,00000000*9BFD\r\n", 4096) = 53
1787728473.048160 read(11, "", 4096)    = 0
1787728473.219227 read(11, "@PS1,M,234676,17859150,969056,9505109,00000000*DA44\r\n", 4096) = 53
1787728473.223483 read(11, "", 4096)    = 0
1787728473.368572 read(11, "@PS1,M,234677,17859331,969258,9505042,00000000*C367\r\n@PS1,M,234678,17859391,969435,9505040,00000000*8BC4\r\n", 4096) = 106
1787728473.373971 read(11, "", 4096)    = 0
1787728473.404873 read(11, "@PS1,M,234679,17859451,969475,9505033,00000000*0FD5\r\n", 4096) = 53
1787728473.407296 read(11, "", 4096)    = 0
1787728473.517652 read(11, "@PS1,M,234680,17859511,969450,9505008,00000000*B56A\r\n", 4096) = 53
1787728473.522170 read(11, "", 4096)    = 0
1787728473.524517 read(11, "@PS1,M,234681,17859571,969517,9505015,00000000*2D61\r\n", 4096) = 53
1787728473.527642 read(11, "", 4096)    = 0
1787728473.584228 read(11, "@PS1,M,234682,17859631,969733,9504957,00000000*D2EE\r\n", 4096) = 53
1787728473.586632 read(11, "", 4096)    = 0
1787728473.670654 --- SIGCHLD {si_signo=SIGCHLD, si_code=CLD_EXITED, si_pid=52668, si_uid=1000, si_status=0, si_utime=0, si_stime=0} ---
1787728473.687643 read(11, "@PS1,M,234683,17859691,969623,9504956,00000000*B16C\r\n", 4096) = 53
1787728473.692048 read(11, "", 4096)    = 0
1787728473.849652 read(11, "@PS1,M,234684,17859872,969756,9504882,00000000*2F3E\r\n", 4096) = 53
1787728473.853889 read(11, "", 4096)    = 0
1787728473.883783 read(11, "@PS1,M,234685,17859932,969719,9504858,00000000*C15F\r\n", 4096) = 53
1787728473.885935 read(11, "", 4096)    = 0
1787728473.999302 read(11, "@PS1,M,234686,17859992,969863,9504814,00000000*B6F5\r\n", 4096) = 53
1787728474.003245 read(11, "@PS1,M,234687,17860052,969815,9504819,00000000*9533\r\n", 4096) = 53
1787728474.005530 read(11, "", 4096)    = 0
1787728474.063056 read(11, "@PS1,M,234688,17860113,969940,9504770,00000000*752F\r\n", 4096) = 53
1787728474.065264 read(11, "", 4096)    = 0
1787728474.163312 read(11, "@PS1,M,234689,17860173,969868,9504762,00000000*5E2F\r\n", 4096) = 53
1787728474.167661 read(11, "", 4096)    = 0
1787728474.311797 read(11, "@PS1,M,234690,17860353,970074,9504706,00000000*2F4B\r\n", 4096) = 53
1787728474.315704 read(11, "", 4096)    = 0
1787728474.361732 read(11, "@PS1,M,234691,17860413,969926,9504691,00000000*B4C3\r\n", 4096) = 53
1787728474.363878 read(11, "", 4096)    = 0
1787728474.455451 read(11, "@PS1,M,234692,17860473,970027,9504713,00000000*A9BA\r\n", 4096) = 53
1787728474.459270 read(11, "", 4096)    = 0
1787728474.481267 read(11, "@PS1,M,234693,17860533,970037,9504656,00000000*FF62\r\n", 4096) = 53
1787728474.483742 read(11, "", 4096)    = 0
1787728474.603985 read(11, "@PS1,M,234694,17860593,970033,9504653,00000000*5263\r\n@PS1,M,234695,17860653,969935,9504634,00000000*413F\r\n", 4096) = 106
1787728474.609856 read(11, "", 4096)    = 0
1787728474.660479 read(11, "@PS1,M,234696,17860713,969938,9504642,00000000*DA2A\r\n", 4096) = 53
1787728474.662457 read(11, "", 4096)    = 0
1787728474.839817 read(11, "@PS1,M,234697,17860893,969912,9504641,00000000*A85C\r\n", 4096) = 53
1787728474.842143 read(11, "", 4096)    = 0
1787728474.986765 read(11, "@PS1,M,234698,17860955,969738,9504624,00000000*4958\r\n@PS1,M,234699,17861015,969901,9504617,00000000*6401\r\n", 4096) = 106
1787728474.992329 read(11, "", 4096)    = 0
1787728475.020199 read(11, "@PS1,M,234700,17861075,969864,9504618,00000000*4086\r\n", 4096) = 53
1787728475.022306 read(11, "", 4096)    = 0
1787728475.137431 read(11, "@PS1,M,234701,17861135,969643,9504601,00000000*F99D\r\n", 4096) = 53
1787728475.141492 read(11, "@PS1,M,234702,17861195,969653,9504663,00000000*C7FC\r\n", 4096) = 53
1787728475.143646 read(11, "", 4096)    = 0
1787728475.319082 read(11, "@PS1,M,234703,17861375,969559,9504684,00000000*8BE4\r\n", 4096) = 53
1787728475.321892 read(11, "", 4096)    = 0
1787728475.378775 read(11, "@PS1,M,234704,17861435,969449,9504695,00000000*C828\r\n", 4096) = 53
1787728475.381336 read(11, "", 4096)    = 0
1787728475.470485 read(11, "@PS1,M,234705,17861495,969563,9504671,00000000*498C\r\n", 4096) = 53
1787728475.474120 read(11, "", 4096)    = 0
1787728475.499639 read(11, "@PS1,M,234706,17861555,969314,9504713,00000000*11A4\r\n", 4096) = 53
1787728475.502659 read(11, "", 4096)    = 0
1787728475.618553 read(11, "@PS1,M,234707,17861615,969233,9504746,00000000*01EA\r\n@PS1,M,234708,17861675,969207,9504757,00000000*A850\r\n", 4096) = 106
1787728475.628018 read(11, "", 4096)    = 0
1787728475.677577 read(11, "@PS1,M,234709,17861735,969204,9504779,00000000*29E0\r\n", 4096) = 53
1787728475.680532 read(11, "", 4096)    = 0
1787728475.856962 read(11, "@PS1,M,234710,17861916,968810,9504824,00000000*1E40\r\n", 4096) = 53
1787728475.859201 read(11, "", 4096)    = 0
1787728476.005149 read(11, "@PS1,M,234711,17861976,968790,9504860,00000000*02AC\r\n@PS1,M,234712,17862036,968819,9504859,00000000*0DFA\r\n", 4096) = 106
1787728476.010126 read(11, "", 4096)    = 0
1787728476.036246 read(11, "@PS1,M,234713,17862096,968835,9504881,00000000*268D\r\n", 4096) = 53
1787728476.038465 read(11, "", 4096)    = 0
1787728476.156758 read(11, "@PS1,M,234714,17862156,968724,9504953,00000000*98E9\r\n@PS1,M,234715,17862216,968675,9504952,00000000*9667\r\n", 4096) = 106
1787728476.162115 read(11, "", 4096)    = 0
1787728476.335729 read(11, "@PS1,M,234716,17862397,968528,9505033,00000000*BB75\r\n", 4096) = 53
1787728476.338128 read(11, "", 4096)    = 0
1787728476.483102 read(11, "@PS1,M,234717,17862457,968611,9505050,00000000*82B9\r\n@PS1,M,234718,17862517,968340,9505079,00000000*43DE\r\n", 4096) = 106
1787728476.488986 read(11, "", 4096)    = 0
1787728476.515016 read(11, "@PS1,M,234719,17862577,968334,9505107,00000000*DF5A\r\n", 4096) = 53
1787728476.517980 read(11, "", 4096)    = 0
1787728476.648302 read(11, "@PS1,M,234720,17862637,968415,9505097,00000000*4865\r\n@PS1,M,234721,17862697,968336,9505108,00000000*A479\r\n", 4096) = 106
1787728476.653745 read(11, "", 4096)    = 0
1787728476.694233 read(11, "@PS1,M,234722,17862757,968379,9505127,00000000*189D\r\n", 4096) = 53
1787728476.696375 read(11, "", 4096)    = 0
1787728476.874463 read(11, "@PS1,M,234723,17862939,968174,9505175,00000000*C499\r\n", 4096) = 53
1787728476.876668 read(11, "", 4096)    = 0
1787728477.022491 read(11, "@PS1,M,234724,17862999,968260,9505173,00000000*589D\r\n@PS1,M,234725,17863059,968201,9505189,00000000*F7D2\r\n", 4096) = 106
1787728477.027939 read(11, "", 4096)    = 0
1787728477.053867 read(11, "@PS1,M,234726,17863119,968355,9505213,00000000*7FB1\r\n", 4096) = 53
1787728477.056006 read(11, "", 4096)    = 0
1787728477.185904 read(11, "@PS1,M,234727,17863179,968174,9505194,00000000*B612\r\n@PS1,M,234728,17863239,968182,9505234,00000000*F02D\r\n", 4096) = 106
1787728477.191456 read(11, "", 4096)    = 0
1787728477.353819 read(11, "@PS1,M,234729,17863419,968135,9505260,00000000*6D6F\r\n", 4096) = 53
1787728477.356754 read(11, "", 4096)    = 0
1787728477.412508 read(11, "@PS1,M,234730,17863480,968175,9505263,00000000*1999\r\n", 4096) = 53
1787728477.414717 read(11, "", 4096)    = 0
1787728477.503400 read(11, "@PS1,M,234731,17863540,968214,9505231,00000000*2FD1\r\n", 4096) = 53
1787728477.507039 read(11, "", 4096)    = 0
1787728477.532113 read(11, "@PS1,M,234732,17863600,968253,9505238,00000000*A837\r\n", 4096) = 53
1787728477.534718 read(11, "", 4096)    = 0
1787728477.648270 read(11, "@PS1,M,234733,17863660,968300,9505251,00000000*9A0C\r\n", 4096) = 53
1787728477.652389 read(11, "@PS1,M,234734,17863720,968318,9505258,00000000*F04A\r\n", 4096) = 53
1787728477.654824 read(11, "", 4096)    = 0
1787728477.711261 read(11, "@PS1,M,234735,17863780,968247,9505273,00000000*EE1F\r\n", 4096) = 53
1787728477.713419 read(11, "", 4096)    = 0
1787728477.890496 read(11, "@PS1,M,234736,17863960,968416,9505242,00000000*A899\r\n", 4096) = 53
1787728477.892686 read(11, "", 4096)    = 0
1787728478.038074 read(11, "@PS1,M,234737,17864020,968539,9505248,00000000*E817\r\n@PS1,M,234738,17864080,968716,9505230,00000000*7358\r\n", 4096) = 106
1787728478.044285 read(11, "", 4096)    = 0
1787728478.069787 read(11, "@PS1,M,234739,17864140,968627,9505220,00000000*37BB\r\n", 4096) = 53
1787728478.072385 read(11, "", 4096)    = 0
1787728478.219644 read(11, "@PS1,M,234740,17864200,968707,9505212,00000000*BE28\r\n@PS1,M,234741,17864260,968690,9505234,00000000*A363\r\n", 4096) = 106
1787728478.227115 read(11, "", 4096)    = 0
1787728478.419833 read(11, "@PS1,M,234742,17864441,968843,9505169,00000000*67DB\r\n", 4096) = 53
1787728478.424144 read(11, "", 4096)    = 0
1787728478.437978 read(11, "@PS1,M,234743,17864501,969134,9505148,00000000*279E\r\n", 4096) = 53
1787728478.440299 read(11, "", 4096)    = 0
1787728478.570397 read(11, "@PS1,M,234744,17864562,968979,9505150,00000000*9754\r\n@PS1,M,234745,17864622,969118,9505111,00000000*E761\r\n", 4096) = 106
1787728478.576891 read(11, "", 4096)    = 0
1787728478.608494 read(11, "@PS1,M,234746,17864682,969104,9505097,00000000*25F2\r\n", 4096) = 53
1787728478.611811 read(11, "", 4096)    = 0
1787728478.727065 --- SIGCHLD {si_signo=SIGCHLD, si_code=CLD_EXITED, si_pid=52686, si_uid=1000, si_status=0, si_utime=0, si_stime=0} ---
1787728478.743138 read(11, "@PS1,M,234747,17864742,969293,9505035,00000000*324C\r\n@PS1,M,234748,17864802,969354,9505086,00000000*5140\r\n", 4096) = 106
1787728478.748561 read(11, "", 4096)    = 0
1787728478.907259 read(11, "@PS1,M,234749,17864982,969360,9505020,00000000*188B\r\n", 4096) = 53
1787728478.909901 read(11, "", 4096)    = 0
1787728479.055467 read(11, "@PS1,M,234750,17865042,969398,9504986,00000000*0DEC\r\n@PS1,M,234751,17865102,969510,9504963,00000000*5898\r\n", 4096) = 106
1787728479.061852 read(11, "", 4096)    = 0
1787728479.086527 read(11, "@PS1,M,234752,17865162,969563,9504960,00000000*BE51\r\n", 4096) = 53
1787728479.088682 read(11, "", 4096)    = 0
1787728479.219556 read(11, "@PS1,M,234753,17865223,969708,9504918,00000000*D421\r\n@PS1,M,234754,17865284,969641,9504886,00000000*BF6E\r\n", 4096) = 106
1787728479.225783 read(11, "", 4096)    = 0
1787728479.385897 read(11, "@PS1,M,234755,17865463,969904,9504853,00000000*EA63\r\n", 4096) = 53
1787728479.388556 read(11, "", 4096)    = 0
1787728479.533871 read(11, "@PS1,M,234756,17865523,969942,9504838,00000000*9806\r\n@PS1,M,234757,17865583,970090,9504779,00000000*5BA3\r\n", 4096) = 106
1787728479.539330 read(11, "", 4096)    = 0
1787728479.565109 read(11, "@PS1,M,234758,17865643,970010,9504767,00000000*F2D5\r\n", 4096) = 53
1787728479.567280 read(11, "", 4096)    = 0
1787728479.695986 read(11, "@PS1,M,234759,17865703,969956,9504781,00000000*7D3C\r\n@PS1,M,234760,17865763,969809,9504753,00000000*67CC\r\n", 4096) = 106
1787728479.701751 read(11, "", 4096)    = 0
1787728479.745511 read(11, "@PS1,M,234761,17865825,970057,9504738,00000000*81AE\r\n", 4096) = 53
1787728479.748252 read(11, "", 4096)    = 0
1787728479.924344 read(11, "@PS1,M,234762,17866004,970082,9504701,00000000*A567\r\n", 4096) = 53
1787728479.926986 read(11, "", 4096)    = 0
1787728480.071561 read(11, "@PS1,M,234763,17866064,969899,9504687,00000000*D7C0\r\n@PS1,M,234764,17866125,969848,9504657,00000000*2FC3\r\n", 4096) = 106
1787728480.077174 read(11, "", 4096)    = 0
1787728480.103587 read(11, "@PS1,M,234765,17866185,969981,9504637,00000000*D590\r\n", 4096) = 53
1787728480.105774 read(11, "", 4096)    = 0
1787728480.234568 read(11, "@PS1,M,234766,17866245,969986,9504647,00000000*2577\r\n@PS1,M,234767,17866305,969921,9504663,00000000*FC80\r\n", 4096) = 106
1787728480.239633 read(11, "", 4096)    = 0
1787728480.402441 read(11, "@PS1,M,234768,17866485,969958,9504621,00000000*54A7\r\n", 4096) = 53
1787728480.404946 read(11, "", 4096)    = 0
1787728480.550967 read(11, "@PS1,M,234769,17866546,969811,9504676,00000000*5855\r\n@PS1,M,234770,17866606,969719,9504664,00000000*6E89\r\n", 4096) = 106
1787728480.556405 read(11, "", 4096)    = 0
1787728480.582881 read(11, "@PS1,M,234771,17866666,969681,9504640,00000000*ACF2\r\n", 4096) = 53
1787728480.584996 read(11, "", 4096)    = 0
1787728480.713833 read(11, "@PS1,M,234772,17866726,969813,9504652,00000000*24AE\r\n@PS1,M,234773,17866786,969728,9504697,00000000*44C1\r\n", 4096) = 106
1787728480.718996 read(11, "", 4096)    = 0
1787728480.762084 read(11, "@PS1,M,234774,17866847,969655,9504672,00000000*E9DB\r\n", 4096) = 53
1787728480.764860 read(11, "", 4096)    = 0
1787728480.941768 read(11, "@PS1,M,234775,17867027,969435,9504657,00000000*CEDA\r\n", 4096) = 53
1787728480.944005 read(11, "", 4096)    = 0
1787728481.089522 read(11, "@PS1,M,234776,17867087,969424,9504701,00000000*D630\r\n@PS1,M,234777,17867147,969443,9504721,00000000*497E\r\n", 4096) = 106
1787728481.094700 read(11, "", 4096)    = 0
1787728481.121036 read(11, "@PS1,M,234778,17867207,969322,9504746,00000000*D300\r\n", 4096) = 53
1787728481.123233 read(11, "", 4096)    = 0
1787728481.239567 read(11, "@PS1,M,234779,17867267,969338,9504754,00000000*4FF0\r\n", 4096) = 53
1787728481.244072 read(11, "@PS1,M,234780,17867327,969246,9504784,00000000*0F1F\r\n", 4096) = 53
1787728481.246372 read(11, "", 4096)    = 0
1787728481.420217 read(11, "@PS1,M,234781,17867508,968965,9504826,00000000*34E1\r\n", 4096) = 53
1787728481.423110 read(11, "", 4096)    = 0
1787728481.479879 read(11, "@PS1,M,234782,17867568,968830,9504860,00000000*D857\r\n", 4096) = 53
1787728481.482494 read(11, "", 4096)    = 0
1787728481.582995 read(11, "@PS1,M,234783,17867628,968946,9504879,00000000*1811\r\n", 4096) = 53
1787728481.585923 read(11, "", 4096)    = 0
1787728481.599448 read(11, "@PS1,M,234784,17867688,968831,9504916,00000000*DC8E\r\n", 4096) = 53
1787728481.602130 read(11, "", 4096)    = 0
1787728481.733056 read(11, "@PS1,M,234785,17867748,968636,9504952,00000000*FB12\r\n@PS1,M,234786,17867808,968767,9504964,00000000*475F\r\n", 4096) = 106
1787728481.737993 read(11, "", 4096)    = 0
1787728481.778680 read(11, "@PS1,M,234787,17867868,968672,9504973,00000000*2DD6\r\n", 4096) = 53
1787728481.781166 read(11, "", 4096)    = 0
1787728481.957831 read(11, "@PS1,M,234788,17868049,968400,9505022,00000000*1F27\r\n", 4096) = 53
1787728481.960089 read(11, "", 4096)    = 0
1787728482.105690 read(11, "@PS1,M,234789,17868109,968451,9505088,00000000*F76F\r\n@PS1,M,234790,17868169,968417,9505043,00000000*3440\r\n", 4096) = 106
1787728482.111032 read(11, "", 4096)    = 0
1787728482.137158 read(11, "@PS1,M,234791,17868229,968386,9505078,00000000*B37E\r\n", 4096) = 53
1787728482.139368 read(11, "", 4096)    = 0
1787728482.256440 read(11, "@PS1,M,234792,17868289,968374,9505103,00000000*F750\r\n@PS1,M,234793,17868349,968233,9505120,00000000*407D\r\n", 4096) = 106
1787728482.261679 read(11, "", 4096)    = 0
1787728482.436759 read(11, "@PS1,M,234794,17868530,968149,9505160,00000000*D202\r\n", 4096) = 53
1787728482.439469 read(11, "", 4096)    = 0
1787728482.585863 read(11, "@PS1,M,234795,17868590,968192,9505174,00000000*B736\r\n@PS1,M,234796,17868650,968082,9505201,00000000*9B47\r\n", 4096) = 106
1787728482.591110 read(11, "", 4096)    = 0
1787728482.615995 read(11, "@PS1,M,234797,17868710,968228,9505206,00000000*C953\r\n", 4096) = 53
1787728482.618267 read(11, "", 4096)    = 0
1787728482.736947 read(11, "@PS1,M,234798,17868770,968159,9505195,00000000*0F2E\r\n@PS1,M,234799,17868830,968115,9505179,00000000*3E1C\r\n", 4096) = 106
1787728482.742903 read(11, "", 4096)    = 0
1787728482.795225 read(11, "@PS1,M,234800,17868890,968124,9505261,00000000*8767\r\n", 4096) = 53
1787728482.797736 read(11, "", 4096)    = 0
1787728482.974665 read(11, "@PS1,M,234801,17869071,968103,9505250,00000000*70AF\r\n", 4096) = 53
1787728482.976912 read(11, "", 4096)    = 0
1787728483.123358 read(11, "@PS1,M,234802,17869131,968199,9505257,00000000*13B6\r\n@PS1,M,234803,17869191,968240,9505268,00000000*8323\r\n", 4096) = 106
1787728483.128529 read(11, "", 4096)    = 0
1787728483.153884 read(11, "@PS1,M,234804,17869251,968177,9505253,00000000*A504\r\n", 4096) = 53
1787728483.156782 read(11, "", 4096)    = 0
1787728483.273465 read(11, "@PS1,M,234805,17869312,968143,9505262,00000000*E645\r\n", 4096) = 53
1787728483.277367 read(11, "@PS1,M,234806,17869372,968219,9505256,00000000*9718\r\n", 4096) = 53
1787728483.279554 read(11, "", 4096)    = 0
1787728483.487100 read(11, "@PS1,M,234807,17869552,968251,9505258,00000000*BC0E\r\n", 4096) = 53
1787728483.491053 read(11, "", 4096)    = 0
1787728483.513935 read(11, "@PS1,M,234808,17869612,968546,9505258,00000000*F185\r\n", 4096) = 53
1787728483.516398 read(11, "", 4096)    = 0
1787728483.648321 --- SIGCHLD {si_signo=SIGCHLD, si_code=CLD_EXITED, si_pid=52704, si_uid=1000, si_status=0, si_utime=0, si_stime=0} ---
1787728483.658661 read(11, "@PS1,M,234809,17869672,968443,9505290,00000000*3822\r\n@PS1,M,234810,17869732,968322,9505233,00000000*C9E4\r\n", 4096) = 106
1787728483.663928 read(11, "", 4096)    = 0
1787728483.692828 read(11, "@PS1,M,234811,17869792,968560,9505264,00000000*BE8D\r\n", 4096) = 53
1787728483.694932 read(11, "", 4096)    = 0
1787728483.821686 read(11, "@PS1,M,234812,17869853,968523,9505259,00000000*94B2\r\n@PS1,M,234813,17869913,968670,9505223,00000000*F9EC\r\n", 4096) = 106
1787728483.826946 read(11, "", 4096)    = 0
1787728483.991560 read(11, "@PS1,M,234814,17870093,968882,9505196,00000000*3796\r\n", 4096) = 53
1787728483.994171 read(11, "", 4096)    = 0
1787728484.139513 read(11, "@PS1,M,234815,17870153,968853,9505235,00000000*5CDC\r\n@PS1,M,234816,17870213,968966,9505202,00000000*65DB\r\n", 4096) = 106
1787728484.145047 read(11, "", 4096)    = 0
1787728484.170897 read(11, "@PS1,M,234817,17870273,968886,9505154,00000000*9E78\r\n", 4096) = 53
1787728484.173193 read(11, "", 4096)    = 0
1787728484.301825 read(11, "@PS1,M,234818,17870333,969116,9505156,00000000*92BB\r\n@PS1,M,234819,17870393,969064,9505148,00000000*6B82\r\n", 4096) = 106
1787728484.307460 read(11, "", 4096)    = 0
1787728484.470162 read(11, "@PS1,M,234820,17870574,969287,9505091,00000000*B074\r\n", 4096) = 53
1787728484.472591 read(11, "", 4096)    = 0
1787728484.616922 read(11, "@PS1,M,234821,17870634,969338,9505122,00000000*3CC4\r\n@PS1,M,234822,17870694,969327,9505078,00000000*32DB\r\n", 4096) = 106
1787728484.622067 read(11, "", 4096)    = 0
1787728484.649427 read(11, "@PS1,M,234823,17870754,969333,9505044,00000000*A8CF\r\n", 4096) = 53
1787728484.651454 read(11, "", 4096)    = 0
1787728484.766048 read(11, "@PS1,M,234824,17870814,969450,9505054,00000000*A8B1\r\n", 4096) = 53
1787728484.770326 read(11, "@PS1,M,234825,17870874,969539,9505015,00000000*035E\r\n", 4096) = 53
1787728484.772420 read(11, "", 4096)    = 0
1787728484.828672 read(11, "@PS1,M,234826,17870934,969358,9505013,00000000*E994\r\n", 4096) = 53
1787728484.831304 read(11, "", 4096)    = 0
1787728485.009074 read(11, "@PS1,M,234827,17871116,969613,9504966,00000000*D590\r\n", 4096) = 53
1787728485.011897 read(11, "", 4096)    = 0
1787728485.068745 read(11, "@PS1,M,234828,17871176,969615,9504914,00000000*BE52\r\n", 4096) = 53
1787728485.070881 read(11, "", 4096)    = 0
1787728485.159351 read(11, "@PS1,M,234829,17871236,969926,9504893,00000000*76C8\r\n", 4096) = 53
1787728485.163416 read(11, "", 4096)    = 0
1787728485.188379 read(11, "@PS1,M,234830,17871296,969738,9504883,00000000*A0F4\r\n", 4096) = 53
1787728485.190618 read(11, "", 4096)    = 0
1787728485.308078 read(11, "@PS1,M,234831,17871356,969788,9504842,00000000*F56E\r\n@PS1,M,234832,17871416,969741,9504853,00000000*D4A7\r\n", 4096) = 106
1787728485.313042 read(11, "", 4096)    = 0
1787728485.486772 read(11, "@PS1,M,234833,17871596,969854,9504810,00000000*65E8\r\n", 4096) = 53
1787728485.489558 read(11, "", 4096)    = 0
1787728485.546431 read(11, "@PS1,M,234834,17871656,969880,9504823,00000000*231D\r\n", 4096) = 53
1787728485.548899 read(11, "", 4096)    = 0
1787728485.638007 read(11, "@PS1,M,234835,17871716,969940,9504758,00000000*17D0\r\n", 4096) = 53
1787728485.641612 read(11, "", 4096)    = 0
1787728485.666086 read(11, "@PS1,M,234836,17871776,969987,9504783,00000000*824B\r\n", 4096) = 53
1787728485.668434 read(11, "", 4096)    = 0
1787728485.782231 read(11, "@PS1,M,234837,17871837,969905,9504714,00000000*0D5E\r\n", 4096) = 53
1787728485.786164 read(11, "", 4096)    = 0
1787728485.786719 read(11, "@PS1,M,234838,17871897,969971,9504714,00000000*F99C\r\n", 4096) = 53
1787728485.788936 read(11, "", 4096)    = 0
1787728485.931375 read(11, "@PS1,M,234839,17871957,969890,9504701,00000000*7931\r\n", 4096) = 53
1787728485.936065 read(11, "", 4096)    = 0
1787728486.080851 read(11, "@PS1,M,234840,17872137,969988,9504700,00000000*0B3D\r\n", 4096) = 53
1787728486.084680 read(11, "@PS1,M,234841,17872197,969883,9504658,00000000*E8C8\r\n", 4096) = 53
1787728486.087014 read(11, "", 4096)    = 0
1787728486.144639 read(11, "@PS1,M,234842,17872257,969886,9504678,00000000*6162\r\n", 4096) = 53
1787728486.146717 read(11, "", 4096)    = 0
1787728486.244730 read(11, "@PS1,M,234843,17872317,969849,9504672,00000000*34BD\r\n", 4096) = 53
1787728486.248553 read(11, "", 4096)    = 0
1787728486.264201 read(11, "@PS1,M,234844,17872377,969878,9504651,00000000*9A4D\r\n", 4096) = 53
1787728486.266754 read(11, "", 4096)    = 0
1787728486.393212 read(11, "@PS1,M,234845,17872437,969816,9504630,00000000*76A6\r\n", 4096) = 53
1787728486.397105 read(11, "", 4096)    = 0
1787728486.542164 read(11, "@PS1,M,234846,17872619,969745,9504652,00000000*AC10\r\n", 4096) = 53
1787728486.546184 read(11, "", 4096)    = 0
1787728486.564205 read(11, "@PS1,M,234847,17872679,969802,9504644,00000000*CF8C\r\n", 4096) = 53
1787728486.566707 read(11, "", 4096)    = 0
1787728486.692665 read(11, "@PS1,M,234848,17872739,969734,9504659,00000000*192E\r\n@PS1,M,234849,17872799,969731,9504644,00000000*AEA1\r\n", 4096) = 106
1787728486.698326 read(11, "", 4096)    = 0
1787728486.743463 read(11, "@PS1,M,234850,17872859,969626,9504653,00000000*48BE\r\n", 4096) = 53
1787728486.745612 read(11, "", 4096)    = 0
1787728486.843865 read(11, "@PS1,M,234851,17872919,969458,9504699,00000000*97C1\r\n", 4096) = 53
1787728486.847780 read(11, "", 4096)    = 0
1787728486.862952 read(11, "@PS1,M,234852,17872979,969521,9504681,00000000*665A\r\n", 4096) = 53
1787728486.865236 read(11, "", 4096)    = 0
1787728487.041855 read(11, "@PS1,M,234853,17873159,969440,9504736,00000000*D941\r\n", 4096) = 53
1787728487.044423 read(11, "", 4096)    = 0
1787728487.189296 read(11, "@PS1,M,234854,17873219,969190,9504743,00000000*9D39\r\n@PS1,M,234855,17873279,969323,9504784,00000000*BE20\r\n", 4096) = 106
1787728487.195021 read(11, "", 4096)    = 0
1787728487.222307 read(11, "@PS1,M,234856,17873340,969162,9504741,00000000*512D\r\n", 4096) = 53
1787728487.224406 read(11, "", 4096)    = 0
1787728487.363285 read(11, "@PS1,M,234857,17873400,969008,9504769,00000000*0C9B\r\n@PS1,M,234858,17873460,969122,9504771,00000000*9A08\r\n", 4096) = 106
1787728487.367164 read(11, "", 4096)    = 0
1787728487.531333 read(11, "@PS1,M,234859,17873640,968934,9504893,00000000*4CA5\r\n", 4096) = 53
1787728487.534305 read(11, "", 4096)    = 0
1787728487.580249 read(11, "@PS1,M,234860,17873700,968906,9504894,00000000*C26A\r\n", 4096) = 53
1787728487.582317 read(11, "", 4096)    = 0
1787728487.674771 read(11, "@PS1,M,234861,17873760,968883,9504879,00000000*F930\r\n", 4096) = 53
1787728487.679003 read(11, "", 4096)    = 0
1787728487.699760 read(11, "@PS1,M,234862,17873820,968700,9504910,00000000*6FD9\r\n", 4096) = 53
1787728487.702703 read(11, "", 4096)    = 0
1787728487.823811 read(11, "@PS1,M,234863,17873880,968743,9504929,00000000*9D2B\r\n@PS1,M,234864,17873941,968658,9504932,00000000*B276\r\n", 4096) = 106
1787728487.829988 read(11, "", 4096)    = 0
1787728487.880159 read(11, "@PS1,M,234865,17874001,968580,9504921,00000000*3E2D\r\n", 4096) = 53
1787728487.882250 read(11, "", 4096)    = 0
1787728488.059514 read(11, "@PS1,M,234866,17874182,968383,9505007,00000000*511E\r\n", 4096) = 53
1787728488.062140 read(11, "", 4096)    = 0
1787728488.207899 read(11, "@PS1,M,234867,17874242,968411,9505054,00000000*5E40\r\n@PS1,M,234868,17874302,968471,9505052,00000000*086B\r\n", 4096) = 106
1787728488.212977 read(11, "", 4096)    = 0
1787728488.238832 read(11, "@PS1,M,234869,17874362,968488,9505080,00000000*131E\r\n", 4096) = 53
1787728488.241516 read(11, "", 4096)    = 0
1787728488.358001 read(11, "@PS1,M,234870,17874422,968469,9505091,00000000*8155\r\n", 4096) = 53
1787728488.361794 read(11, "@PS1,M,234871,17874482,968512,9505109,00000000*AB76\r\n", 4096) = 53
1787728488.363868 read(11, "", 4096)    = 0
1787728488.553356 read(11, "@PS1,M,234872,17874662,968274,9505147,00000000*DB32\r\n", 4096) = 53
1787728488.558805 read(11, "", 4096)    = 0
1787728488.597605 read(11, "@PS1,M,234873,17874723,968318,9505162,00000000*34BB\r\n", 4096) = 53
1787728488.599909 read(11, "", 4096)    = 0
1787728488.721363 --- SIGCHLD {si_signo=SIGCHLD, si_code=CLD_EXITED, si_pid=52722, si_uid=1000, si_status=0, si_utime=0, si_stime=0} ---
1787728488.735061 read(11, "@PS1,M,234874,17874783,968075,9505177,00000000*FA78\r\n@PS1,M,234875,17874843,968243,9505176,00000000*73F3\r\n", 4096) = 106
1787728488.740775 read(11, "", 4096)    = 0
1787728488.776730 read(11, "@PS1,M,234876,17874903,968047,9505173,00000000*1AAC\r\n", 4096) = 53
1787728488.778865 read(11, "", 4096)    = 0
1787728488.897429 read(11, "@PS1,M,234877,17874963,968213,9505214,00000000*BAFC\r\n@PS1,M,234878,17875023,968133,9505212,00000000*75B9\r\n", 4096) = 106
1787728488.902596 read(11, "", 4096)    = 0
1787728489.075827 read(11, "@PS1,M,234879,17875203,968230,9505237,00000000*B7D7\r\n", 4096) = 53
1787728489.078993 read(11, "", 4096)    = 0
1787728489.135495 read(11, "@PS1,M,234880,17875263,968190,9505229,00000000*FC53\r\n", 4096) = 53
1787728489.137696 read(11, "", 4096)    = 0
1787728489.226251 read(11, "@PS1,M,234881,17875323,968120,9505234,00000000*569A\r\n", 4096) = 53
1787728489.229903 read(11, "", 4096)    = 0
1787728489.255048 read(11, "@PS1,M,234882,17875383,968201,9505263,00000000*0E95\r\n", 4096) = 53
1787728489.257644 read(11, "", 4096)    = 0
1787728489.370057 read(11, "@PS1,M,234883,17875444,968275,9505254,00000000*3C7C\r\n", 4096) = 53
1787728489.373906 read(11, "", 4096)    = 0
1787728489.374466 read(11, "@PS1,M,234884,17875504,968323,9505284,00000000*D493\r\n", 4096) = 53
1787728489.376843 read(11, "", 4096)    = 0
1787728489.554453 read(11, "@PS1,M,234885,17875684,968373,9505225,00000000*BFC9\r\n", 4096) = 53
1787728489.556744 read(11, "", 4096)    = 0
1787728489.701053 read(11, "@PS1,M,234886,17875745,968465,9505238,00000000*FFAE\r\n@PS1,M,234887,17875805,968455,9505233,00000000*BACB\r\n", 4096) = 106
1787728489.706649 read(11, "", 4096)    = 0
1787728489.733661 read(11, "@PS1,M,234888,17875865,968492,9505247,00000000*8AA6\r\n", 4096) = 53
1787728489.735806 read(11, "", 4096)    = 0
1787728489.863995 read(11, "@PS1,M,234889,17875925,968515,9505268,00000000*3179\r\n@PS1,M,234890,17875985,968418,9505268,00000000*D4C1\r\n", 4096) = 106
1787728489.869503 read(11, "", 4096)    = 0
1787728489.912911 read(11, "@PS1,M,234891,17876045,968456,9505273,00000000*A33C\r\n", 4096) = 53
1787728489.914896 read(11, "", 4096)    = 0
1787728490.093185 read(11, "@PS1,M,234892,17876226,968396,9505233,00000000*2B38\r\n", 4096) = 53
1787728490.095792 read(11, "", 4096)    = 0
1787728490.240124 read(11, "@PS1,M,234893,17876286,968504,9505242,00000000*8963\r\n@PS1,M,234894,17876346,968473,9505274,00000000*2ECA\r\n", 4096) = 106
1787728490.245852 read(11, "", 4096)    = 0
1787728490.272437 read(11, "@PS1,M,234895,17876406,968811,9505234,00000000*676A\r\n", 4096) = 53
1787728490.274581 read(11, "", 4096)    = 0
1787728490.402375 read(11, "@PS1,M,234896,17876466,968541,9505259,00000000*BB08\r\n@PS1,M,234897,17876526,968605,9505260,00000000*1814\r\n", 4096) = 106
1787728490.407481 read(11, "", 4096)    = 0
1787728490.570789 read(11, "@PS1,M,234898,17876706,968977,9505213,00000000*5881\r\n", 4096) = 53
1787728490.573260 read(11, "", 4096)    = 0
1787728490.718471 read(11, "@PS1,M,234899,17876766,968776,9505210,00000000*5C6C\r\n@PS1,M,234900,17876826,968837,9505184,00000000*297D\r\n", 4096) = 106
1787728490.724387 read(11, "", 4096)    = 0
1787728490.751253 read(11, "@PS1,M,234901,17876888,969007,9505189,00000000*DC19\r\n", 4096) = 53
1787728490.753428 read(11, "", 4096)    = 0
1787728490.881200 read(11, "@PS1,M,234902,17876948,969084,9505189,00000000*4F16\r\n@PS1,M,234903,17877008,969018,9505174,00000000*94D6\r\n", 4096) = 106
1787728490.886349 read(11, "", 4096)    = 0
1787728490.930453 read(11, "@PS1,M,234904,17877068,969029,9505158,00000000*6C97\r\n", 4096) = 53
1787728490.932745 read(11, "", 4096)    = 0
1787728491.109880 read(11, "@PS1,M,234905,17877248,969301,9505124,00000000*5FFB\r\n", 4096) = 53
1787728491.112452 read(11, "", 4096)    = 0
1787728491.256240 read(11, "@PS1,M,234906,17877308,969269,9505081,00000000*8CF1\r\n@PS1,M,234907,17877368,969237,9505090,00000000*1976\r\n", 4096) = 106
1787728491.262734 read(11, "", 4096)    = 0
1787728491.289137 read(11, "@PS1,M,234908,17877428,969441,9505069,00000000*8EDA\r\n", 4096) = 53
1787728491.291410 read(11, "", 4096)    = 0
1787728491.419761 read(11, "@PS1,M,234909,17877488,969450,9505061,00000000*0DD4\r\n@PS1,M,234910,17877548,969666,9505046,00000000*45AE\r\n", 4096) = 106
1787728491.425678 read(11, "", 4096)    = 0
1787728491.588502 read(11, "@PS1,M,234911,17877729,969596,9504992,00000000*4029\r\n", 4096) = 53
1787728491.590975 read(11, "", 4096)    = 0
1787728491.734631 read(11, "@PS1,M,234912,17877789,969842,9505009,00000000*FB8B\r\n@PS1,M,234913,17877849,969698,9504981,00000000*B6BD\r\n", 4096) = 106
1787728491.740893 read(11, "", 4096)    = 0
1787728491.767747 read(11, "@PS1,M,234914,17877909,969584,9504982,00000000*E648\r\n", 4096) = 53
1787728491.770406 read(11, "", 4096)    = 0
1787728491.897841 read(11, "@PS1,M,234915,17877969,969725,9504941,00000000*4638\r\n@PS1,M,234916,17878029,969705,9504936,00000000*8FD3\r\n", 4096) = 106
1787728491.903089 read(11, "", 4096)    = 0
1787728491.946911 read(11, "@PS1,M,234917,17878089,969901,9504928,00000000*79B1\r\n", 4096) = 53
1787728491.949268 read(11, "", 4096)    = 0
1787728492.126897 read(11, "@PS1,M,234918,17878270,969799,9504880,00000000*ECA8\r\n", 4096) = 53
1787728492.129786 read(11, "", 4096)    = 0
1787728492.275149 read(11, "@PS1,M,234919,17878330,969873,9504841,00000000*2813\r\n@PS1,M,234920,17878390,969902,9504842,00000000*89D9\r\n", 4096) = 106
1787728492.280662 read(11, "", 4096)    = 0
1787728492.306087 read(11, "@PS1,M,234921,17878450,969973,9504791,00000000*9E27\r\n", 4096) = 53
1787728492.308278 read(11, "", 4096)    = 0
1787728492.437743 read(11, "@PS1,M,234922,17878511,969987,9504785,00000000*C487\r\n@PS1,M,234923,17878571,970061,9504783,00000000*79B0\r\n", 4096) = 106
1787728492.442897 read(11, "", 4096)    = 0
1787728492.604908 read(11, "@PS1,M,234924,17878751,969942,9504743,00000000*5FF1\r\n", 4096) = 53
1787728492.607674 read(11, "", 4096)    = 0
1787728492.664502 read(11, "@PS1,M,234925,17878811,970012,9504771,00000000*5C32\r\n", 4096) = 53
1787728492.666657 read(11, "", 4096)    = 0
1787728492.755257 read(11, "@PS1,M,234926,17878871,970083,9504709,00000000*ECBF\r\n", 4096) = 53
1787728492.759040 read(11, "", 4096)    = 0
1787728492.784092 read(11, "@PS1,M,234927,17878931,969988,9504722,00000000*A142\r\n", 4096) = 53
1787728492.786415 read(11, "", 4096)    = 0
1787728492.903931 read(11, "@PS1,M,234928,17878991,969977,9504710,00000000*92D3\r\n@PS1,M,234929,17879051,969851,9504730,00000000*0FA4\r\n", 4096) = 106
1787728492.909885 read(11, "", 4096)    = 0
1787728492.963373 read(11, "@PS1,M,234930,17879111,970036,9504714,00000000*020A\r\n", 4096) = 53
1787728492.965586 read(11, "", 4096)    = 0
1787728493.142590 read(11, "@PS1,M,234931,17879291,969909,9504711,00000000*DCB0\r\n", 4096) = 53
1787728493.149552 read(11, "", 4096)    = 0
1787728493.203566 read(11, "@PS1,M,234932,17879353,969872,9504677,00000000*2B14\r\n", 4096) = 53
1787728493.206285 read(11, "", 4096)    = 0
1787728493.298869 read(11, "@PS1,M,234933,17879413,969895,9504669,00000000*2993\r\n", 4096) = 53
1787728493.302761 read(11, "", 4096)    = 0
1787728493.323091 read(11, "@PS1,M,234934,17879473,969810,9504660,00000000*A188\r\n", 4096) = 53
1787728493.326285 read(11, "", 4096)    = 0
1787728493.448463 read(11, "@PS1,M,234935,17879533,969772,9504672,00000000*9E2D\r\n@PS1,M,234936,17879593,969858,9504676,00000000*648B\r\n", 4096) = 106
1787728493.453683 read(11, "", 4096)    = 0
1787728493.637678 read(11, "@PS1,M,234937,17879773,969803,9504674,00000000*817D\r\n", 4096) = 53
1787728493.644398 read(11, "", 4096)    = 0
1787728493.681856 read(11, "@PS1,M,234938,17879833,969834,9504654,00000000*B6EB\r\n", 4096) = 53
1787728493.687132 read(11, "", 4096)    = 0
1787728493.703713 --- SIGCHLD {si_signo=SIGCHLD, si_code=CLD_EXITED, si_pid=52740, si_uid=1000, si_status=0, si_utime=0, si_stime=0} ---
1787728493.827391 read(11, "@PS1,M,234939,17879893,969632,9504681,00000000*B887\r\n@PS1,M,234940,17879953,969625,9504671,00000000*B250\r\n", 4096) = 106
1787728493.832924 read(11, "", 4096)    = 0
1787728493.861043 read(11, "@PS1,M,234941,17880013,969652,9504691,00000000*8D67\r\n", 4096) = 53
1787728493.863133 read(11, "", 4096)    = 0
1787728493.989467 read(11, "@PS1,M,234942,17880074,969609,9504690,00000000*2079\r\n@PS1,M,234943,17880134,969611,9504706,00000000*1D81\r\n", 4096) = 106
1787728493.994560 read(11, "", 4096)    = 0
1787728494.160079 read(11, "@PS1,M,234944,17880314,969540,9504705,00000000*121D\r\n", 4096) = 53
1787728494.163286 read(11, "", 4096)    = 0
1787728494.219727 read(11, "@PS1,M,234945,17880374,969534,9504737,00000000*3BD5\r\n", 4096) = 53
1787728494.222024 read(11, "", 4096)    = 0
1787728494.310639 read(11, "@PS1,M,234946,17880434,969402,9504766,00000000*D573\r\n", 4096) = 53
1787728494.314274 read(11, "", 4096)    = 0
1787728494.339326 read(11, "@PS1,M,234947,17880494,969382,9504751,00000000*4E3F\r\n", 4096) = 53
1787728494.342369 read(11, "", 4096)    = 0
1787728494.459123 read(11, "@PS1,M,234948,17880554,969314,9504757,00000000*817C\r\n@PS1,M,234949,17880614,969256,9504796,00000000*A256\r\n", 4096) = 106
1787728494.464754 read(11, "", 4096)    = 0
1787728494.638311 read(11, "@PS1,M,234950,17880795,969216,9504814,00000000*BC6D\r\n", 4096) = 53
1787728494.640588 read(11, "", 4096)    = 0
1787728494.785041 read(11, "@PS1,M,234951,17880855,969203,9504830,00000000*902E\r\n@PS1,M,234952,17880915,969171,9504829,00000000*C90E\r\n", 4096) = 106
1787728494.790068 read(11, "", 4096)    = 0
1787728494.817592 read(11, "@PS1,M,234953,17880975,969158,9504852,00000000*F376\r\n", 4096) = 53
1787728494.819601 read(11, "", 4096)    = 0
1787728494.934584 read(11, "@PS1,M,234954,17881035,969044,9504888,00000000*49CF\r\n", 4096) = 53
1787728494.938735 read(11, "@PS1,M,234955,17881095,969035,9504872,00000000*7B78\r\n", 4096) = 53
1787728494.940866 read(11, "", 4096)    = 0
1787728494.998019 read(11, "@PS1,M,234956,17881156,968963,9504910,00000000*51F4\r\n", 4096) = 53
1787728495.000470 read(11, "", 4096)    = 0
1787728495.176844 read(11, "@PS1,M,234957,17881336,968768,9504903,00000000*A6B0\r\n", 4096) = 53
1787728495.179656 read(11, "", 4096)    = 0
1787728495.236566 read(11, "@PS1,M,234958,17881396,968795,9504931,00000000*6562\r\n", 4096) = 53
1787728495.238776 read(11, "", 4096)    = 0
1787728495.326618 read(11, "@PS1,M,234959,17881456,968624,9504965,00000000*3299\r\n", 4096) = 53
1787728495.330716 read(11, "", 4096)    = 0
1787728495.356151 read(11, "@PS1,M,234960,17881516,968756,9504987,00000000*50F0\r\n", 4096) = 53
1787728495.358956 read(11, "", 4096)    = 0
1787728495.474289 read(11, "@PS1,M,234961,17881576,968732,9505021,00000000*2D6B\r\n", 4096) = 53
1787728495.478172 read(11, "@PS1,M,234962,17881636,968649,9505045,00000000*9539\r\n", 4096) = 53
1787728495.480322 read(11, "", 4096)    = 0
1787728495.655299 read(11, "@PS1,M,234963,17881817,968623,9505027,00000000*1A7D\r\n", 4096) = 53
1787728495.658180 read(11, "", 4096)    = 0
1787728495.714934 read(11, "@PS1,M,234964,17881877,968669,9505070,00000000*FB07\r\n", 4096) = 53
1787728495.717565 read(11, "", 4096)    = 0
1787728495.804771 read(11, "@PS1,M,234965,17881937,968469,9505113,00000000*CBAA\r\n", 4096) = 53
1787728495.808327 read(11, "", 4096)    = 0
1787728495.834541 read(11, "@PS1,M,234966,17881997,968497,9505109,00000000*1388\r\n", 4096) = 53
1787728495.836711 read(11, "", 4096)    = 0
1787728495.952826 read(11, "@PS1,M,234967,17882057,968327,9505090,00000000*C8B7\r\n", 4096) = 53
1787728495.956871 read(11, "@PS1,M,234968,17882117,968451,9505130,00000000*BA89\r\n", 4096) = 53
1787728495.958944 read(11, "", 4096)    = 0
1787728496.013749 read(11, "@PS1,M,234969,17882177,968422,9505159,00000000*111E\r\n", 4096) = 53
1787728496.016155 read(11, "", 4096)    = 0
1787728496.193734 read(11, "@PS1,M,234970,17882358,968324,9505154,00000000*EC84\r\n", 4096) = 53
1787728496.196551 read(11, "", 4096)    = 0
1787728496.253436 read(11, "@PS1,M,234971,17882418,968407,9505191,00000000*9E98\r\n", 4096) = 53
1787728496.255602 read(11, "", 4096)    = 0
1787728496.343463 read(11, "@PS1,M,234972,17882478,968293,9505203,00000000*510D\r\n", 4096) = 53
1787728496.347021 read(11, "", 4096)    = 0
1787728496.373060 read(11, "@PS1,M,234973,17882539,968206,9505193,00000000*3DD3\r\n", 4096) = 53
1787728496.375249 read(11, "", 4096)    = 0
1787728496.490844 read(11, "@PS1,M,234974,17882599,968315,9505232,00000000*213C\r\n", 4096) = 53
1787728496.495079 read(11, "@PS1,M,234975,17882659,968251,9505231,00000000*1C1C\r\n", 4096) = 53
1787728496.497110 read(11, "", 4096)    = 0
1787728496.672256 read(11, "@PS1,M,234976,17882839,968168,9505235,00000000*25AD\r\n", 4096) = 53
1787728496.674685 read(11, "", 4096)    = 0
1787728496.818487 read(11, "@PS1,M,234977,17882899,968216,9505230,00000000*95F7\r\n@PS1,M,234978,17882959,968309,9505265,00000000*C6A6\r\n", 4096) = 106
1787728496.823651 read(11, "", 4096)    = 0
1787728496.851440 read(11, "@PS1,M,234979,17883019,968315,9505241,00000000*83D6\r\n", 4096) = 53
1787728496.853960 read(11, "", 4096)    = 0
1787728496.967412 read(11, "@PS1,M,234980,17883080,968237,9505289,00000000*95C9\r\n", 4096) = 53
1787728496.971328 read(11, "@PS1,M,234981,17883140,968360,9505265,00000000*5983\r\n", 4096) = 53
1787728496.973530 read(11, "", 4096)    = 0
1787728497.030632 read(11, "@PS1,M,234982,17883200,968280,9505279,00000000*3D1B\r\n", 4096) = 53
1787728497.032696 read(11, "", 4096)    = 0
1787728497.210517 read(11, "@PS1,M,234983,17883380,968244,9505245,00000000*30F7\r\n", 4096) = 53
1787728497.213432 read(11, "", 4096)    = 0
1787728497.270183 read(11, "@PS1,M,234984,17883441,968304,9505263,00000000*F722\r\n", 4096) = 53
1787728497.272649 read(11, "", 4096)    = 0
1787728497.360231 read(11, "@PS1,M,234985,17883501,968299,9505280,00000000*8779\r\n", 4096) = 53
1787728497.363994 read(11, "", 4096)    = 0
1787728497.390042 read(11, "@PS1,M,234986,17883561,968451,9505298,00000000*ECF4\r\n", 4096) = 53
1787728497.392405 read(11, "", 4096)    = 0
1787728497.507968 read(11, "@PS1,M,234987,17883621,968396,9505298,00000000*7E50\r\n", 4096) = 53
1787728497.512132 read(11, "@PS1,M,234988,17883681,968326,9505288,00000000*7A5D\r\n", 4096) = 53
1787728497.514334 read(11, "", 4096)    = 0
1787728497.689182 read(11, "@PS1,M,234989,17883862,968300,9505288,00000000*BAB3\r\n", 4096) = 53
1787728497.691942 read(11, "", 4096)    = 0
1787728497.748783 read(11, "@PS1,M,234990,17883922,968237,9505290,00000000*41CB\r\n", 4096) = 53
1787728497.750915 read(11, "", 4096)    = 0
1787728497.837834 read(11, "@PS1,M,234991,17883982,968376,9505309,00000000*7781\r\n", 4096) = 53
1787728497.841442 read(11, "", 4096)    = 0
1787728497.868353 read(11, "@PS1,M,234992,17884042,968456,9505293,00000000*E96B\r\n", 4096) = 53
1787728497.870707 read(11, "", 4096)    = 0
1787728497.985379 read(11, "@PS1,M,234993,17884102,968464,9505295,00000000*0012\r\n", 4096) = 53
1787728497.989800 read(11, "@PS1,M,234994,17884162,968423,9505247,00000000*706F\r\n", 4096) = 53
1787728497.992174 read(11, "", 4096)    = 0
1787728498.047559 read(11, "@PS1,M,234995,17884222,968560,9505257,00000000*E7B1\r\n", 4096) = 53
1787728498.049704 read(11, "", 4096)    = 0
1787728498.227016 read(11, "@PS1,M,234996,17884402,968646,9505254,00000000*27A9\r\n", 4096) = 53
1787728498.229691 read(11, "", 4096)    = 0
1787728498.372616 read(11, "@PS1,M,234997,17884462,968646,9505231,00000000*512D\r\n@PS1,M,234998,17884522,968728,9505267,00000000*4A30\r\n", 4096) = 106
1787728498.377805 read(11, "", 4096)    = 0
1787728498.406245 read(11, "@PS1,M,234999,17884582,968716,9505238,00000000*F16F\r\n", 4096) = 53
1787728498.408662 read(11, "", 4096)    = 0
1787728498.520853 read(11, "@PS1,M,235000,17884642,968820,9505258,00000000*0E4A\r\n", 4096) = 53
1787728498.524847 read(11, "", 4096)    = 0
1787728498.527231 read(11, "@PS1,M,235001,17884704,968737,9505200,00000000*4379\r\n", 4096) = 53
1787728498.529773 read(11, "", 4096)    = 0
1787728498.674841 --- SIGCHLD {si_signo=SIGCHLD, si_code=CLD_EXITED, si_pid=52769, si_uid=1000, si_status=0, si_utime=0, si_stime=0} ---
1787728498.706298 read(11, "@PS1,M,235002,17884884,969055,9505208,00000000*067F\r\n", 4096) = 53
1787728498.709786 read(11, "", 4096)    = 0
1787728498.765966 read(11, "@PS1,M,235003,17884944,968963,9505196,00000000*44E3\r\n", 4096) = 53
1787728498.769502 read(11, "", 4096)    = 0
1787728498.905803 read(11, "@PS1,M,235004,17885004,969057,9505195,00000000*C5EB\r\n@PS1,M,235005,17885064,968969,9505193,00000000*2D23\r\n", 4096) = 106
1787728498.915853 read(11, "", 4096)    = 0
1787728498.945209 read(11, "@PS1,M,235006,17885124,969048,9505166,00000000*555C\r\n", 4096) = 53
1787728498.947869 read(11, "", 4096)    = 0
1787728499.049985 read(11, "@PS1,M,235007,17885184,969217,9505165,00000000*FF24\r\n", 4096) = 53
1787728499.054215 read(11, "", 4096)    = 0
1787728499.068121 read(11, "@PS1,M,235008,17885244,969226,9505094,00000000*42E3\r\n", 4096) = 53
1787728499.070595 read(11, "", 4096)    = 0
1787728499.244149 read(11, "@PS1,M,235009,17885425,969443,9505137,00000000*D4B8\r\n", 4096) = 53
1787728499.247541 read(11, "", 4096)    = 0
1787728499.303851 read(11, "@PS1,M,235010,17885485,969430,9505102,00000000*75AD\r\n", 4096) = 53
1787728499.306423 read(11, "", 4096)    = 0
1787728499.394572 read(11, "@PS1,M,235011,17885545,969431,9505117,00000000*B48D\r\n", 4096) = 53
1787728499.397644 read(11, "", 4096)    = 0
1787728499.423549 read(11, "@PS1,M,235012,17885605,969447,9505068,00000000*E82D\r\n", 4096) = 53
1787728499.425825 read(11, "", 4096)    = 0
1787728499.539273 read(11, "@PS1,M,235013,17885665,969522,9505062,00000000*E8C9\r\n", 4096) = 53
1787728499.543212 read(11, "@PS1,M,235014,17885725,969528,9505011,00000000*11AF\r\n", 4096) = 53
1787728499.545838 read(11, "", 4096)    = 0
1787728499.722555 read(11, "@PS1,M,235015,17885906,969683,9505026,00000000*2838\r\n", 4096) = 53
1787728499.724886 read(11, "", 4096)    = 0
1787728499.868692 read(11, "@PS1,M,235016,17885966,969665,9505029,00000000*6738\r\n@PS1,M,235017,17886026,969788,9504993,00000000*1A4E\r\n", 4096) = 106
1787728499.873859 read(11, "", 4096)    = 0
1787728499.901773 read(11, "@PS1,M,235018,17886086,969712,9504959,00000000*0C31\r\n", 4096) = 53
1787728499.903849 read(11, "", 4096)    = 0
1787728500.017311 read(11, "@PS1,M,235019,17886146,969672,9504967,00000000*B7A4\r\n", 4096) = 53
1787728500.021582 read(11, "@PS1,M,235020,17886206,969745,9504946,00000000*F58E\r\n", 4096) = 53
1787728500.023678 read(11, "", 4096)    = 0
1787728500.081018 read(11, "@PS1,M,235021,17886266,969861,9504907,00000000*E794\r\n", 4096) = 53
1787728500.083063 read(11, "", 4096)    = 0
1787728500.260891 read(11, "@PS1,M,235022,17886447,969934,9504885,00000000*FD8D\r\n", 4096) = 53
1787728500.263654 read(11, "", 4096)    = 0
1787728500.407448 read(11, "@PS1,M,235023,17886507,970041,9504885,00000000*20D3\r\n@PS1,M,235024,17886567,969949,9504882,00000000*0FA9\r\n", 4096) = 106
1787728500.412883 read(11, "", 4096)    = 0
1787728500.440295 read(11, "@PS1,M,235025,17886627,969940,9504836,00000000*4BFF\r\n", 4096) = 53
1787728500.442500 read(11, "", 4096)    = 0
1787728500.556871 read(11, "@PS1,M,235026,17886687,969972,9504828,00000000*E701\r\n", 4096) = 53
1787728500.560679 read(11, "@PS1,M,235027,17886747,969939,9504807,00000000*8329\r\n", 4096) = 53
1787728500.562938 read(11, "", 4096)    = 0
1787728500.740053 read(11, "@PS1,M,235028,17886928,970064,9504759,00000000*3521\r\n", 4096) = 53
1787728500.742409 read(11, "", 4096)    = 0
1787728500.886172 read(11, "@PS1,M,235029,17886988,969997,9504788,00000000*C38E\r\n@PS1,M,235030,17887049,970072,9504761,00000000*19A1\r\n", 4096) = 106
1787728500.891570 read(11, "", 4096)    = 0
1787728500.919209 read(11, "@PS1,M,235031,17887109,970037,9504753,00000000*EFDD\r\n", 4096) = 53
1787728500.921343 read(11, "", 4096)    = 0
1787728501.034667 read(11, "@PS1,M,235032,17887169,969950,9504722,00000000*2FC9\r\n", 4096) = 53
1787728501.038517 read(11, "@PS1,M,235033,17887229,969997,9504747,00000000*06F0\r\n", 4096) = 53
1787728501.040688 read(11, "", 4096)    = 0
1787728501.098481 read(11, "@PS1,M,235034,17887289,970094,9504714,00000000*5EC7\r\n", 4096) = 53
1787728501.100851 read(11, "", 4096)    = 0
1787728501.277327 read(11, "@PS1,M,235035,17887469,970057,9504695,00000000*41D3\r\n", 4096) = 53
1787728501.279858 read(11, "", 4096)    = 0
1787728501.422883 read(11, "@PS1,M,235036,17887529,969981,9504701,00000000*5C32\r\n@PS1,M,235037,17887590,969977,9504697,00000000*FFA6\r\n", 4096) = 106
1787728501.427796 read(11, "", 4096)    = 0
1787728501.457800 read(11, "@PS1,M,235038,17887650,969923,9504689,00000000*A049\r\n", 4096) = 53
1787728501.459930 read(11, "", 4096)    = 0
1787728501.570811 read(11, "@PS1,M,235039,17887710,969815,9504661,00000000*E6AA\r\n", 4096) = 53
1787728501.575001 read(11, "", 4096)    = 0
1787728501.577177 read(11, "@PS1,M,235040,17887770,969727,9504659,00000000*A2FE\r\n", 4096) = 53
1787728501.578969 read(11, "", 4096)    = 0
1787728501.756595 read(11, "@PS1,M,235041,17887950,969827,9504643,00000000*DB74\r\n", 4096) = 53
1787728501.758819 read(11, "", 4096)    = 0
1787728501.902395 read(11, "@PS1,M,235042,17888010,969700,9504660,00000000*F3D1\r\n@PS1,M,235043,17888070,969714,9504698,00000000*5911\r\n", 4096) = 106
1787728501.907519 read(11, "", 4096)    = 0
1787728501.935784 read(11, "@PS1,M,235044,17888130,969693,9504711,00000000*E884\r\n", 4096) = 53
1787728501.938300 read(11, "", 4096)    = 0
1787728502.051102 read(11, "@PS1,M,235045,17888191,969746,9504732,00000000*683C\r\n", 4096) = 53
1787728502.054999 read(11, "", 4096)    = 0
1787728502.056187 read(11, "@PS1,M,235046,17888251,969563,9504695,00000000*9BEE\r\n", 4096) = 53
1787728502.058621 read(11, "", 4096)    = 0
1787728502.114930 read(11, "@PS1,M,235047,17888311,969613,9504671,00000000*19EE\r\n", 4096) = 53
1787728502.117014 read(11, "", 4096)    = 0
1787728502.346522 read(11, "@PS1,M,235048,17888491,969478,9504726,00000000*EDBF\r\n", 4096) = 53
1787728502.350657 read(11, "", 4096)    = 0
1787728502.354090 read(11, "@PS1,M,235049,17888551,969518,9504746,00000000*E6D0\r\n", 4096) = 53
1787728502.356614 read(11, "", 4096)    = 0
1787728502.493456 read(11, "@PS1,M,235050,17888611,969435,9504758,00000000*9BE8\r\n@PS1,M,235051,17888671,969430,9504750,00000000*9435\r\n", 4096) = 106
1787728502.499360 read(11, "", 4096)    = 0
1787728502.533421 read(11, "@PS1,M,235052,17888731,969449,9504772,00000000*E1A3\r\n", 4096) = 53
1787728502.535672 read(11, "", 4096)    = 0
1787728502.655538 read(11, "@PS1,M,235053,17888791,969266,9504745,00000000*72C7\r\n", 4096) = 53
1787728502.659423 read(11, "", 4096)    = 0
1787728502.802065 read(11, "@PS1,M,235054,17888973,969344,9504795,00000000*61B4\r\n", 4096) = 53
1787728502.806233 read(11, "", 4096)    = 0
1787728502.833517 read(11, "@PS1,M,235055,17889033,969244,9504813,00000000*01F4\r\n", 4096) = 53
1787728502.835879 read(11, "", 4096)    = 0
1787728502.949223 read(11, "@PS1,M,235056,17889093,969072,9504823,00000000*AF8C\r\n", 4096) = 53
1787728502.953537 read(11, "@PS1,M,235057,17889153,969144,9504879,00000000*DE3C\r\n", 4096) = 53
1787728502.955919 read(11, "", 4096)    = 0
1787728503.012754 read(11, "@PS1,M,235058,17889213,969099,9504876,00000000*A1A1\r\n", 4096) = 53
1787728503.014950 read(11, "", 4096)    = 0
1787728503.105033 read(11, "@PS1,M,235059,17889273,969044,9504892,00000000*ED29\r\n", 4096) = 53
1787728503.109772 read(11, "", 4096)    = 0
1787728503.132352 read(11, "@PS1,M,235060,17889333,968872,9504866,00000000*C1F2\r\n", 4096) = 53
1787728503.134846 read(11, "", 4096)    = 0
1787728503.312087 read(11, "@PS1,M,235061,17889514,968724,9504977,00000000*B570\r\n", 4096) = 53
1787728503.314454 read(11, "", 4096)    = 0
1787728503.457665 read(11, "@PS1,M,235062,17889574,968867,9504999,00000000*CF58\r\n@PS1,M,235063,17889634,968732,9504961,00000000*9F5F\r\n", 4096) = 106
1787728503.463405 read(11, "", 4096)    = 0
1787728503.492407 read(11, "@PS1,M,235064,17889694,968795,9504975,00000000*B901\r\n", 4096) = 53
1787728503.496055 read(11, "", 4096)    = 0
1787728503.619916 read(11, "@PS1,M,235065,17889754,968744,9504973,00000000*1799\r\n@PS1,M,235066,17889814,968689,9505040,00000000*7BF3\r\n", 4096) = 106
1787728503.627370 read(11, "", 4096)    = 0
1787728503.646237 --- SIGCHLD {si_signo=SIGCHLD, si_code=CLD_EXITED, si_pid=52788, si_uid=1000, si_status=0, si_utime=0, si_stime=0} ---
1787728503.789384 read(11, "@PS1,M,235067,17889994,968572,9505048,00000000*8EBF\r\n", 4096) = 53
1787728503.791643 read(11, "", 4096)    = 0
1787728503.977401 read(11, "@PS1,M,235068,17890055,968429,9505080,00000000*99DD\r\n@PS1,M,235069,17890115,968579,9505107,00000000*9FEA\r\n@PS1,M,235070,17890175,968584,9505115,00000000*4168\r\n", 4096) = 159
1787728503.989863 read(11, "", 4096)    = 0
1787728504.029614 read(11, "@PS1,M,235071,17890235,968357,9505124,00000000*DF78\r\n", 4096) = 53
1787728504.031889 read(11, "", 4096)    = 0
1787728504.150683 read(11, "@PS1,M,235072,17890295,968377,9505135,00000000*0B6B\r\n@PS1,M,235073,17890355,968270,9505163,00000000*1F94\r\n", 4096) = 106
1787728504.156011 read(11, "", 4096)    = 0
1787728504.327949 read(11, "@PS1,M,235074,17890535,968312,9505193,00000000*F7BE\r\n", 4096) = 53
1787728504.330590 read(11, "", 4096)    = 0
1787728504.387619 read(11, "@PS1,M,235075,17890595,968350,9505160,00000000*9275\r\n", 4096) = 53
1787728504.390137 read(11, "", 4096)    = 0
1787728504.478387 read(11, "@PS1,M,235076,17890655,968229,9505258,00000000*8226\r\n", 4096) = 53
1787728504.482816 read(11, "", 4096)    = 0
1787728504.508374 read(11, "@PS1,M,235077,17890715,968229,9505210,00000000*81AF\r\n", 4096) = 53
1787728504.510801 read(11, "", 4096)    = 0
1787728504.626777 read(11, "@PS1,M,235078,17890775,968120,9505239,00000000*C788\r\n", 4096) = 53
1787728504.634940 read(11, "@PS1,M,235079,17890837,968241,9505220,00000000*37A2\r\n", 4096) = 53
1787728504.637194 read(11, "", 4096)    = 0
1787728504.806870 read(11, "@PS1,M,235080,17891016,968050,9505264,00000000*1D83\r\n", 4096) = 53
1787728504.810020 read(11, "", 4096)    = 0
1787728504.866499 read(11, "@PS1,M,235081,17891076,968167,9505276,00000000*E926\r\n", 4096) = 53
1787728504.869063 read(11, "", 4096)    = 0
1787728504.957195 read(11, "@PS1,M,235082,17891136,968252,9505253,00000000*9748\r\n", 4096) = 53
1787728504.961208 read(11, "", 4096)    = 0
1787728504.986088 read(11, "@PS1,M,235083,17891197,968158,9505296,00000000*5BD7\r\n", 4096) = 53
1787728504.989346 read(11, "", 4096)    = 0
1787728505.105044 read(11, "@PS1,M,235084,17891257,968100,9505298,00000000*7C15\r\n", 4096) = 53
1787728505.109306 read(11, "@PS1,M,235085,17891317,968205,9505280,00000000*A8D1\r\n", 4096) = 53
1787728505.111697 read(11, "", 4096)    = 0
1787728505.165368 read(11, "@PS1,M,235086,17891377,968147,9505292,00000000*25F0\r\n", 4096) = 53
1787728505.167505 read(11, "", 4096)    = 0
1787728505.345259 read(11, "@PS1,M,235087,17891558,968226,9505277,00000000*9043\r\n", 4096) = 53
1787728505.347510 read(11, "", 4096)    = 0
1787728505.490535 read(11, "@PS1,M,235088,17891618,968125,9505301,00000000*7CCB\r\n@PS1,M,235089,17891678,968207,9505297,00000000*314F\r\n", 4096) = 106
1787728505.497315 read(11, "", 4096)    = 0
1787728505.524589 read(11, "@PS1,M,235090,17891738,968159,9505319,00000000*4E02\r\n", 4096) = 53
1787728505.526869 read(11, "", 4096)    = 0
1787728505.652132 read(11, "@PS1,M,235091,17891798,968249,9505292,00000000*73DC\r\n@PS1,M,235092,17891858,968111,9505277,00000000*0C4B\r\n", 4096) = 106
1787728505.657371 read(11, "", 4096)    = 0
1787728505.823669 read(11, "@PS1,M,235093,17892038,968346,9505300,00000000*B446\r\n", 4096) = 53
1787728505.825961 read(11, "", 4096)    = 0
1787728505.967840 read(11, "@PS1,M,235094,17892098,968125,9505306,00000000*D73B\r\n@PS1,M,235095,17892159,968431,9505344,00000000*FBAD\r\n", 4096) = 106
1787728505.973855 read(11, "", 4096)    = 0
1787728506.002955 read(11, "@PS1,M,235096,17892219,968225,9505271,00000000*CB62\r\n", 4096) = 53
1787728506.005839 read(11, "", 4096)    = 0
1787728506.131726 read(11, "@PS1,M,235097,17892279,968411,9505301,00000000*9BA7\r\n@PS1,M,235098,17892339,968450,9505330,00000000*F5A2\r\n", 4096) = 106
1787728506.136866 read(11, "", 4096)    = 0
1787728506.182147 read(11, "@PS1,M,235099,17892399,968446,9505288,00000000*5F78\r\n", 4096) = 53
1787728506.184591 read(11, "", 4096)    = 0
1787728506.361387 read(11, "@PS1,M,235100,17892579,968532,9505279,00000000*ABEF\r\n", 4096) = 53
1787728506.363581 read(11, "", 4096)    = 0
1787728506.506983 read(11, "@PS1,M,235101,17892640,968564,9505310,00000000*E5DF\r\n@PS1,M,235102,17892700,968582,9505268,00000000*C168\r\n", 4096) = 106
1787728506.512378 read(11, "", 4096)    = 0
1787728506.541842 read(11, "@PS1,M,235103,17892760,968852,9505305,00000000*A62A\r\n", 4096) = 53
1787728506.543908 read(11, "", 4096)    = 0
1787728506.655201 read(11, "@PS1,M,235104,17892820,968805,9505280,00000000*1728\r\n", 4096) = 53
1787728506.659509 read(11, "", 4096)    = 0
1787728506.673287 read(11, "@PS1,M,235105,17892880,968816,9505286,00000000*5D91\r\n", 4096) = 53
1787728506.675510 read(11, "", 4096)    = 0
1787728506.840001 read(11, "@PS1,M,235106,17893060,968931,9505208,00000000*7EF0\r\n", 4096) = 53
1787728506.842412 read(11, "", 4096)    = 0
1787728506.985281 read(11, "@PS1,M,235107,17893120,968826,9505192,00000000*9695\r\n@PS1,M,235108,17893181,969006,9505229,00000000*0D64\r\n", 4096) = 106
1787728506.990476 read(11, "", 4096)    = 0
1787728507.020355 read(11, "@PS1,M,235109,17893241,969126,9505220,00000000*B022\r\n", 4096) = 53
1787728507.022743 read(11, "", 4096)    = 0
1787728507.134174 read(11, "@PS1,M,235110,17893301,968960,9505233,00000000*270C\r\n", 4096) = 53
1787728507.137987 read(11, "", 4096)    = 0
1787728507.139834 read(11, "@PS1,M,235111,17893361,969037,9505209,00000000*B51E\r\n", 4096) = 53
1787728507.141804 read(11, "", 4096)    = 0
1787728507.280405 read(11, "@PS1,M,235112,17893422,969161,9505172,00000000*4089\r\n", 4096) = 53
1787728507.284287 read(11, "", 4096)    = 0
1787728507.427388 read(11, "@PS1,M,235113,17893602,969378,9505154,00000000*D9A8\r\n", 4096) = 53
1787728507.431300 read(11, "", 4096)    = 0
1787728507.445426 read(11, "@PS1,M,235114,17893662,969183,9505108,00000000*BA3F\r\n", 4096) = 53
1787728507.447996 read(11, "", 4096)    = 0
1787728507.574363 read(11, "@PS1,M,235115,17893722,969383,9505105,00000000*41E7\r\n@PS1,M,235116,17893782,969471,9505124,00000000*936A\r\n", 4096) = 106
1787728507.580551 read(11, "", 4096)    = 0
1787728507.617710 read(11, "@PS1,M,235117,17893842,969328,9505119,00000000*83A0\r\n", 4096) = 53
1787728507.619715 read(11, "", 4096)    = 0
1787728507.734900 read(11, "@PS1,M,235118,17893902,969491,9505054,00000000*F344\r\n", 4096) = 53
1787728507.738749 read(11, "", 4096)    = 0
1787728507.881890 read(11, "@PS1,M,235119,17894082,969463,9505019,00000000*9E68\r\n", 4096) = 53
1787728507.886005 read(11, "", 4096)    = 0
1787728507.916889 read(11, "@PS1,M,235120,17894142,969575,9505008,00000000*E1F7\r\n", 4096) = 53
1787728507.918820 read(11, "", 4096)    = 0
1787728508.027891 read(11, "@PS1,M,235121,17894203,969712,9504999,00000000*A185\r\n", 4096) = 53
1787728508.031767 read(11, "", 4096)    = 0
1787728508.045853 read(11, "@PS1,M,235122,17894263,969681,9504947,00000000*A57A\r\n", 4096) = 53
1787728508.048011 read(11, "", 4096)    = 0
1787728508.174467 read(11, "@PS1,M,235123,17894323,969601,9504959,00000000*CC7C\r\n@PS1,M,235124,17894383,969714,9504943,00000000*F418\r\n", 4096) = 106
1787728508.180540 read(11, "", 4096)    = 0
1787728508.216852 read(11, "@PS1,M,235125,17894444,969756,9504914,00000000*45E1\r\n", 4096) = 53
1787728508.218854 read(11, "", 4096)    = 0
1787728508.395864 read(11, "@PS1,M,235126,17894624,969900,9504912,00000000*E70E\r\n", 4096) = 53
1787728508.398149 read(11, "", 4096)    = 0
1787728508.541118 read(11, "@PS1,M,235127,17894684,969776,9504900,00000000*3C4E\r\n@PS1,M,235128,17894744,969930,9504863,00000000*C5D1\r\n", 4096) = 106
1787728508.546143 read(11, "", 4096)    = 0
1787728508.575217 read(11, "@PS1,M,235129,17894804,969883,9504854,00000000*BACF\r\n", 4096) = 53
1787728508.579091 read(11, "", 4096)    = 0
1787728508.710832 --- SIGCHLD {si_signo=SIGCHLD, si_code=CLD_EXITED, si_pid=52806, si_uid=1000, si_status=0, si_utime=0, si_stime=0} ---
1787728508.719634 read(11, "@PS1,M,235130,17894864,969833,9504849,00000000*8B1A\r\n@PS1,M,235131,17894924,969945,9504851,00000000*0ED5\r\n", 4096) = 106
1787728508.724811 read(11, "", 4096)    = 0
1787728508.880109 read(11, "@PS1,M,235132,17895104,969955,9504777,00000000*632C\r\n", 4096) = 53
1787728508.883971 read(11, "", 4096)    = 0
1787728508.933438 read(11, "@PS1,M,235133,17895164,969913,9504782,00000000*2794\r\n", 4096) = 53
1787728508.935784 read(11, "", 4096)    = 0
1787728509.055019 read(11, "@PS1,M,235134,17895224,969821,9504794,00000000*7166\r\n@PS1,M,235135,17895286,969789,9504759,00000000*9E79\r\n", 4096) = 106
1787728509.063611 read(11, "", 4096)    = 0
1787728509.113966 read(11, "@PS1,M,235136,17895346,969958,9504765,00000000*F4A2\r\n", 4096) = 53
1787728509.116040 read(11, "", 4096)    = 0
1787728509.228572 read(11, "@PS1,M,235137,17895406,969974,9504754,00000000*291B\r\n", 4096) = 53
1787728509.232507 read(11, "", 4096)    = 0
1787728509.233273 read(11, "@PS1,M,235138,17895466,969813,9504724,00000000*BDD1\r\n", 4096) = 53
1787728509.235318 read(11, "", 4096)    = 0
1787728509.412238 read(11, "@PS1,M,235139,17895646,969779,9504705,00000000*5CA1\r\n", 4096) = 53
1787728509.414853 read(11, "", 4096)    = 0
1787728509.471927 read(11, "@PS1,M,235140,17895706,969954,9504683,00000000*4F93\r\n", 4096) = 53
1787728509.474188 read(11, "", 4096)    = 0
1787728509.560474 read(11, "@PS1,M,235141,17895766,969866,9504724,00000000*A0D1\r\n", 4096) = 53
1787728509.564089 read(11, "", 4096)    = 0
1787728509.591487 read(11, "@PS1,M,235142,17895826,969833,9504704,00000000*727E\r\n", 4096) = 53
1787728509.594077 read(11, "", 4096)    = 0
1787728509.707907 read(11, "@PS1,M,235143,17895886,969940,9504690,00000000*4E4C\r\n", 4096) = 53
1787728509.711715 read(11, "", 4096)    = 0
1787728509.712542 read(11, "@PS1,M,235144,17895947,969795,9504707,00000000*3B9E\r\n", 4096) = 53
1787728509.714936 read(11, "", 4096)    = 0
1787728509.891343 read(11, "@PS1,M,235145,17896127,969759,9504683,00000000*6D35\r\n", 4096) = 53
1787728509.893689 read(11, "", 4096)    = 0
1787728510.036601 read(11, "@PS1,M,235146,17896187,969766,9504684,00000000*CD75\r\n@PS1,M,235147,17896248,969703,9504739,00000000*BCF2\r\n", 4096) = 106
1787728510.041804 read(11, "", 4096)    = 0
1787728510.070647 read(11, "@PS1,M,235148,17896308,969722,9504679,00000000*737A\r\n", 4096) = 53
1787728510.072718 read(11, "", 4096)    = 0
1787728510.186313 read(11, "@PS1,M,235149,17896368,969707,9504726,00000000*4639\r\n", 4096) = 53
1787728510.190622 read(11, "@PS1,M,235150,17896428,969684,9504683,00000000*81B6\r\n", 4096) = 53
1787728510.192855 read(11, "", 4096)    = 0
1787728510.249853 read(11, "@PS1,M,235151,17896488,969552,9504719,00000000*D3A1\r\n", 4096) = 53
1787728510.251955 read(11, "", 4096)    = 0
1787728510.429331 read(11, "@PS1,M,235152,17896668,969461,9504738,00000000*2F9C\r\n", 4096) = 53
1787728510.436237 read(11, "", 4096)    = 0
1787728510.489067 read(11, "@PS1,M,235153,17896728,969538,9504750,00000000*2E4B\r\n", 4096) = 53
1787728510.491747 read(11, "", 4096)    = 0
1787728510.581743 read(11, "@PS1,M,235154,17896788,969379,9504736,00000000*3652\r\n", 4096) = 53
1787728510.586115 read(11, "", 4096)    = 0
1787728510.608609 read(11, "@PS1,M,235155,17896848,969295,9504747,00000000*CFA3\r\n", 4096) = 53
1787728510.611725 read(11, "", 4096)    = 0
1787728510.730167 read(11, "@PS1,M,235156,17896908,969192,9504795,00000000*A447\r\n@PS1,M,235157,17896968,969388,9504806,00000000*8DF9\r\n", 4096) = 106
1787728510.735144 read(11, "", 4096)    = 0
1787728510.907453 read(11, "@PS1,M,235158,17897149,969289,9504829,00000000*79BE\r\n", 4096) = 53
1787728510.909726 read(11, "", 4096)    = 0
1787728511.052185 read(11, "@PS1,M,235159,17897209,969193,9504816,00000000*E45A\r\n@PS1,M,235160,17897269,968972,9504881,00000000*23D4\r\n", 4096) = 106
1787728511.057744 read(11, "", 4096)    = 0
1787728511.086673 read(11, "@PS1,M,235161,17897329,969129,9504910,00000000*22F4\r\n", 4096) = 53
1787728511.088997 read(11, "", 4096)    = 0
1787728511.213531 read(11, "@PS1,M,235162,17897390,969040,9504870,00000000*2BAF\r\n@PS1,M,235163,17897450,968883,9504946,00000000*C7FF\r\n", 4096) = 106
1787728511.218659 read(11, "", 4096)    = 0
1787728511.267119 read(11, "@PS1,M,235164,17897510,968961,9504909,00000000*11FF\r\n", 4096) = 53
1787728511.269657 read(11, "", 4096)    = 0
1787728511.446015 read(11, "@PS1,M,235165,17897690,968824,9505004,00000000*2962\r\n", 4096) = 53
1787728511.448222 read(11, "", 4096)    = 0
1787728511.592074 read(11, "@PS1,M,235166,17897750,968826,9505014,00000000*022B\r\n@PS1,M,235167,17897810,968785,9504978,00000000*8C0D\r\n", 4096) = 106
1787728511.597020 read(11, "", 4096)    = 0
1787728511.625393 read(11, "@PS1,M,235168,17897870,968704,9505059,00000000*E25B\r\n", 4096) = 53
1787728511.627805 read(11, "", 4096)    = 0
1787728511.740999 read(11, "@PS1,M,235169,17897930,968616,9505060,00000000*BCC5\r\n", 4096) = 53
1787728511.745217 read(11, "@PS1,M,235170,17897990,968679,9505062,00000000*A607\r\n", 4096) = 53
1787728511.747294 read(11, "", 4096)    = 0
1787728511.924412 read(11, "@PS1,M,235171,17898171,968540,9505115,00000000*EEFA\r\n", 4096) = 53
1787728511.926743 read(11, "", 4096)    = 0
1787728512.070634 read(11, "@PS1,M,235172,17898231,968391,9505127,00000000*190D\r\n@PS1,M,235173,17898291,968552,9505142,00000000*A81B\r\n", 4096) = 106
1787728512.075841 read(11, "", 4096)    = 0
1787728512.103627 read(11, "@PS1,M,235174,17898351,968417,9505154,00000000*2D42\r\n", 4096) = 53
1787728512.106076 read(11, "", 4096)    = 0
1787728512.220482 read(11, "@PS1,M,235175,17898411,968382,9505167,00000000*4508\r\n", 4096) = 53
1787728512.224321 read(11, "@PS1,M,235176,17898473,968310,9505161,00000000*6ED6\r\n", 4096) = 53
1787728512.226544 read(11, "", 4096)    = 0
1787728512.284073 read(11, "@PS1,M,235177,17898533,968274,9505172,00000000*3EC1\r\n", 4096) = 53
1787728512.286177 read(11, "", 4096)    = 0
1787728512.463583 read(11, "@PS1,M,235178,17898713,968256,9505223,00000000*A652\r\n", 4096) = 53
1787728512.465857 read(11, "", 4096)    = 0
1787728512.610059 read(11, "@PS1,M,235179,17898773,968219,9505228,00000000*5173\r\n@PS1,M,235180,17898833,968327,9505210,00000000*94D6\r\n", 4096) = 106
1787728512.616588 read(11, "", 4096)    = 0
1787728512.642867 read(11, "@PS1,M,235181,17898893,968272,9505264,00000000*5410\r\n", 4096) = 53
1787728512.645668 read(11, "", 4096)    = 0
1787728512.773568 read(11, "@PS1,M,235182,17898953,968264,9505256,00000000*2FD8\r\n@PS1,M,235183,17899013,968213,9505220,00000000*2831\r\n", 4096) = 106
1787728512.778742 read(11, "", 4096)    = 0
1787728512.941134 read(11, "@PS1,M,235184,17899193,968176,9505302,00000000*2D6D\r\n", 4096) = 53
1787728512.943927 read(11, "", 4096)    = 0
1787728513.000961 read(11, "@PS1,M,235185,17899253,968198,9505295,00000000*CC74\r\n", 4096) = 53
1787728513.003501 read(11, "", 4096)    = 0
1787728513.090140 read(11, "@PS1,M,235186,17899314,968189,9505301,00000000*CE1E\r\n", 4096) = 53
1787728513.093751 read(11, "", 4096)    = 0
1787728513.121579 read(11, "@PS1,M,235187,17899374,968221,9505298,00000000*4439\r\n", 4096) = 53
1787728513.123831 read(11, "", 4096)    = 0
1787728513.236178 read(11, "@PS1,M,235188,17899434,968094,9505287,00000000*FDCF\r\n", 4096) = 53
1787728513.240069 read(11, "", 4096)    = 0
1787728513.240976 read(11, "@PS1,M,235189,17899495,968229,9505292,00000000*3D88\r\n", 4096) = 53
1787728513.243310 read(11, "", 4096)    = 0
1787728513.383212 read(11, "@PS1,M,235190,17899555,968236,9505307,00000000*B45E\r\n", 4096) = 53
1787728513.387112 read(11, "", 4096)    = 0
1787728513.530339 read(11, "@PS1,M,235191,17899735,968161,9505324,00000000*F2EE\r\n", 4096) = 53
1787728513.534175 read(11, "", 4096)    = 0
1787728513.551172 read(11, "@PS1,M,235192,17899795,968337,9505332,00000000*6B9A\r\n", 4096) = 53
1787728513.554443 read(11, "", 4096)    = 0
1787728513.600906 read(11, "@PS1,M,235193,17899855,968271,9505328,00000000*A516\r\n", 4096) = 53
1787728513.604545 read(11, "", 4096)    = 0
1787728513.687020 --- SIGCHLD {si_signo=SIGCHLD, si_code=CLD_EXITED, si_pid=52825, si_uid=1000, si_status=0, si_utime=0, si_stime=0} ---
1787728513.700438 read(11, "@PS1,M,235194,17899915,968288,9505324,00000000*892F\r\n", 4096) = 53
1787728513.705265 read(11, "", 4096)    = 0
1787728513.720166 read(11, "@PS1,M,235195,17899975,968272,9505298,00000000*595D\r\n", 4096) = 53
1787728513.722536 read(11, "", 4096)    = 0
1787728513.849908 read(11, "@PS1,M,235196,17900035,968214,9505288,00000000*E015\r\n", 4096) = 53
1787728513.853796 read(11, "", 4096)    = 0
1787728513.995968 read(11, "@PS1,M,235197,17900216,968542,9505309,00000000*0080\r\n", 4096) = 53
1787728513.999856 read(11, "", 4096)    = 0
1787728514.018757 read(11, "@PS1,M,235198,17900276,968599,9505348,00000000*55B0\r\n", 4096) = 53
1787728514.021567 read(11, "", 4096)    = 0
1787728514.188673 read(11, "@PS1,M,235199,17900336,968554,9505312,00000000*7922\r\n@PS1,M,235200,17900396,968449,9505309,00000000*1340\r\n", 4096) = 106
1787728514.196908 read(11, "", 4096)    = 0
1787728514.213161 read(11, "@PS1,M,235201,17900456,968486,9505303,00000000*0A66\r\n", 4096) = 53
1787728514.215408 read(11, "", 4096)    = 0
1787728514.257620 read(11, "@PS1,M,235202,17900517,968483,9505292,00000000*695D\r\n", 4096) = 53
1787728514.259654 read(11, "", 4096)    = 0
1787728514.356007 read(11, "@PS1,M,235203,17900577,968605,9505317,00000000*B46A\r\n", 4096) = 53
1787728514.359827 read(11, "", 4096)    = 0
1787728514.503263 read(11, "@PS1,M,235204,17900757,968729,9505267,00000000*8071\r\n", 4096) = 53
1787728514.507531 read(11, "", 4096)    = 0
1787728514.556366 read(11, "@PS1,M,235205,17900817,968727,9505271,00000000*16ED\r\n", 4096) = 53
1787728514.558524 read(11, "", 4096)    = 0
1787728514.647777 read(11, "@PS1,M,235206,17900877,968867,9505268,00000000*FB7E\r\n", 4096) = 53
1787728514.651769 read(11, "", 4096)    = 0
1787728514.675842 read(11, "@PS1,M,235207,17900937,968779,9505225,00000000*20B3\r\n", 4096) = 53
1787728514.678890 read(11, "", 4096)    = 0
1787728514.794929 read(11, "@PS1,M,235208,17900997,968877,9505253,00000000*80E0\r\n", 4096) = 53
1787728514.799122 read(11, "@PS1,M,235209,17901057,968908,9505223,00000000*03C7\r\n", 4096) = 53
1787728514.801672 read(11, "", 4096)    = 0
1787728514.975329 read(11, "@PS1,M,235210,17901238,969154,9505208,00000000*CBED\r\n", 4096) = 53
1787728514.977607 read(11, "", 4096)    = 0
1787728515.120914 read(11, "@PS1,M,235211,17901298,969161,9505192,00000000*B589\r\n@PS1,M,235212,17901358,969193,9505217,00000000*89C9\r\n", 4096) = 106
1787728515.126097 read(11, "", 4096)    = 0
1787728515.154558 read(11, "@PS1,M,235213,17901418,969285,9505185,00000000*CFE4\r\n", 4096) = 53
1787728515.156589 read(11, "", 4096)    = 0
1787728515.269018 read(11, "@PS1,M,235214,17901478,969139,9505146,00000000*0D7C\r\n", 4096) = 53
1787728515.273218 read(11, "", 4096)    = 0
1787728515.273976 read(11, "@PS1,M,235215,17901538,969186,9505153,00000000*EC44\r\n", 4096) = 53
1787728515.276274 read(11, "", 4096)    = 0
1787728515.415255 read(11, "@PS1,M,235216,17901598,969339,9505186,00000000*4256\r\n", 4096) = 53
1787728515.419098 read(11, "", 4096)    = 0
1787728515.561430 read(11, "@PS1,M,235217,17901780,969464,9505109,00000000*4EE3\r\n", 4096) = 53
1787728515.565362 read(11, "", 4096)    = 0
1787728515.579413 read(11, "@PS1,M,235218,17901840,969509,9505090,00000000*1448\r\n", 4096) = 53
1787728515.581987 read(11, "", 4096)    = 0
1787728515.710439 read(11, "@PS1,M,235219,17901900,969764,9505086,00000000*D9A4\r\n@PS1,M,235220,17901960,969617,9505074,00000000*CE30\r\n", 4096) = 106
1787728515.715875 read(11, "", 4096)    = 0
1787728515.753003 read(11, "@PS1,M,235221,17902020,969533,9505059,00000000*3ADC\r\n", 4096) = 53
1787728515.755376 read(11, "", 4096)    = 0
1787728515.858641 read(11, "@PS1,M,235222,17902080,969770,9505051,00000000*9C9C\r\n", 4096) = 53
1787728515.863180 read(11, "", 4096)    = 0
1787728516.006712 read(11, "@PS1,M,235223,17902260,969863,9505018,00000000*5F79\r\n", 4096) = 53
1787728516.011090 read(11, "", 4096)    = 0
1787728516.051464 read(11, "@PS1,M,235224,17902320,969737,9505009,00000000*DB4A\r\n", 4096) = 53
1787728516.057990 read(11, "", 4096)    = 0
1787728516.167654 read(11, "@PS1,M,235225,17902380,969924,9504971,00000000*DC17\r\n", 4096) = 53
1787728516.171572 read(11, "", 4096)    = 0
1787728516.172175 read(11, "@PS1,M,235226,17902441,969877,9504968,00000000*BB32\r\n", 4096) = 53
1787728516.174402 read(11, "", 4096)    = 0
1787728516.314937 read(11, "@PS1,M,235227,17902501,969854,9504989,00000000*33E5\r\n@PS1,M,235228,17902561,969825,9504949,00000000*9613\r\n", 4096) = 106
1787728516.319893 read(11, "", 4096)    = 0
1787728516.351335 read(11, "@PS1,M,235229,17902621,969927,9504927,00000000*A9AA\r\n", 4096) = 53
1787728516.353767 read(11, "", 4096)    = 0
1787728516.530646 read(11, "@PS1,M,235230,17902802,969926,9504881,00000000*238B\r\n", 4096) = 53
1787728516.532817 read(11, "", 4096)    = 0
1787728516.676060 read(11, "@PS1,M,235231,17902862,969892,9504880,00000000*2EE4\r\n@PS1,M,235232,17902922,970072,9504883,00000000*111A\r\n", 4096) = 106
1787728516.681105 read(11, "", 4096)    = 0
1787728516.709885 read(11, "@PS1,M,235233,17902982,970092,9504850,00000000*1800\r\n", 4096) = 53
1787728516.711872 read(11, "", 4096)    = 0
1787728516.825592 read(11, "@PS1,M,235234,17903042,969974,9504844,00000000*3AC5\r\n", 4096) = 53
1787728516.829875 read(11, "@PS1,M,235235,17903102,969970,9504806,00000000*5D2A\r\n", 4096) = 53
1787728516.831886 read(11, "", 4096)    = 0
1787728517.008814 read(11, "@PS1,M,235236,17903282,970070,9504800,00000000*698E\r\n", 4096) = 53
1787728517.012018 read(11, "", 4096)    = 0
1787728517.068466 read(11, "@PS1,M,235237,17903342,970081,9504779,00000000*07E6\r\n", 4096) = 53
1787728517.070721 read(11, "", 4096)    = 0
1787728517.158093 read(11, "@PS1,M,235238,17903402,970079,9504756,00000000*146A\r\n", 4096) = 53
1787728517.161496 read(11, "", 4096)    = 0
1787728517.188053 read(11, "@PS1,M,235239,17903462,970027,9504768,00000000*77EF\r\n", 4096) = 53
1787728517.191011 read(11, "", 4096)    = 0
1787728517.304458 read(11, "@PS1,M,235240,17903522,969940,9504720,00000000*1BE7\r\n", 4096) = 53
1787728517.308328 read(11, "", 4096)    = 0
1787728517.309204 read(11, "@PS1,M,235241,17903584,969972,9504741,00000000*6DE7\r\n", 4096) = 53
1787728517.311339 read(11, "", 4096)    = 0
1787728517.455473 read(11, "@PS1,M,235242,17903644,969927,9504750,00000000*65F2\r\n", 4096) = 53
1787728517.459362 read(11, "", 4096)    = 0
1787728517.603599 read(11, "@PS1,M,235243,17903823,969945,9504701,00000000*CEB3\r\n", 4096) = 53
1787728517.607498 read(11, "@PS1,M,235244,17903883,970124,9504739,00000000*BD04\r\n", 4096) = 53
1787728517.610043 read(11, "", 4096)    = 0
1787728517.666467 read(11, "@PS1,M,235245,17903943,969904,9504695,00000000*16E4\r\n", 4096) = 53
1787728517.668741 read(11, "", 4096)    = 0
1787728517.766673 read(11, "@PS1,M,235246,17904005,969838,9504728,00000000*E80E\r\n", 4096) = 53
1787728517.770466 read(11, "", 4096)    = 0
1787728517.787166 read(11, "@PS1,M,235247,17904065,969974,9504680,00000000*9A69\r\n", 4096) = 53
1787728517.789497 read(11, "", 4096)    = 0
1787728517.914106 read(11, "@PS1,M,235248,17904125,969923,9504678,00000000*FC50\r\n", 4096) = 53
1787728517.917969 read(11, "", 4096)    = 0
1787728518.061262 read(11, "@PS1,M,235249,17904305,969786,9504708,00000000*1436\r\n", 4096) = 53
1787728518.065814 read(11, "", 4096)    = 0
1787728518.085883 read(11, "@PS1,M,235250,17904365,969859,9504704,00000000*42F5\r\n", 4096) = 53
1787728518.088328 read(11, "", 4096)    = 0
1787728518.208875 read(11, "@PS1,M,235251,17904425,969752,9504691,00000000*5A5B\r\n@PS1,M,235252,17904485,969626,9504728,00000000*965F\r\n", 4096) = 106
1787728518.214082 read(11, "", 4096)    = 0
1787728518.265363 read(11, "@PS1,M,235253,17904545,969647,9504718,00000000*D1BC\r\n", 4096) = 53
1787728518.267524 read(11, "", 4096)    = 0
1787728518.358594 read(11, "@PS1,M,235254,17904605,969674,9504743,00000000*9BB0\r\n", 4096) = 53
1787728518.362710 read(11, "", 4096)    = 0
1787728518.452506 read(11, "@PS1,M,235255,17904665,969710,9504748,00000000*0420\r\n", 4096) = 53
1787728518.456381 read(11, "", 4096)    = 0
1787728518.607096 read(11, "@PS1,M,235256,17904845,969559,9504767,00000000*F8CC\r\n", 4096) = 53
1787728518.611641 read(11, "", 4096)    = 0
1787728518.627262 read(11, "@PS1,M,235257,17904905,969558,9504759,00000000*5176\r\n", 4096) = 53
1787728518.630184 read(11, "", 4096)    = 0
1787728518.645989 --- SIGCHLD {si_signo=SIGCHLD, si_code=CLD_EXITED, si_pid=52843, si_uid=1000, si_status=0, si_utime=0, si_stime=0} ---
1787728518.755186 read(11, "@PS1,M,235258,17904965,969436,9504760,00000000*B0AB\r\n@PS1,M,235259,17905027,969473,9504799,00000000*4A56\r\n", 4096) = 106
1787728518.761342 read(11, "", 4096)    = 0
1787728518.804013 read(11, "@PS1,M,235260,17905087,969457,9504802,00000000*6BD6\r\n", 4096) = 53
1787728518.806090 read(11, "", 4096)    = 0
1787728518.915354 read(11, "@PS1,M,235261,17905147,969402,9504810,00000000*D0AB\r\n", 4096) = 53
1787728518.919302 read(11, "", 4096)    = 0
1787728519.062103 read(11, "@PS1,M,235262,17905327,969212,9504877,00000000*19B7\r\n", 4096) = 53
1787728519.066248 read(11, "", 4096)    = 0
1787728519.102425 read(11, "@PS1,M,235263,17905387,969197,9504893,00000000*CEEE\r\n", 4096) = 53
1787728519.104431 read(11, "", 4096)    = 0
1787728519.220843 read(11, "@PS1,M,235264,17905447,969229,9504863,00000000*247C\r\n", 4096) = 53
1787728519.228000 read(11, "@PS1,M,235265,17905507,969141,9504900,00000000*340D\r\n", 4096) = 53
1787728519.232186 read(11, "", 4096)    = 0
1787728519.281698 read(11, "@PS1,M,235266,17905567,969131,9504895,00000000*D8BB\r\n", 4096) = 53
1787728519.285174 read(11, "", 4096)    = 0
1787728519.433277 read(11, "@PS1,M,235267,17905627,968979,9504903,00000000*31C0\r\n@PS1,M,235268,17905687,969019,9504959,00000000*AB89\r\n", 4096) = 106
1787728519.438863 read(11, "", 4096)    = 0
1787728519.581670 read(11, "@PS1,M,235269,17905868,968909,9504963,00000000*A357\r\n", 4096) = 53
1787728519.586003 read(11, "", 4096)    = 0
1787728519.640487 read(11, "@PS1,M,235270,17905928,968727,9505014,00000000*4835\r\n", 4096) = 53
1787728519.642688 read(11, "", 4096)    = 0
1787728519.730089 read(11, "@PS1,M,235271,17905988,968785,9505026,00000000*C54C\r\n", 4096) = 53
1787728519.733716 read(11, "", 4096)    = 0
1787728519.760001 read(11, "@PS1,M,235272,17906048,968677,9505038,00000000*8EEF\r\n", 4096) = 53
1787728519.762255 read(11, "", 4096)    = 0
1787728519.871957 read(11, "@PS1,M,235273,17906109,968924,9505045,00000000*D18A\r\n", 4096) = 53
1787728519.875831 read(11, "", 4096)    = 0
1787728519.891688 read(11, "@PS1,M,235274,17906169,968687,9505083,00000000*65B2\r\n", 4096) = 53
1787728519.894395 read(11, "", 4096)    = 0
1787728520.059329 read(11, "@PS1,M,235275,17906349,968624,9505107,00000000*AB25\r\n", 4096) = 53
1787728520.061687 read(11, "", 4096)    = 0
1787728520.205099 read(11, "@PS1,M,235276,17906409,968577,9505132,00000000*96B2\r\n@PS1,M,235277,17906469,968523,9505137,00000000*7765\r\n", 4096) = 106
1787728520.210966 read(11, "", 4096)    = 0
1787728520.238548 read(11, "@PS1,M,235278,17906529,968428,9505166,00000000*9414\r\n", 4096) = 53
1787728520.240715 read(11, "", 4096)    = 0
1787728520.354695 read(11, "@PS1,M,235279,17906589,968439,9505170,00000000*F6A7\r\n", 4096) = 53
1787728520.358877 read(11, "", 4096)    = 0
1787728520.359430 read(11, "@PS1,M,235280,17906650,968495,9505182,00000000*F6E9\r\n", 4096) = 53
1787728520.361507 read(11, "", 4096)    = 0
1787728520.501913 read(11, "@PS1,M,235281,17906710,968410,9505180,00000000*A04E\r\n", 4096) = 53
1787728520.505727 read(11, "", 4096)    = 0
1787728520.649517 read(11, "@PS1,M,235282,17906890,968377,9505209,00000000*F87C\r\n", 4096) = 53
1787728520.653338 read(11, "", 4096)    = 0
1787728520.667455 read(11, "@PS1,M,235283,17906951,968316,9505209,00000000*82D1\r\n", 4096) = 53
1787728520.669923 read(11, "", 4096)    = 0
1787728520.796223 read(11, "@PS1,M,235284,17907011,968246,9505257,00000000*7E04\r\n@PS1,M,235285,17907071,968166,9505273,00000000*C448\r\n", 4096) = 106
1787728520.801806 read(11, "", 4096)    = 0
1787728520.837561 read(11, "@PS1,M,235286,17907131,968213,9505239,00000000*557C\r\n", 4096) = 53
1787728520.839592 read(11, "", 4096)    = 0
1787728520.943648 read(11, "@PS1,M,235287,17907191,968130,9505286,00000000*CC6A\r\n", 4096) = 53
1787728520.947326 read(11, "", 4096)    = 0
1787728521.091103 read(11, "@PS1,M,235288,17907371,968290,9505262,00000000*D5A1\r\n", 4096) = 53
1787728521.095016 read(11, "", 4096)    = 0
1787728521.135776 read(11, "@PS1,M,235289,17907431,968292,9505330,00000000*16C2\r\n", 4096) = 53
1787728521.138142 read(11, "", 4096)    = 0
1787728521.237920 read(11, "@PS1,M,235290,17907491,968334,9505309,00000000*63B2\r\n", 4096) = 53
1787728521.242049 read(11, "", 4096)    = 0
1787728521.256445 read(11, "@PS1,M,235291,17907552,968142,9505339,00000000*AF21\r\n", 4096) = 53
1787728521.258646 read(11, "", 4096)    = 0
1787728521.385595 read(11, "@PS1,M,235292,17907612,968266,9505311,00000000*5D96\r\n@PS1,M,235293,17907672,968313,9505338,00000000*9211\r\n", 4096) = 106
1787728521.390738 read(11, "", 4096)    = 0
1787728521.435641 read(11, "@PS1,M,235294,17907732,968305,9505310,00000000*C62A\r\n", 4096) = 53
1787728521.438127 read(11, "", 4096)    = 0
1787728521.614218 read(11, "@PS1,M,235295,17907912,968383,9505327,00000000*3252\r\n", 4096) = 53
1787728521.620620 read(11, "", 4096)    = 0
1787728521.675152 read(11, "@PS1,M,235296,17907973,968092,9505334,00000000*03F0\r\n", 4096) = 53
1787728521.677327 read(11, "", 4096)    = 0
1787728521.768361 read(11, "@PS1,M,235297,17908033,968367,9505321,00000000*9573\r\n", 4096) = 53
1787728521.772269 read(11, "", 4096)    = 0
1787728521.794685 read(11, "@PS1,M,235298,17908093,968307,9505346,00000000*A207\r\n", 4096) = 53
1787728521.797559 read(11, "", 4096)    = 0
1787728521.915999 read(11, "@PS1,M,235299,17908153,968364,9505335,00000000*F52F\r\n@PS1,M,235300,17908213,968323,9505318,00000000*B137\r\n", 4096) = 106
1787728521.921184 read(11, "", 4096)    = 0
1787728522.093107 read(11, "@PS1,M,235301,17908393,968529,9505342,00000000*AA90\r\n", 4096) = 53
1787728522.095558 read(11, "", 4096)    = 0
1787728522.239666 read(11, "@PS1,M,235302,17908453,968476,9505288,00000000*10F3\r\n@PS1,M,235303,17908513,968491,9505319,00000000*9A6A\r\n", 4096) = 106
1787728522.245535 read(11, "", 4096)    = 0
1787728522.272304 read(11, "@PS1,M,235304,17908574,968642,9505348,00000000*E49B\r\n", 4096) = 53
1787728522.275175 read(11, "", 4096)    = 0
1787728522.400570 read(11, "@PS1,M,235305,17908634,968582,9505305,00000000*895A\r\n@PS1,M,235306,17908695,968612,9505260,00000000*23EB\r\n", 4096) = 106
1787728522.405761 read(11, "", 4096)    = 0
1787728522.452701 read(11, "@PS1,M,235307,17908755,968577,9505298,00000000*73F8\r\n", 4096) = 53
1787728522.454766 read(11, "", 4096)    = 0
1787728522.632170 read(11, "@PS1,M,235308,17908935,968736,9505278,00000000*BBBF\r\n", 4096) = 53
1787728522.634485 read(11, "", 4096)    = 0
1787728522.777526 read(11, "@PS1,M,235309,17908995,968833,9505298,00000000*3A98\r\n@PS1,M,235310,17909055,968945,9505274,00000000*E3C1\r\n", 4096) = 106
1787728522.784475 read(11, "", 4096)    = 0
1787728522.811402 read(11, "@PS1,M,235311,17909115,968774,9505231,00000000*EA51\r\n", 4096) = 53
1787728522.813677 read(11, "", 4096)    = 0
1787728522.939507 read(11, "@PS1,M,235312,17909176,968887,9505263,00000000*8191\r\n@PS1,M,235313,17909236,969079,9505225,00000000*A2C5\r\n", 4096) = 106
1787728522.945077 read(11, "", 4096)    = 0
1787728523.110632 read(11, "@PS1,M,235314,17909416,969024,9505226,00000000*A7DC\r\n", 4096) = 53
1787728523.113256 read(11, "", 4096)    = 0
1787728523.170288 read(11, "@PS1,M,235315,17909476,969108,9505212,00000000*AF77\r\n", 4096) = 53
1787728523.172685 read(11, "", 4096)    = 0
1787728523.259138 read(11, "@PS1,M,235316,17909536,969234,9505208,00000000*FE0C\r\n", 4096) = 53
1787728523.263697 read(11, "", 4096)    = 0
1787728523.290232 read(11, "@PS1,M,235317,17909596,969155,9505177,00000000*2910\r\n", 4096) = 53
1787728523.293347 read(11, "", 4096)    = 0
1787728523.406363 read(11, "@PS1,M,235318,17909656,969227,9505173,00000000*C859\r\n", 4096) = 53
1787728523.410243 read(11, "@PS1,M,235319,17909717,969258,9505180,00000000*9431\r\n", 4096) = 53
1787728523.412736 read(11, "", 4096)    = 0
1787728523.468976 read(11, "@PS1,M,235320,17909777,969405,9505105,00000000*636F\r\n", 4096) = 53
1787728523.470930 read(11, "", 4096)    = 0
1787728523.649179 read(11, "@PS1,M,235321,17909958,969343,9505115,00000000*BEA9\r\n", 4096) = 53
1787728523.652095 read(11, "", 4096)    = 0
1787728523.708938 read(11, "@PS1,M,235322,17910018,969473,9505106,00000000*561B\r\n", 4096) = 53
1787728523.711780 read(11, "", 4096)    = 0
1787728523.714599 --- SIGCHLD {si_signo=SIGCHLD, si_code=CLD_EXITED, si_pid=52861, si_uid=1000, si_status=0, si_utime=0, si_stime=0} ---
1787728523.799589 read(11, "@PS1,M,235323,17910078,969375,9505119,00000000*151E\r\n", 4096) = 53
1787728523.803240 read(11, "", 4096)    = 0
1787728523.828393 read(11, "@PS1,M,235324,17910138,969591,9505073,00000000*2A55\r\n", 4096) = 53
1787728523.831029 read(11, "", 4096)    = 0
1787728523.947042 read(11, "@PS1,M,235325,17910198,969614,9505035,00000000*21BB\r\n", 4096) = 53
1787728523.950957 read(11, "@PS1,M,235326,17910258,969565,9505041,00000000*1847\r\n", 4096) = 53
1787728523.953037 read(11, "", 4096)    = 0
1787728524.126715 read(11, "@PS1,M,235327,17910438,969794,9504996,00000000*79A1\r\n", 4096) = 53
1787728524.129197 read(11, "", 4096)    = 0
1787728524.272398 read(11, "@PS1,M,235328,17910498,969642,9504949,00000000*0983\r\n@PS1,M,235329,17910558,969914,9504982,00000000*89A2\r\n", 4096) = 106
1787728524.279788 read(11, "", 4096)    = 0
1787728524.305981 read(11, "@PS1,M,235330,17910618,969895,9504909,00000000*71C4\r\n", 4096) = 53
1787728524.308040 read(11, "", 4096)    = 0
1787728524.463373 read(11, "@PS1,M,235331,17910679,969731,9504959,00000000*0158\r\n@PS1,M,235332,17910739,970035,9504926,00000000*415C\r\n", 4096) = 106
1787728524.470882 read(11, "", 4096)    = 0
1787728524.493740 read(11, "@PS1,M,235333,17910799,969876,9504888,00000000*1C07\r\n", 4096) = 53
1787728524.497732 read(11, "", 4096)    = 0
1787728524.665905 read(11, "@PS1,M,235334,17910980,969973,9504870,00000000*3C91\r\n", 4096) = 53
1787728524.668485 read(11, "", 4096)    = 0
1787728524.725587 read(11, "@PS1,M,235335,17911040,970109,9504857,00000000*D586\r\n", 4096) = 53
1787728524.727750 read(11, "", 4096)    = 0
1787728524.815002 read(11, "@PS1,M,235336,17911100,970044,9504845,00000000*6FFE\r\n", 4096) = 53
1787728524.818637 read(11, "", 4096)    = 0
1787728524.845198 read(11, "@PS1,M,235337,17911160,969799,9504822,00000000*CF76\r\n", 4096) = 53
1787728524.847687 read(11, "", 4096)    = 0
1787728524.961922 read(11, "@PS1,M,235338,17911220,970040,9504852,00000000*F5B2\r\n", 4096) = 53
1787728524.965783 read(11, "@PS1,M,235339,17911280,969933,9504805,00000000*4212\r\n", 4096) = 53
1787728524.968270 read(11, "", 4096)    = 0
1787728525.144005 read(11, "@PS1,M,235340,17911460,969957,9504775,00000000*E114\r\n", 4096) = 53
1787728525.146484 read(11, "", 4096)    = 0
1787728525.289989 read(11, "@PS1,M,235341,17911520,970071,9504756,00000000*BB44\r\n@PS1,M,235342,17911580,970024,9504773,00000000*8011\r\n", 4096) = 106
1787728525.295452 read(11, "", 4096)    = 0
1787728525.323235 read(11, "@PS1,M,235343,17911641,970097,9504748,00000000*A573\r\n", 4096) = 53
1787728525.325313 read(11, "", 4096)    = 0
1787728525.439272 read(11, "@PS1,M,235344,17911701,969960,9504730,00000000*031B\r\n", 4096) = 53
1787728525.443488 read(11, "@PS1,M,235345,17911761,970137,9504713,00000000*FB53\r\n", 4096) = 53
1787728525.445730 read(11, "", 4096)    = 0
1787728525.502493 read(11, "@PS1,M,235346,17911821,970051,9504700,00000000*A708\r\n", 4096) = 53
1787728525.504885 read(11, "", 4096)    = 0
1787728525.682459 read(11, "@PS1,M,235347,17912002,970080,9504713,00000000*E417\r\n", 4096) = 53
1787728525.685145 read(11, "", 4096)    = 0
1787728525.829394 read(11, "@PS1,M,235348,17912062,970035,9504711,00000000*4424\r\n@PS1,M,235349,17912122,969928,9504671,00000000*7E94\r\n", 4096) = 106
1787728525.836011 read(11, "", 4096)    = 0
1787728525.861797 read(11, "@PS1,M,235350,17912182,969878,9504693,00000000*7125\r\n", 4096) = 53
1787728525.863926 read(11, "", 4096)    = 0
1787728525.991153 read(11, "@PS1,M,235351,17912242,970072,9504666,00000000*F24F\r\n@PS1,M,235352,17912302,970031,9504684,00000000*073C\r\n", 4096) = 106
1787728525.996268 read(11, "", 4096)    = 0
1787728526.160820 read(11, "@PS1,M,235353,17912482,969824,9504729,00000000*5F9D\r\n", 4096) = 53
1787728526.163421 read(11, "", 4096)    = 0
1787728526.307289 read(11, "@PS1,M,235354,17912542,969854,9504708,00000000*F9E1\r\n@PS1,M,235355,17912603,969764,9504710,00000000*5BBE\r\n", 4096) = 106
1787728526.312970 read(11, "", 4096)    = 0
1787728526.340040 read(11, "@PS1,M,235356,17912663,969781,9504734,00000000*4FFB\r\n", 4096) = 53
1787728526.342265 read(11, "", 4096)    = 0
1787728526.456872 read(11, "@PS1,M,235357,17912723,969724,9504728,00000000*54FE\r\n", 4096) = 53
1787728526.460758 read(11, "@PS1,M,235358,17912783,969706,9504714,00000000*A95C\r\n", 4096) = 53
1787728526.462899 read(11, "", 4096)    = 0
1787728526.519248 read(11, "@PS1,M,235359,17912843,969628,9504732,00000000*ED3B\r\n", 4096) = 53
1787728526.521758 read(11, "", 4096)    = 0
1787728526.699029 read(11, "@PS1,M,235360,17913023,969422,9504760,00000000*12A2\r\n", 4096) = 53
1787728526.701309 read(11, "", 4096)    = 0
1787728526.844729 read(11, "@PS1,M,235361,17913084,969417,9504776,00000000*E484\r\n@PS1,M,235362,17913144,969347,9504811,00000000*0733\r\n", 4096) = 106
1787728526.849857 read(11, "", 4096)    = 0
1787728526.878285 read(11, "@PS1,M,235363,17913204,969399,9504822,00000000*0BFA\r\n", 4096) = 53
1787728526.880306 read(11, "", 4096)    = 0
1787728526.993303 read(11, "@PS1,M,235364,17913264,969383,9504815,00000000*8D74\r\n", 4096) = 53
1787728526.997557 read(11, "@PS1,M,235365,17913324,969314,9504811,00000000*8630\r\n", 4096) = 53
1787728526.999669 read(11, "", 4096)    = 0
1787728527.177187 read(11, "@PS1,M,235366,17913504,969123,9504891,00000000*4EF4\r\n", 4096) = 53
1787728527.179533 read(11, "", 4096)    = 0
1787728527.323322 read(11, "@PS1,M,235367,17913564,969201,9504899,00000000*4336\r\n@PS1,M,235368,17913624,969028,9504914,00000000*4789\r\n", 4096) = 106
1787728527.329167 read(11, "", 4096)    = 0
1787728527.357742 read(11, "@PS1,M,235369,17913685,969105,9504934,00000000*2DB0\r\n", 4096) = 53
1787728527.364456 read(11, "", 4096)    = 0
1787728527.474243 read(11, "@PS1,M,235370,17913746,969050,9504964,00000000*24F6\r\n", 4096) = 53
1787728527.478084 read(11, "@PS1,M,235371,17913806,968969,9504920,00000000*3AC7\r\n", 4096) = 53
1787728527.480122 read(11, "", 4096)    = 0
1787728527.536909 read(11, "@PS1,M,235372,17913866,969082,9504979,00000000*2373\r\n", 4096) = 53
1787728527.538902 read(11, "", 4096)    = 0
1787728527.715997 read(11, "@PS1,M,235373,17914046,968730,9505018,00000000*2FF4\r\n", 4096) = 53
1787728527.718322 read(11, "", 4096)    = 0
1787728527.863925 read(11, "@PS1,M,235374,17914106,968752,9505009,00000000*EC83\r\n@PS1,M,235375,17914166,968732,9505043,00000000*8805\r\n", 4096) = 106
1787728527.869481 read(11, "", 4096)    = 0
1787728527.895256 read(11, "@PS1,M,235376,17914226,968699,9505101,00000000*E610\r\n", 4096) = 53
1787728527.897632 read(11, "", 4096)    = 0
1787728528.026759 read(11, "@PS1,M,235377,17914286,968706,9505080,00000000*B5ED\r\n@PS1,M,235378,17914346,968581,9505107,00000000*F158\r\n", 4096) = 106
1787728528.031842 read(11, "", 4096)    = 0
1787728528.194685 read(11, "@PS1,M,235379,17914527,968612,9505100,00000000*82C4\r\n", 4096) = 53
1787728528.197841 read(11, "", 4096)    = 0
1787728528.254227 read(11, "@PS1,M,235380,17914587,968547,9505133,00000000*E914\r\n", 4096) = 53
1787728528.256349 read(11, "", 4096)    = 0
1787728528.344448 read(11, "@PS1,M,235381,17914647,968527,9505153,00000000*FD04\r\n", 4096) = 53
1787728528.348464 read(11, "", 4096)    = 0
1787728528.373908 read(11, "@PS1,M,235382,17914707,968465,9505218,00000000*EF59\r\n", 4096) = 53
1787728528.376469 read(11, "", 4096)    = 0
1787728528.489263 read(11, "@PS1,M,235383,17914767,968392,9505182,00000000*932D\r\n", 4096) = 53
1787728528.493183 read(11, "@PS1,M,235384,17914827,968375,9505226,00000000*090D\r\n", 4096) = 53
1787728528.495733 read(11, "", 4096)    = 0
1787728528.553939 read(11, "@PS1,M,235385,17914887,968353,9505216,00000000*3A67\r\n", 4096) = 53
1787728528.556294 read(11, "", 4096)    = 0
1787728528.648943 --- SIGCHLD {si_signo=SIGCHLD, si_code=CLD_EXITED, si_pid=52879, si_uid=1000, si_status=0, si_utime=0, si_stime=0} ---
1787728528.733065 read(11, "@PS1,M,235386,17915068,968241,9505228,00000000*742B\r\n", 4096) = 53
1787728528.735311 read(11, "", 4096)    = 0
1787728528.879689 read(11, "@PS1,M,235387,17915128,968217,9505263,00000000*5089\r\n@PS1,M,235388,17915188,968239,9505276,00000000*295E\r\n", 4096) = 106
1787728528.885137 read(11, "", 4096)    = 0
1787728528.912346 read(11, "@PS1,M,235389,17915248,968238,9505266,00000000*00C2\r\n", 4096) = 53
1787728528.914669 read(11, "", 4096)    = 0
1787728529.041999 read(11, "@PS1,M,235390,17915308,968281,9505280,00000000*1D7B\r\n@PS1,M,235391,17915368,968184,9505288,00000000*4C73\r\n", 4096) = 106
1787728529.047010 read(11, "", 4096)    = 0
1787728529.210845 read(11, "@PS1,M,235392,17915548,968303,9505302,00000000*F13D\r\n", 4096) = 53
1787728529.213165 read(11, "", 4096)    = 0
1787728529.357792 read(11, "@PS1,M,235393,17915608,968345,9505295,00000000*EEC7\r\n@PS1,M,235394,17915670,968285,9505288,00000000*CF19\r\n", 4096) = 106
1787728529.363690 read(11, "", 4096)    = 0
1787728529.391244 read(11, "@PS1,M,235395,17915730,968324,9505311,00000000*7283\r\n", 4096) = 53
1787728529.393692 read(11, "", 4096)    = 0
1787728529.512537 read(11, "@PS1,M,235396,17915790,968378,9505309,00000000*B849\r\n@PS1,M,235397,17915850,968326,9505338,00000000*3731\r\n", 4096) = 106
1787728529.519906 read(11, "", 4096)    = 0
1787728529.570578 read(11, "@PS1,M,235398,17915910,968376,9505301,00000000*3D51\r\n", 4096) = 53
1787728529.573924 read(11, "", 4096)    = 0
1787728529.749743 read(11, "@PS1,M,235399,17916090,968401,9505328,00000000*865D\r\n", 4096) = 53
1787728529.752761 read(11, "", 4096)    = 0
1787728529.809352 read(11, "@PS1,M,235400,17916150,968578,9505318,00000000*CAE8\r\n", 4096) = 53
1787728529.811526 read(11, "", 4096)    = 0
1787728529.898179 read(11, "@PS1,M,235401,17916210,968524,9505352,00000000*AAEF\r\n", 4096) = 53
1787728529.901752 read(11, "", 4096)    = 0
1787728529.928947 read(11, "@PS1,M,235402,17916270,968455,9505342,00000000*E050\r\n", 4096) = 53
1787728529.931091 read(11, "", 4096)    = 0
1787728530.044869 read(11, "@PS1,M,235403,17916330,968283,9505287,00000000*7169\r\n", 4096) = 53
1787728530.048735 read(11, "@PS1,M,235404,17916390,968484,9505290,00000000*6773\r\n", 4096) = 53
1787728530.051317 read(11, "", 4096)    = 0
1787728530.228323 read(11, "@PS1,M,235405,17916571,968444,9505288,00000000*611D\r\n", 4096) = 53
1787728530.230656 read(11, "", 4096)    = 0
1787728530.373986 read(11, "@PS1,M,235406,17916631,968769,9505305,00000000*51CC\r\n@PS1,M,235407,17916691,968561,9505281,00000000*2060\r\n", 4096) = 106
1787728530.379327 read(11, "", 4096)    = 0
1787728530.407533 read(11, "@PS1,M,235408,17916751,968718,9505317,00000000*8873\r\n", 4096) = 53
1787728530.409629 read(11, "", 4096)    = 0
1787728530.523049 read(11, "@PS1,M,235409,17916811,968816,9505297,00000000*2142\r\n", 4096) = 53
1787728530.527724 read(11, "@PS1,M,235410,17916871,968702,9505286,00000000*0ECF\r\n", 4096) = 53
1787728530.529738 read(11, "", 4096)    = 0
1787728530.586762 read(11, "@PS1,M,235411,17916931,968735,9505306,00000000*3564\r\n", 4096) = 53
1787728530.588834 read(11, "", 4096)    = 0
1787728530.766387 read(11, "@PS1,M,235412,17917112,968966,9505242,00000000*E1D7\r\n", 4096) = 53
1787728530.768675 read(11, "", 4096)    = 0
1787728530.912923 read(11, "@PS1,M,235413,17917172,969024,9505265,00000000*FD3E\r\n@PS1,M,235414,17917232,969040,9505206,00000000*E356\r\n", 4096) = 106
1787728530.918573 read(11, "", 4096)    = 0
1787728530.945637 read(11, "@PS1,M,235415,17917292,969008,9505242,00000000*413F\r\n", 4096) = 53
1787728530.947867 read(11, "", 4096)    = 0
1787728531.062935 read(11, "@PS1,M,235416,17917352,969173,9505191,00000000*231D\r\n", 4096) = 53
1787728531.066841 read(11, "@PS1,M,235417,17917412,969207,9505193,00000000*0E2B\r\n", 4096) = 53
1787728531.068915 read(11, "", 4096)    = 0
1787728531.245163 read(11, "@PS1,M,235418,17917593,969334,9505173,00000000*3CDB\r\n", 4096) = 53
1787728531.247629 read(11, "", 4096)    = 0
1787728531.391725 read(11, "@PS1,M,235419,17917653,969360,9505129,00000000*4657\r\n@PS1,M,235420,17917713,969470,9505155,00000000*CEE4\r\n", 4096) = 106
1787728531.398347 read(11, "", 4096)    = 0
1787728531.424380 read(11, "@PS1,M,235421,17917773,969442,9505099,00000000*1E65\r\n", 4096) = 53
1787728531.426508 read(11, "", 4096)    = 0
1787728531.553523 read(11, "@PS1,M,235422,17917834,969453,9505091,00000000*56A7\r\n@PS1,M,235423,17917894,969425,9505103,00000000*2C0F\r\n", 4096) = 106
1787728531.558841 read(11, "", 4096)    = 0
1787728531.603588 read(11, "@PS1,M,235424,17917954,969526,9505070,00000000*D15C\r\n", 4096) = 53
1787728531.606185 read(11, "", 4096)    = 0
1787728531.783808 read(11, "@PS1,M,235425,17918135,969621,9505040,00000000*674F\r\n", 4096) = 53
1787728531.786199 read(11, "", 4096)    = 0
1787728531.929776 read(11, "@PS1,M,235426,17918195,969658,9505039,00000000*9FBD\r\n@PS1,M,235427,17918255,969718,9504992,00000000*47F2\r\n", 4096) = 106
1787728531.934909 read(11, "", 4096)    = 0
1787728531.963085 read(11, "@PS1,M,235428,17918315,969812,9504968,00000000*AD18\r\n", 4096) = 53
1787728531.965200 read(11, "", 4096)    = 0
1787728532.078109 read(11, "@PS1,M,235429,17918375,969845,9504987,00000000*8B06\r\n", 4096) = 53
1787728532.082413 read(11, "@PS1,M,235430,17918435,969806,9504985,00000000*BCA9\r\n", 4096) = 53
1787728532.084704 read(11, "", 4096)    = 0
1787728532.262073 read(11, "@PS1,M,235431,17918616,969888,9504904,00000000*2001\r\n", 4096) = 53
1787728532.264378 read(11, "", 4096)    = 0
1787728532.407654 read(11, "@PS1,M,235432,17918676,969820,9504903,00000000*9CDE\r\n@PS1,M,235433,17918736,969881,9504925,00000000*9B47\r\n", 4096) = 106
1787728532.413061 read(11, "", 4096)    = 0
1787728532.441233 read(11, "@PS1,M,235434,17918796,969947,9504892,00000000*2C1C\r\n", 4096) = 53
1787728532.443673 read(11, "", 4096)    = 0
1787728532.556684 read(11, "@PS1,M,235435,17918856,969835,9504887,00000000*3686\r\n", 4096) = 53
1787728532.561009 read(11, "@PS1,M,235436,17918916,970007,9504848,00000000*EBB2\r\n", 4096) = 53
1787728532.562976 read(11, "", 4096)    = 0
1787728532.620474 read(11, "@PS1,M,235437,17918976,969946,9504861,00000000*6C73\r\n", 4096) = 53
1787728532.622520 read(11, "", 4096)    = 0
1787728532.800332 read(11, "@PS1,M,235438,17919157,969902,9504807,00000000*9147\r\n", 4096) = 53
1787728532.802571 read(11, "", 4096)    = 0
1787728532.945260 read(11, "@PS1,M,235439,17919217,970008,9504823,00000000*50F6\r\n@PS1,M,235440,17919277,969933,9504788,00000000*07E5\r\n", 4096) = 106
1787728532.951093 read(11, "", 4096)    = 0
1787728532.979599 read(11, "@PS1,M,235441,17919337,969942,9504791,00000000*2809\r\n", 4096) = 53
1787728532.981825 read(11, "", 4096)    = 0
1787728533.108216 read(11, "@PS1,M,235442,17919397,969989,9504740,00000000*8AF0\r\n@PS1,M,235443,17919457,969898,9504733,00000000*5D63\r\n", 4096) = 106
1787728533.113782 read(11, "", 4096)    = 0
1787728533.281729 read(11, "@PS1,M,235444,17919637,969975,9504717,00000000*F7E0\r\n", 4096) = 53
1787728533.284979 read(11, "", 4096)    = 0
1787728533.338110 read(11, "@PS1,M,235445,17919697,969948,9504714,00000000*22BD\r\n", 4096) = 53
1787728533.340370 read(11, "", 4096)    = 0
1787728533.429388 read(11, "@PS1,M,235446,17919757,970003,9504743,00000000*F25A\r\n", 4096) = 53
1787728533.433486 read(11, "", 4096)    = 0
1787728533.524900 read(11, "@PS1,M,235447,17919817,969996,9504746,00000000*4D2E\r\n@PS1,M,235448,17919877,969929,9504713,00000000*79C5\r\n", 4096) = 106
1787728533.531597 read(11, "", 4096)    = 0
1787728533.577197 read(11, "@PS1,M,235449,17919938,969806,9504720,00000000*F5AC\r\n", 4096) = 53
1787728533.580569 read(11, "", 4096)    = 0
1787728533.684600 --- SIGCHLD {si_signo=SIGCHLD, si_code=CLD_EXITED, si_pid=52897, si_uid=1000, si_status=0, si_utime=0, si_stime=0} ---
1787728533.701544 read(11, "@PS1,M,235450,17919998,969801,9504720,00000000*248B\r\n", 4096) = 53
1787728533.705408 read(11, "", 4096)    = 0
1787728533.850569 read(11, "@PS1,M,235451,17920178,969811,9504717,00000000*5217\r\n", 4096) = 53
1787728533.854423 read(11, "", 4096)    = 0
1787728533.876654 read(11, "@PS1,M,235452,17920239,969800,9504717,00000000*23AF\r\n", 4096) = 53
1787728533.879650 read(11, "", 4096)    = 0
1787728533.998039 read(11, "@PS1,M,235453,17920299,969718,9504677,00000000*2C95\r\n@PS1,M,235454,17920359,969712,9504733,00000000*812B\r\n", 4096) = 106
1787728534.004222 read(11, "", 4096)    = 0
1787728534.055810 read(11, "@PS1,M,235455,17920419,969720,9504731,00000000*BA33\r\n", 4096) = 53
1787728534.058259 read(11, "", 4096)    = 0
1787728534.159793 read(11, "@PS1,M,235456,17920479,969773,9504741,00000000*6897\r\n", 4096) = 53
1787728534.164426 read(11, "", 4096)    = 0
1787728534.307212 read(11, "@PS1,M,235457,17920659,969615,9504741,00000000*47CA\r\n", 4096) = 53
1787728534.311118 read(11, "", 4096)    = 0
1787728534.354613 read(11, "@PS1,M,235458,17920719,969534,9504767,00000000*57A9\r\n", 4096) = 53
1787728534.356714 read(11, "", 4096)    = 0
1787728534.456645 read(11, "@PS1,M,235459,17920779,969571,9504759,00000000*1B2E\r\n", 4096) = 53
1787728534.461251 read(11, "", 4096)    = 0
1787728534.475314 read(11, "@PS1,M,235460,17920840,969661,9504752,00000000*9960\r\n", 4096) = 53
1787728534.477660 read(11, "", 4096)    = 0
1787728534.605035 read(11, "@PS1,M,235461,17920900,969466,9504780,00000000*EF5C\r\n@PS1,M,235462,17920961,969435,9504775,00000000*18B2\r\n", 4096) = 106
1787728534.610068 read(11, "", 4096)    = 0
1787728534.654580 read(11, "@PS1,M,235463,17921021,969312,9504789,00000000*370D\r\n", 4096) = 53
1787728534.656667 read(11, "", 4096)    = 0
1787728534.833651 read(11, "@PS1,M,235464,17921201,969294,9504875,00000000*6B7D\r\n", 4096) = 53
1787728534.836241 read(11, "", 4096)    = 0
1787728534.979697 read(11, "@PS1,M,235465,17921261,969232,9504861,00000000*67C4\r\n@PS1,M,235466,17921321,969168,9504885,00000000*609C\r\n", 4096) = 106
1787728534.984760 read(11, "", 4096)    = 0
1787728535.012925 read(11, "@PS1,M,235467,17921381,969144,9504884,00000000*4565\r\n", 4096) = 53
1787728535.015590 read(11, "", 4096)    = 0
1787728535.128044 read(11, "@PS1,M,235468,17921441,969072,9504916,00000000*2867\r\n", 4096) = 53
1787728535.131831 read(11, "", 4096)    = 0
1787728535.132369 read(11, "@PS1,M,235469,17921501,968956,9504952,00000000*CDD4\r\n", 4096) = 53
1787728535.134821 read(11, "", 4096)    = 0
1787728535.312013 read(11, "@PS1,M,235470,17921681,968803,9505023,00000000*230C\r\n", 4096) = 53
1787728535.314378 read(11, "", 4096)    = 0
1787728535.457991 read(11, "@PS1,M,235471,17921742,968799,9504994,00000000*2765\r\n@PS1,M,235472,17921802,968780,9505024,00000000*9B64\r\n", 4096) = 106
1787728535.463307 read(11, "", 4096)    = 0
1787728535.491188 read(11, "@PS1,M,235473,17921862,968691,9505046,00000000*EA87\r\n", 4096) = 53
1787728535.493317 read(11, "", 4096)    = 0
1787728535.607940 read(11, "@PS1,M,235474,17921922,968595,9505043,00000000*E6BD\r\n", 4096) = 53
1787728535.612114 read(11, "@PS1,M,235475,17921982,968654,9505079,00000000*9B28\r\n", 4096) = 53
1787728535.614319 read(11, "", 4096)    = 0
1787728535.670414 read(11, "@PS1,M,235476,17922042,968660,9505112,00000000*D545\r\n", 4096) = 53
1787728535.672697 read(11, "", 4096)    = 0
1787728535.850505 read(11, "@PS1,M,235477,17922223,968441,9505142,00000000*417B\r\n", 4096) = 53
1787728535.852929 read(11, "", 4096)    = 0
1787728535.996290 read(11, "@PS1,M,235478,17922283,968470,9505141,00000000*4CFF\r\n@PS1,M,235479,17922343,968403,9505195,00000000*DB0F\r\n", 4096) = 106
1787728536.001976 read(11, "", 4096)    = 0
1787728536.029771 read(11, "@PS1,M,235480,17922403,968480,9505170,00000000*3055\r\n", 4096) = 53
1787728536.031835 read(11, "", 4096)    = 0
1787728536.156292 read(11, "@PS1,M,235481,17922463,968473,9505216,00000000*58D2\r\n@PS1,M,235482,17922523,968409,9505233,00000000*31CC\r\n", 4096) = 106
1787728536.161507 read(11, "", 4096)    = 0
1787728536.328729 read(11, "@PS1,M,235483,17922704,968315,9505262,00000000*B66E\r\n", 4096) = 53
1787728536.331001 read(11, "", 4096)    = 0
1787728536.474650 read(11, "@PS1,M,235484,17922764,968244,9505254,00000000*D314\r\n@PS1,M,235485,17922824,968255,9505260,00000000*E414\r\n", 4096) = 106
1787728536.479951 read(11, "", 4096)    = 0
1787728536.508022 read(11, "@PS1,M,235486,17922884,968143,9505286,00000000*8BFF\r\n", 4096) = 53
1787728536.510429 read(11, "", 4096)    = 0
1787728536.624538 read(11, "@PS1,M,235487,17922944,968204,9505272,00000000*60CE\r\n", 4096) = 53
1787728536.628406 read(11, "@PS1,M,235488,17923004,968153,9505301,00000000*8DF9\r\n", 4096) = 53
1787728536.630670 read(11, "", 4096)    = 0
1787728536.687225 read(11, "@PS1,M,235489,17923064,968112,9505287,00000000*A293\r\n", 4096) = 53
1787728536.689701 read(11, "", 4096)    = 0
1787728536.867121 read(11, "@PS1,M,235490,17923245,968393,9505321,00000000*A62A\r\n", 4096) = 53
1787728536.869429 read(11, "", 4096)    = 0
1787728537.013256 read(11, "@PS1,M,235491,17923305,968294,9505352,00000000*E3BB\r\n@PS1,M,235492,17923365,968249,9505336,00000000*25D6\r\n", 4096) = 106
1787728537.018381 read(11, "", 4096)    = 0
1787728537.046391 read(11, "@PS1,M,235493,17923425,968156,9505340,00000000*9975\r\n", 4096) = 53
1787728537.048519 read(11, "", 4096)    = 0
1787728537.173978 read(11, "@PS1,M,235494,17923485,968221,9505312,00000000*C538\r\n@PS1,M,235495,17923545,968331,9505372,00000000*F448\r\n", 4096) = 106
1787728537.179593 read(11, "", 4096)    = 0
1787728537.345997 read(11, "@PS1,M,235496,17923726,968433,9505338,00000000*C0EF\r\n", 4096) = 53
1787728537.348442 read(11, "", 4096)    = 0
1787728537.405629 read(11, "@PS1,M,235497,17923786,968419,9505328,00000000*52FE\r\n", 4096) = 53
1787728537.407729 read(11, "", 4096)    = 0
1787728537.493818 read(11, "@PS1,M,235498,17923846,968456,9505344,00000000*2B8C\r\n", 4096) = 53
1787728537.497821 read(11, "", 4096)    = 0
1787728537.525277 read(11, "@PS1,M,235499,17923906,968536,9505337,00000000*7AC8\r\n", 4096) = 53
1787728537.527725 read(11, "", 4096)    = 0
1787728537.642073 read(11, "@PS1,M,235500,17923966,968404,9505332,00000000*AC5B\r\n", 4096) = 53
1787728537.645927 read(11, "@PS1,M,235501,17924026,968403,9505339,00000000*EB53\r\n", 4096) = 53
1787728537.647920 read(11, "", 4096)    = 0
1787728537.704460 read(11, "@PS1,M,235502,17924086,968502,9505322,00000000*C21C\r\n", 4096) = 53
1787728537.706481 read(11, "", 4096)    = 0
1787728537.883864 read(11, "@PS1,M,235503,17924267,968576,9505307,00000000*73B2\r\n", 4096) = 53
1787728537.886212 read(11, "", 4096)    = 0
1787728538.029830 read(11, "@PS1,M,235504,17924327,968604,9505286,00000000*49BD\r\n@PS1,M,235505,17924387,968664,9505289,00000000*1C67\r\n", 4096) = 106
1787728538.035133 read(11, "", 4096)    = 0
1787728538.063064 read(11, "@PS1,M,235506,17924447,968804,9505273,00000000*9B91\r\n", 4096) = 53
1787728538.065189 read(11, "", 4096)    = 0
1787728538.191465 read(11, "@PS1,M,235507,17924507,968883,9505259,00000000*D78D\r\n@PS1,M,235508,17924567,968776,9505250,00000000*F185\r\n", 4096) = 106
1787728538.196593 read(11, "", 4096)    = 0
1787728538.362891 read(11, "@PS1,M,235509,17924748,969084,9505233,00000000*8DF6\r\n", 4096) = 53
1787728538.365551 read(11, "", 4096)    = 0
1787728538.422557 read(11, "@PS1,M,235510,17924808,969071,9505218,00000000*760E\r\n", 4096) = 53
1787728538.424722 read(11, "", 4096)    = 0
1787728538.511255 read(11, "@PS1,M,235511,17924868,969063,9505251,00000000*691B\r\n", 4096) = 53
1787728538.515324 read(11, "", 4096)    = 0
1787728538.542143 read(11, "@PS1,M,235512,17924928,969166,9505209,00000000*AF95\r\n", 4096) = 53
1787728538.545293 read(11, "", 4096)    = 0
1787728538.670200 --- SIGCHLD {si_signo=SIGCHLD, si_code=CLD_EXITED, si_pid=52915, si_uid=1000, si_status=0, si_utime=0, si_stime=0} ---
1787728538.672733 read(11, "@PS1,M,235513,17924989,969072,9505209,00000000*1641\r\n@PS1,M,235514,17925049,969192,9505201,00000000*C1B6\r\n", 4096) = 106
1787728538.678616 read(11, "", 4096)    = 0
1787728538.721309 read(11, "@PS1,M,235515,17925109,969292,9505186,00000000*3C0D\r\n", 4096) = 53
1787728538.723515 read(11, "", 4096)    = 0
1787728538.901218 read(11, "@PS1,M,235516,17925289,969491,9505143,00000000*0825\r\n", 4096) = 53
1787728538.903811 read(11, "", 4096)    = 0
1787728539.058439 read(11, "@PS1,M,235517,17925350,969489,9505125,00000000*6A01\r\n@PS1,M,235518,17925410,969510,9505092,00000000*6BF6\r\n", 4096) = 106
1787728539.063093 read(11, "", 4096)    = 0
1787728539.080519 read(11, "@PS1,M,235519,17925470,969490,9505088,00000000*C7F3\r\n", 4096) = 53
1787728539.083599 read(11, "", 4096)    = 0
1787728539.207907 read(11, "@PS1,M,235520,17925530,969416,9505060,00000000*5E6E\r\n@PS1,M,235521,17925590,969587,9505043,00000000*23DA\r\n", 4096) = 106
1787728539.212863 read(11, "", 4096)    = 0
1787728539.379669 read(11, "@PS1,M,235522,17925770,969737,9504987,00000000*DDCA\r\n", 4096) = 53
1787728539.382031 read(11, "", 4096)    = 0
1787728539.525859 read(11, "@PS1,M,235523,17925830,969889,9504971,00000000*CFB2\r\n@PS1,M,235524,17925891,969752,9504997,00000000*F796\r\n", 4096) = 106
1787728539.531889 read(11, "", 4096)    = 0
1787728539.558918 read(11, "@PS1,M,235525,17925951,969888,9504976,00000000*D233\r\n", 4096) = 53
1787728539.560945 read(11, "", 4096)    = 0
1787728539.688407 read(11, "@PS1,M,235526,17926011,969687,9504969,00000000*AB00\r\n@PS1,M,235527,17926071,969813,9504940,00000000*D528\r\n", 4096) = 106
1787728539.693807 read(11, "", 4096)    = 0
1787728539.738158 read(11, "@PS1,M,235528,17926131,969965,9504897,00000000*2FFB\r\n", 4096) = 53
1787728539.740545 read(11, "", 4096)    = 0
1787728539.917685 read(11, "@PS1,M,235529,17926311,969929,9504868,00000000*45A4\r\n", 4096) = 53
1787728539.921525 read(11, "", 4096)    = 0
1787728539.977272 read(11, "@PS1,M,235530,17926371,970083,9504837,00000000*DBDD\r\n", 4096) = 53
1787728539.980331 read(11, "", 4096)    = 0
1787728540.123507 read(11, "@PS1,M,235531,17926431,969858,9504832,00000000*43BE\r\n@PS1,M,235532,17926491,969944,9504790,00000000*A98E\r\n", 4096) = 106
1787728540.128591 read(11, "", 4096)    = 0
1787728540.156508 read(11, "@PS1,M,235533,17926551,969827,9504783,00000000*3AE1\r\n", 4096) = 53
1787728540.158936 read(11, "", 4096)    = 0
1787728540.266789 read(11, "@PS1,M,235534,17926611,969915,9504779,00000000*D817\r\n", 4096) = 53
1787728540.270967 read(11, "", 4096)    = 0
1787728540.414663 read(11, "@PS1,M,235535,17926792,969874,9504779,00000000*8DA7\r\n", 4096) = 53
1787728540.418564 read(11, "", 4096)    = 0
1787728540.455411 read(11, "@PS1,M,235536,17926852,969920,9504757,00000000*90D3\r\n", 4096) = 53
1787728540.457602 read(11, "", 4096)    = 0
1787728540.563541 read(11, "@PS1,M,235537,17926912,969887,9504735,00000000*5E6F\r\n", 4096) = 53
1787728540.567689 read(11, "", 4096)    = 0
1787728540.581578 read(11, "@PS1,M,235538,17926972,969802,9504766,00000000*6A17\r\n", 4096) = 53
1787728540.583833 read(11, "", 4096)    = 0
1787728540.712571 read(11, "@PS1,M,235539,17927033,970026,9504736,00000000*A7D5\r\n@PS1,M,235540,17927093,969787,9504753,00000000*C46D\r\n", 4096) = 106
1787728540.717936 read(11, "", 4096)    = 0
1787728540.755311 read(11, "@PS1,M,235541,17927153,969803,9504733,00000000*4B88\r\n", 4096) = 53
1787728540.757499 read(11, "", 4096)    = 0
1787728540.933841 read(11, "@PS1,M,235542,17927333,969847,9504736,00000000*76E7\r\n", 4096) = 53
1787728540.936297 read(11, "", 4096)    = 0
1787728541.079124 read(11, "@PS1,M,235543,17927393,969887,9504759,00000000*EEE8\r\n@PS1,M,235544,17927453,969835,9504758,00000000*BF11\r\n", 4096) = 106
1787728541.084865 read(11, "", 4096)    = 0
1787728541.114266 read(11, "@PS1,M,235545,17927514,969716,9504713,00000000*5CB7\r\n", 4096) = 53
1787728541.116331 read(11, "", 4096)    = 0
1787728541.241304 read(11, "@PS1,M,235546,17927574,969785,9504734,00000000*C3C6\r\n@PS1,M,235547,17927634,969566,9504756,00000000*C1DB\r\n", 4096) = 106
1787728541.246447 read(11, "", 4096)    = 0
1787728541.412969 read(11, "@PS1,M,235548,17927814,969463,9504791,00000000*C27E\r\n", 4096) = 53
1787728541.415285 read(11, "", 4096)    = 0
1787728541.558574 read(11, "@PS1,M,235549,17927875,969469,9504812,00000000*C344\r\n@PS1,M,235550,17927935,969444,9504804,00000000*EB48\r\n", 4096) = 106
1787728541.563949 read(11, "", 4096)    = 0
1787728541.592104 read(11, "@PS1,M,235551,17927995,969377,9504831,00000000*4CC2\r\n", 4096) = 53
1787728541.594579 read(11, "", 4096)    = 0
1787728541.720125 read(11, "@PS1,M,235552,17928055,969267,9504819,00000000*2E88\r\n@PS1,M,235553,17928115,969329,9504834,00000000*92A2\r\n", 4096) = 106
1787728541.725750 read(11, "", 4096)    = 0
1787728541.771342 read(11, "@PS1,M,235554,17928175,969302,9504867,00000000*CADC\r\n", 4096) = 53
1787728541.773843 read(11, "", 4096)    = 0
1787728541.951503 read(11, "@PS1,M,235555,17928356,969299,9504905,00000000*5C8E\r\n", 4096) = 53
1787728541.953656 read(11, "", 4096)    = 0
1787728542.097753 read(11, "@PS1,M,235556,17928416,969085,9504939,00000000*3801\r\n@PS1,M,235557,17928476,969066,9504946,00000000*7641\r\n", 4096) = 106
1787728542.102908 read(11, "", 4096)    = 0
1787728542.130722 read(11, "@PS1,M,235558,17928536,969023,9504949,00000000*A9ED\r\n", 4096) = 53
1787728542.132823 read(11, "", 4096)    = 0
1787728542.245524 read(11, "@PS1,M,235559,17928596,968840,9505001,00000000*8409\r\n", 4096) = 53
1787728542.250154 read(11, "@PS1,M,235560,17928656,968759,9505007,00000000*1440\r\n", 4096) = 53
1787728542.252190 read(11, "", 4096)    = 0
1787728542.429912 read(11, "@PS1,M,235561,17928837,968738,9505079,00000000*C4E8\r\n", 4096) = 53
1787728542.432239 read(11, "", 4096)    = 0
1787728542.577391 read(11, "@PS1,M,235562,17928897,968626,9505069,00000000*C986\r\n@PS1,M,235563,17928957,968544,9505107,00000000*634D\r\n", 4096) = 106
1787728542.581952 read(11, "", 4096)    = 0
1787728542.609150 read(11, "@PS1,M,235564,17929017,968551,9505093,00000000*86DF\r\n", 4096) = 53
1787728542.611911 read(11, "", 4096)    = 0
1787728542.736880 read(11, "@PS1,M,235565,17929077,968571,9505100,00000000*A7BD\r\n@PS1,M,235566,17929137,968414,9505106,00000000*35C9\r\n", 4096) = 106
1787728542.741980 read(11, "", 4096)    = 0
1787728542.788336 read(11, "@PS1,M,235567,17929197,968504,9505187,00000000*F4C5\r\n", 4096) = 53
1787728542.790407 read(11, "", 4096)    = 0
1787728542.967574 read(11, "@PS1,M,235568,17929377,968411,9505239,00000000*7C90\r\n", 4096) = 53
1787728542.969876 read(11, "", 4096)    = 0
1787728543.112601 read(11, "@PS1,M,235569,17929438,968265,9505233,00000000*3D5D\r\n@PS1,M,235570,17929498,968329,9505222,00000000*D7C7\r\n", 4096) = 106
1787728543.117926 read(11, "", 4096)    = 0
1787728543.146776 read(11, "@PS1,M,235571,17929558,968350,9505239,00000000*E463\r\n", 4096) = 53
1787728543.148936 read(11, "", 4096)    = 0
1787728543.261417 read(11, "@PS1,M,235572,17929619,968298,9505257,00000000*6F08\r\n", 4096) = 53
1787728543.265320 read(11, "", 4096)    = 0
1787728543.267457 read(11, "@PS1,M,235573,17929679,968216,9505304,00000000*7009\r\n", 4096) = 53
1787728543.269498 read(11, "", 4096)    = 0
1787728543.446461 read(11, "@PS1,M,235574,17929859,968212,9505298,00000000*667D\r\n", 4096) = 53
1787728543.448966 read(11, "", 4096)    = 0
1787728543.599813 read(11, "@PS1,M,235575,17929919,968048,9505313,00000000*D8CD\r\n@PS1,M,235576,17929979,968196,9505331,00000000*0999\r\n", 4096) = 106
1787728543.603902 read(11, "", 4096)    = 0
1787728543.625664 read(11, "@PS1,M,235577,17930039,968080,9505316,00000000*0DDE\r\n", 4096) = 53
1787728543.629109 read(11, "", 4096)    = 0
1787728543.746901 read(11, "@PS1,M,235578,17930099,968169,9505348,00000000*C38D\r\n@PS1,M,235579,17930159,968148,9505357,00000000*3A73\r\n", 4096) = 106
1787728543.752407 read(11, "", 4096)    = 0
1787728543.804855 read(11, "@PS1,M,235580,17930219,968116,9505349,00000000*03C1\r\n", 4096) = 53
1787728543.807213 read(11, "", 4096)    = 0
1787728543.990266 read(11, "@PS1,M,235581,17930400,968182,9505372,00000000*397F\r\n", 4096) = 53
1787728543.994089 read(11, "", 4096)    = 0
1787728544.044552 read(11, "@PS1,M,235582,17930460,968304,9505351,00000000*BED4\r\n", 4096) = 53
1787728544.046596 read(11, "", 4096)    = 0
1787728544.138077 read(11, "@PS1,M,235583,17930520,968215,9505328,00000000*B17F\r\n", 4096) = 53
1787728544.141933 read(11, "", 4096)    = 0
1787728544.164101 read(11, "@PS1,M,235584,17930580,968344,9505364,00000000*CB12\r\n", 4096) = 53
1787728544.167404 read(11, "", 4096)    = 0
1787728544.285189 read(11, "@PS1,M,235585,17930640,968353,9505356,00000000*424C\r\n@PS1,M,235586,17930700,968495,9505348,00000000*C3C3\r\n", 4096) = 106
1787728544.290326 read(11, "", 4096)    = 0
1787728544.463058 read(11, "@PS1,M,235587,17930881,968481,9505352,00000000*8ACD\r\n", 4096) = 53
1787728544.465376 read(11, "", 4096)    = 0
1787728544.609346 read(11, "@PS1,M,235588,17930941,968654,9505367,00000000*AFB0\r\n@PS1,M,235589,17931001,968503,9505321,00000000*2269\r\n", 4096) = 106
1787728544.615068 read(11, "", 4096)    = 0
1787728544.642330 read(11, "@PS1,M,235590,17931061,968536,9505339,00000000*4164\r\n", 4096) = 53
1787728544.644747 read(11, "", 4096)    = 0
1787728544.770733 read(11, "@PS1,M,235591,17931121,968599,9505307,00000000*2574\r\n@PS1,M,235592,17931182,968655,9505302,00000000*61E4\r\n", 4096) = 106
1787728544.774594 read(11, "", 4096)    = 0
1787728544.822749 read(11, "@PS1,M,235593,17931242,968744,9505308,00000000*EF5C\r\n", 4096) = 53
1787728544.824837 read(11, "", 4096)    = 0
1787728545.001589 read(11, "@PS1,M,235594,17931422,968897,9505271,00000000*919F\r\n", 4096) = 53
1787728545.004422 read(11, "", 4096)    = 0
1787728545.061323 read(11, "@PS1,M,235595,17931482,968991,9505277,00000000*301C\r\n", 4096) = 53
1787728545.063520 read(11, "", 4096)    = 0
1787728545.190030 read(11, "@PS1,M,235596,17931542,968928,9505262,00000000*CA06\r\n@PS1,M,235597,17931602,968908,9505242,00000000*F4E3\r\n", 4096) = 106
1787728545.197426 read(11, "", 4096)    = 0
1787728545.240588 read(11, "@PS1,M,235598,17931662,969046,9505251,00000000*E51C\r\n", 4096) = 53
1787728545.242882 read(11, "", 4096)    = 0
1787728545.363425 read(11, "@PS1,M,235599,17931722,969052,9505202,00000000*EBE0\r\n", 4096) = 53
1787728545.367604 read(11, "", 4096)    = 0
1787728545.512274 read(11, "@PS1,M,235600,17931903,969302,9505154,00000000*2D9C\r\n", 4096) = 53
1787728545.516096 read(11, "", 4096)    = 0
1787728545.539847 read(11, "@PS1,M,235601,17931963,969370,9505175,00000000*6D36\r\n", 4096) = 53
1787728545.542524 read(11, "", 4096)    = 0
1787728545.662031 read(11, "@PS1,M,235602,17932023,969360,9505151,00000000*48CD\r\n@PS1,M,235603,17932083,969545,9505168,00000000*E371\r\n", 4096) = 106
1787728545.668479 read(11, "", 4096)    = 0
1787728545.718923 read(11, "@PS1,M,235604,17932143,969442,9505120,00000000*6E8E\r\n", 4096) = 53
1787728545.721419 read(11, "", 4096)    = 0
1787728545.824248 read(11, "@PS1,M,235605,17932204,969485,9505111,00000000*ABA1\r\n", 4096) = 53
1787728545.828073 read(11, "", 4096)    = 0
1787728545.844062 read(11, "@PS1,M,235606,17932265,969501,9505084,00000000*6D96\r\n", 4096) = 53
1787728545.846408 read(11, "", 4096)    = 0
1787728546.018433 read(11, "@PS1,M,235607,17932444,969647,9504978,00000000*A46D\r\n", 4096) = 53
1787728546.020726 read(11, "", 4096)    = 0
1787728546.164112 read(11, "@PS1,M,235608,17932504,969697,9504994,00000000*D7C3\r\n@PS1,M,235609,17932564,969734,9504995,00000000*F466\r\n", 4096) = 106
1787728546.169779 read(11, "", 4096)    = 0
1787728546.197600 read(11, "@PS1,M,235610,17932624,969767,9504949,00000000*5A3A\r\n", 4096) = 53
1787728546.199721 read(11, "", 4096)    = 0
1787728546.325344 read(11, "@PS1,M,235611,17932684,969976,9504988,00000000*0FE0\r\n@PS1,M,235612,17932745,969808,9504935,00000000*E57F\r\n", 4096) = 106
1787728546.330588 read(11, "", 4096)    = 0
1787728546.496682 read(11, "@PS1,M,235613,17932925,969944,9504893,00000000*7A88\r\n", 4096) = 53
1787728546.499518 read(11, "", 4096)    = 0
1787728546.556308 read(11, "@PS1,M,235614,17932985,969911,9504846,00000000*9A38\r\n", 4096) = 53
1787728546.558831 read(11, "", 4096)    = 0
1787728546.645523 read(11, "@PS1,M,235615,17933045,970087,9504839,00000000*F02F\r\n", 4096) = 53
1787728546.649131 read(11, "", 4096)    = 0
1787728546.677095 read(11, "@PS1,M,235616,17933106,969735,9504826,00000000*6DD9\r\n", 4096) = 53
1787728546.679818 read(11, "", 4096)    = 0
1787728546.792689 read(11, "@PS1,M,235617,17933166,969970,9504834,00000000*6680\r\n", 4096) = 53
1787728546.796578 read(11, "@PS1,M,235618,17933227,969925,9504791,00000000*8D54\r\n", 4096) = 53
1787728546.798804 read(11, "", 4096)    = 0
1787728546.856326 read(11, "@PS1,M,235619,17933287,969988,9504796,00000000*BB1D\r\n", 4096) = 53
1787728546.858690 read(11, "", 4096)    = 0
1787728547.035931 read(11, "@PS1,M,235620,17933467,969903,9504766,00000000*5007\r\n", 4096) = 53
1787728547.038224 read(11, "", 4096)    = 0
1787728547.182430 read(11, "@PS1,M,235621,17933527,969848,9504735,00000000*FCF2\r\n@PS1,M,235622,17933587,969864,9504759,00000000*88AF\r\n", 4096) = 106
1787728547.187475 read(11, "", 4096)    = 0
1787728547.215192 read(11, "@PS1,M,235623,17933647,969907,9504749,00000000*80C3\r\n", 4096) = 53
1787728547.217381 read(11, "", 4096)    = 0
1787728547.332232 read(11, "@PS1,M,235624,17933707,969894,9504738,00000000*DDE3\r\n", 4096) = 53
1787728547.336479 read(11, "@PS1,M,235625,17933767,969804,9504737,00000000*8073\r\n", 4096) = 53
1787728547.338631 read(11, "", 4096)    = 0
1787728547.514087 read(11, "@PS1,M,235626,17933948,969658,9504769,00000000*4A54\r\n", 4096) = 53
1787728547.516437 read(11, "", 4096)    = 0
1787728547.660537 read(11, "@PS1,M,235627,17934008,969694,9504782,00000000*771A\r\n@PS1,M,235628,17934068,969698,9504785,00000000*F639\r\n", 4096) = 106
1787728547.665688 read(11, "", 4096)    = 0
1787728547.693319 read(11, "@PS1,M,235629,17934128,969604,9504776,00000000*9BA9\r\n", 4096) = 53
1787728547.696109 read(11, "", 4096)    = 0
1787728547.809553 read(11, "@PS1,M,235630,17934188,969488,9504764,00000000*4608\r\n", 4096) = 53
1787728547.813472 read(11, "@PS1,M,235631,17934248,969512,9504794,00000000*B661\r\n", 4096) = 53
1787728547.815598 read(11, "", 4096)    = 0
1787728547.872471 read(11, "@PS1,M,235632,17934308,969430,9504793,00000000*F39A\r\n", 4096) = 53
1787728547.874527 read(11, "", 4096)    = 0
1787728548.052535 read(11, "@PS1,M,235633,17934489,969417,9504837,00000000*93B5\r\n", 4096) = 53
1787728548.054763 read(11, "", 4096)    = 0
1787728548.197883 read(11, "@PS1,M,235634,17934549,969309,9504854,00000000*2796\r\n@PS1,M,235635,17934609,969197,9504868,00000000*5E97\r\n", 4096) = 106
1787728548.203337 read(11, "", 4096)    = 0
1787728548.231759 read(11, "@PS1,M,235636,17934669,969122,9504905,00000000*ABEE\r\n", 4096) = 53
1787728548.234093 read(11, "", 4096)    = 0
1787728548.346893 read(11, "@PS1,M,235637,17934729,969032,9504889,00000000*1E42\r\n", 4096) = 53
1787728548.350716 read(11, "", 4096)    = 0
1787728548.351272 read(11, "@PS1,M,235638,17934789,969024,9504934,00000000*AFF9\r\n", 4096) = 53
1787728548.353408 read(11, "", 4096)    = 0
1787728548.530684 read(11, "@PS1,M,235639,17934970,968922,9504992,00000000*C59D\r\n", 4096) = 53
1787728548.534485 read(11, "", 4096)    = 0
1787728548.590404 read(11, "@PS1,M,235640,17935030,968876,9504978,00000000*4215\r\n", 4096) = 53
1787728548.593214 read(11, "", 4096)    = 0
1787728548.644088 --- SIGCHLD {si_signo=SIGCHLD, si_code=CLD_EXITED, si_pid=52951, si_uid=1000, si_status=0, si_utime=0, si_stime=0} ---
1787728548.684781 read(11, "@PS1,M,235641,17935090,968798,9505027,00000000*976A\r\n", 4096) = 53
1787728548.688551 read(11, "", 4096)    = 0
1787728548.709904 read(11, "@PS1,M,235642,17935150,968758,9505056,00000000*0AF0\r\n", 4096) = 53
1787728548.712954 read(11, "", 4096)    = 0
1787728548.827426 read(11, "@PS1,M,235643,17935210,968835,9505089,00000000*65D1\r\n", 4096) = 53
1787728548.831377 read(11, "@PS1,M,235644,17935270,968778,9505085,00000000*3354\r\n", 4096) = 53
1787728548.833925 read(11, "", 4096)    = 0
1787728548.890228 read(11, "@PS1,M,235645,17935331,968625,9505084,00000000*536A\r\n", 4096) = 53
1787728548.892239 read(11, "", 4096)    = 0
1787728549.069068 read(11, "@PS1,M,235646,17935511,968621,9505158,00000000*EFBF\r\n", 4096) = 53
1787728549.071389 read(11, "", 4096)    = 0
1787728549.214840 read(11, "@PS1,M,235647,17935571,968503,9505213,00000000*076A\r\n@PS1,M,235648,17935631,968411,9505202,00000000*40D1\r\n", 4096) = 106
1787728549.219960 read(11, "", 4096)    = 0
1787728549.248305 read(11, "@PS1,M,235649,17935691,968433,9505239,00000000*7898\r\n", 4096) = 53
1787728549.250732 read(11, "", 4096)    = 0
1787728549.363143 read(11, "@PS1,M,235650,17935751,968405,9505222,00000000*C400\r\n", 4096) = 53
1787728549.366974 read(11, "", 4096)    = 0
1787728549.367741 read(11, "@PS1,M,235651,17935811,968258,9505250,00000000*2585\r\n", 4096) = 53
1787728549.369840 read(11, "", 4096)    = 0
1787728549.547447 read(11, "@PS1,M,235652,17935992,968053,9505285,00000000*0A57\r\n", 4096) = 53
1787728549.549798 read(11, "", 4096)    = 0
1787728549.693196 read(11, "@PS1,M,235653,17936052,968327,9505328,00000000*FAED\r\n@PS1,M,235654,17936112,968329,9505312,00000000*8765\r\n", 4096) = 106
1787728549.698656 read(11, "", 4096)    = 0
1787728549.726713 read(11, "@PS1,M,235655,17936172,968339,9505336,00000000*11FC\r\n", 4096) = 53
1787728549.729204 read(11, "", 4096)    = 0
1787728549.854148 read(11, "@PS1,M,235656,17936232,968235,9505302,00000000*EA6A\r\n@PS1,M,235657,17936292,968205,9505328,00000000*4B73\r\n", 4096) = 106
1787728549.859069 read(11, "", 4096)    = 0
1787728549.907143 read(11, "@PS1,M,235658,17936354,968202,9505336,00000000*25BB\r\n", 4096) = 53
1787728549.909220 read(11, "", 4096)    = 0
1787728550.085784 read(11, "@PS1,M,235659,17936533,968252,9505359,00000000*E687\r\n", 4096) = 53
1787728550.088705 read(11, "", 4096)    = 0
1787728550.145411 read(11, "@PS1,M,235660,17936593,968222,9505354,00000000*BB3B\r\n", 4096) = 53
1787728550.147591 read(11, "", 4096)    = 0
1787728550.249274 read(11, "@PS1,M,235661,17936653,968360,9505359,00000000*BF0B\r\n", 4096) = 53
1787728550.254814 read(11, "", 4096)    = 0
1787728550.278049 read(11, "@PS1,M,235662,17936713,968434,9505370,00000000*E4E6\r\n", 4096) = 53
1787728550.282180 read(11, "", 4096)    = 0
1787728550.442001 read(11, "@PS1,M,235663,17936775,968406,9505363,00000000*C7BA\r\n@PS1,M,235664,17936835,968411,9505346,00000000*3FEF\r\n", 4096) = 106
1787728550.447775 read(11, "", 4096)    = 0
1787728550.614194 read(11, "@PS1,M,235665,17937014,968541,9505327,00000000*1C3B\r\n", 4096) = 53
1787728550.617119 read(11, "", 4096)    = 0
1787728550.626894 read(11, "@PS1,M,235666,17937075,968488,9505347,00000000*29DC\r\n", 4096) = 53
1787728550.629255 read(11, "", 4096)    = 0
1787728550.761666 read(11, "@PS1,M,235667,17937135,968578,9505375,00000000*08BB\r\n@PS1,M,235668,17937195,968558,9505341,00000000*4F11\r\n", 4096) = 106
1787728550.766893 read(11, "", 4096)    = 0
1787728550.803471 read(11, "@PS1,M,235669,17937255,968822,9505294,00000000*C185\r\n", 4096) = 53
1787728550.805838 read(11, "", 4096)    = 0
1787728550.912451 read(11, "@PS1,M,235670,17937315,968706,9505320,00000000*02B5\r\n", 4096) = 53
1787728550.916283 read(11, "", 4096)    = 0
1787728550.930420 read(11, "@PS1,M,235671,17937375,968759,9505343,00000000*9034\r\n", 4096) = 53
1787728550.932677 read(11, "", 4096)    = 0
1787728551.102925 read(11, "@PS1,M,235672,17937556,968906,9505309,00000000*8F3E\r\n", 4096) = 53
1787728551.105273 read(11, "", 4096)    = 0
1787728551.248841 read(11, "@PS1,M,235673,17937616,968944,9505289,00000000*A4D0\r\n@PS1,M,235674,17937676,969111,9505296,00000000*E94C\r\n", 4096) = 106
1787728551.254482 read(11, "", 4096)    = 0
1787728551.282145 read(11, "@PS1,M,235675,17937736,969128,9505255,00000000*C091\r\n", 4096) = 53
1787728551.284369 read(11, "", 4096)    = 0
1787728551.410898 read(11, "@PS1,M,235676,17937796,969079,9505239,00000000*4A99\r\n@PS1,M,235677,17937856,969246,9505253,00000000*C83C\r\n", 4096) = 106
1787728551.415924 read(11, "", 4096)    = 0
1787728551.581476 read(11, "@PS1,M,235678,17938037,969496,9505155,00000000*BC70\r\n", 4096) = 53
1787728551.585872 read(11, "", 4096)    = 0
1787728551.641095 read(11, "@PS1,M,235679,17938097,969426,9505192,00000000*5616\r\n", 4096) = 53
1787728551.643599 read(11, "", 4096)    = 0
1787728551.731579 read(11, "@PS1,M,235680,17938157,969501,9505135,00000000*874D\r\n", 4096) = 53
1787728551.735127 read(11, "", 4096)    = 0
1787728551.760735 read(11, "@PS1,M,235681,17938217,969512,9505116,00000000*7A15\r\n", 4096) = 53
1787728551.763023 read(11, "", 4096)    = 0
1787728551.874665 read(11, "@PS1,M,235682,17938277,969648,9505111,00000000*C27D\r\n", 4096) = 53
1787728551.879186 read(11, "", 4096)    = 0
1787728551.880074 read(11, "@PS1,M,235683,17938337,969696,9505058,00000000*5A71\r\n", 4096) = 53
1787728551.882395 read(11, "", 4096)    = 0
1787728552.022779 read(11, "@PS1,M,235684,17938397,969671,9505057,00000000*17FD\r\n", 4096) = 53
1787728552.026994 read(11, "", 4096)    = 0
1787728552.171777 read(11, "@PS1,M,235685,17938579,969857,9504985,00000000*9A23\r\n", 4096) = 53
1787728552.175571 read(11, "", 4096)    = 0
1787728552.190934 read(11, "@PS1,M,235686,17938639,969906,9504982,00000000*CF79\r\n", 4096) = 53
1787728552.193339 read(11, "", 4096)    = 0
1787728552.320275 read(11, "@PS1,M,235687,17938699,969952,9504912,00000000*3472\r\n@PS1,M,235688,17938759,969958,9504913,00000000*A822\r\n", 4096) = 106
1787728552.325569 read(11, "", 4096)    = 0
1787728552.359293 read(11, "@PS1,M,235689,17938819,969838,9504931,00000000*CB49\r\n", 4096) = 53
1787728552.361975 read(11, "", 4096)    = 0
1787728552.468873 read(11, "@PS1,M,235690,17938879,970024,9504928,00000000*A0A1\r\n", 4096) = 53
1787728552.472661 read(11, "", 4096)    = 0
1787728552.616781 read(11, "@PS1,M,235691,17939059,970061,9504876,00000000*00C5\r\n", 4096) = 53
1787728552.620685 read(11, "", 4096)    = 0
1787728552.658069 read(11, "@PS1,M,235692,17939119,970042,9504844,00000000*3A36\r\n", 4096) = 53
1787728552.660061 read(11, "", 4096)    = 0
1787728552.764907 read(11, "@PS1,M,235693,17939179,970115,9504841,00000000*EE20\r\n", 4096) = 53
1787728552.768733 read(11, "", 4096)    = 0
1787728552.782764 read(11, "@PS1,M,235694,17939239,970134,9504811,00000000*71F4\r\n", 4096) = 53
1787728552.785510 read(11, "", 4096)    = 0
1787728552.912301 read(11, "@PS1,M,235695,17939299,969952,9504802,00000000*D11C\r\n@PS1,M,235696,17939359,969986,9504789,00000000*6E2F\r\n", 4096) = 106
1787728552.917762 read(11, "", 4096)    = 0
1787728552.956737 read(11, "@PS1,M,235697,17939419,969919,9504802,00000000*0C8C\r\n", 4096) = 53
1787728552.958778 read(11, "", 4096)    = 0
1787728553.137114 read(11, "@PS1,M,235698,17939601,969936,9504774,00000000*26B3\r\n", 4096) = 53
1787728553.139341 read(11, "", 4096)    = 0
1787728553.282824 read(11, "@PS1,M,235699,17939661,969804,9504732,00000000*F6BB\r\n@PS1,M,235700,17939721,969904,9504743,00000000*7B66\r\n", 4096) = 106
1787728553.288064 read(11, "", 4096)    = 0
1787728553.316316 read(11, "@PS1,M,235701,17939781,969857,9504767,00000000*324A\r\n", 4096) = 53
1787728553.318452 read(11, "", 4096)    = 0
1787728553.432114 read(11, "@PS1,M,235702,17939841,969769,9504751,00000000*5803\r\n", 4096) = 53
1787728553.436441 read(11, "@PS1,M,235703,17939901,969862,9504751,00000000*843B\r\n", 4096) = 53
1787728553.438580 read(11, "", 4096)    = 0
1787728553.615220 read(11, "@PS1,M,235704,17940081,969654,9504765,00000000*A885\r\n", 4096) = 53
1787728553.618609 read(11, "", 4096)    = 0
1787728553.674787 read(11, "@PS1,M,235705,17940141,969629,9504776,00000000*21CD\r\n", 4096) = 53
1787728553.677267 read(11, "", 4096)    = 0
1787728553.764435 read(11, "@PS1,M,235706,17940201,969739,9504793,00000000*4149\r\n", 4096) = 53
1787728553.768041 read(11, "", 4096)    = 0
1787728553.794340 read(11, "@PS1,M,235707,17940261,969568,9504810,00000000*09BC\r\n", 4096) = 53
1787728553.796573 read(11, "", 4096)    = 0
1787728553.907270 read(11, "@PS1,M,235708,17940321,969513,9504837,00000000*BF63\r\n", 4096) = 53
1787728553.911151 read(11, "", 4096)    = 0
1787728553.913756 read(11, "@PS1,M,235709,17940382,969412,9504828,00000000*DDAE\r\n", 4096) = 53
1787728553.916388 read(11, "", 4096)    = 0
1787728554.055441 read(11, "@PS1,M,235710,17940442,969376,9504830,00000000*41F7\r\n", 4096) = 53
1787728554.059333 read(11, "", 4096)    = 0
1787728554.203616 read(11, "@PS1,M,235711,17940622,969271,9504897,00000000*F59A\r\n", 4096) = 53
1787728554.207500 read(11, "", 4096)    = 0
1787728554.221580 read(11, "@PS1,M,235712,17940682,969027,9504956,00000000*58E1\r\n", 4096) = 53
1787728554.223863 read(11, "", 4096)    = 0
1787728554.350765 read(11, "@PS1,M,235713,17940742,969046,9504955,00000000*D637\r\n@PS1,M,235714,17940803,968939,9505003,00000000*E689\r\n", 4096) = 106
1787728554.356346 read(11, "", 4096)    = 0
1787728554.393355 read(11, "@PS1,M,235715,17940864,969052,9504995,00000000*7783\r\n", 4096) = 53
1787728554.395370 read(11, "", 4096)    = 0
1787728554.499257 read(11, "@PS1,M,235716,17940924,968877,9505005,00000000*A4D2\r\n", 4096) = 53
1787728554.503099 read(11, "", 4096)    = 0
1787728554.646640 read(11, "@PS1,M,235717,17941104,968729,9505090,00000000*152C\r\n", 4096) = 53
1787728554.650656 read(11, "", 4096)    = 0
1787728554.692311 read(11, "@PS1,M,235718,17941164,968586,9505096,00000000*AC7F\r\n", 4096) = 53
1787728554.694517 read(11, "", 4096)    = 0
1787728554.793458 read(11, "@PS1,M,235719,17941224,968589,9505125,00000000*F742\r\n", 4096) = 53
1787728554.798166 read(11, "", 4096)    = 0
1787728554.812020 read(11, "@PS1,M,235720,17941284,968620,9505159,00000000*B5B3\r\n", 4096) = 53
1787728554.814812 read(11, "", 4096)    = 0
1787728554.939991 read(11, "@PS1,M,235721,17941344,968494,9505144,00000000*B716\r\n@PS1,M,235722,17941404,968519,9505203,00000000*E4FA\r\n", 4096) = 106
1787728554.945835 read(11, "", 4096)    = 0
1787728554.990942 read(11, "@PS1,M,235723,17941464,968448,9505208,00000000*09FC\r\n", 4096) = 53
1787728554.992722 read(11, "", 4096)    = 0
1787728555.170320 read(11, "@PS1,M,235724,17941645,968253,9505239,00000000*4FE8\r\n", 4096) = 53
1787728555.173009 read(11, "", 4096)    = 0
1787728555.315805 read(11, "@PS1,M,235725,17941705,968260,9505296,00000000*7193\r\n@PS1,M,235726,17941765,968244,9505316,00000000*E1BB\r\n", 4096) = 106
1787728555.321408 read(11, "", 4096)    = 0
1787728555.349580 read(11, "@PS1,M,235727,17941825,968184,9505293,00000000*C825\r\n", 4096) = 53
1787728555.351800 read(11, "", 4096)    = 0
1787728555.504403 read(11, "@PS1,M,235728,17941885,968272,9505333,00000000*0307\r\n@PS1,M,235729,17941945,968211,9505315,00000000*1F51\r\n", 4096) = 106
1787728555.513219 read(11, "", 4096)    = 0
1787728555.676559 read(11, "@PS1,M,235730,17942126,968189,9505335,00000000*D5B0\r\n", 4096) = 53
1787728555.680372 read(11, "", 4096)    = 0
1787728555.708614 read(11, "@PS1,M,235731,17942186,968073,9505357,00000000*831B\r\n", 4096) = 53
1787728555.710994 read(11, "", 4096)    = 0
1787728555.822673 read(11, "@PS1,M,235732,17942246,968075,9505332,00000000*99F4\r\n", 4096) = 53
1787728555.826932 read(11, "", 4096)    = 0
1787728555.828035 read(11, "@PS1,M,235733,17942306,968258,9505372,00000000*E6B6\r\n", 4096) = 53
1787728555.829935 read(11, "", 4096)    = 0
1787728555.968767 read(11, "@PS1,M,235734,17942366,968211,9505348,00000000*7E71\r\n@PS1,M,235735,17942426,968321,9505372,00000000*B228\r\n", 4096) = 106
1787728555.974666 read(11, "", 4096)    = 0
1787728556.007363 read(11, "@PS1,M,235736,17942486,968347,9505365,00000000*5D7F\r\n", 4096) = 53
1787728556.010228 read(11, "", 4096)    = 0
1787728556.187704 read(11, "@PS1,M,235737,17942667,968396,9505349,00000000*F568\r\n", 4096) = 53
1787728556.194119 read(11, "", 4096)    = 0
1787728556.247512 read(11, "@PS1,M,235738,17942728,968427,9505400,00000000*1727\r\n", 4096) = 53
1787728556.250287 read(11, "", 4096)    = 0
1787728556.341415 read(11, "@PS1,M,235739,17942788,968435,9505322,00000000*A862\r\n", 4096) = 53
1787728556.345723 read(11, "", 4096)    = 0
1787728556.366976 read(11, "@PS1,M,235740,17942848,968516,9505336,00000000*3F8A\r\n", 4096) = 53
1787728556.369595 read(11, "", 4096)    = 0
1787728556.489111 read(11, "@PS1,M,235741,17942908,968607,9505353,00000000*6470\r\n@PS1,M,235742,17942968,968539,9505352,00000000*BB00\r\n", 4096) = 106
1787728556.494329 read(11, "", 4096)    = 0
1787728556.665297 read(11, "@PS1,M,235743,17943148,968762,9505317,00000000*7F2E\r\n", 4096) = 53
1787728556.667819 read(11, "", 4096)    = 0
1787728556.811700 read(11, "@PS1,M,235744,17943208,968932,9505269,00000000*B0F5\r\n@PS1,M,235745,17943269,968917,9505314,00000000*BE3B\r\n", 4096) = 106
1787728556.817768 read(11, "", 4096)    = 0
1787728556.845692 read(11, "@PS1,M,235746,17943329,969070,9505256,00000000*4B44\r\n", 4096) = 53
1787728556.847983 read(11, "", 4096)    = 0
1787728556.972682 read(11, "@PS1,M,235747,17943389,969091,9505278,00000000*B167\r\n@PS1,M,235748,17943449,969061,9505234,00000000*2012\r\n", 4096) = 106
1787728556.978556 read(11, "", 4096)    = 0
1787728557.024946 read(11, "@PS1,M,235749,17943509,969020,9505232,00000000*F306\r\n", 4096) = 53
1787728557.027484 read(11, "", 4096)    = 0
1787728557.203755 read(11, "@PS1,M,235750,17943689,969445,9505157,00000000*A1FC\r\n", 4096) = 53
1787728557.206607 read(11, "", 4096)    = 0
1787728557.263399 read(11, "@PS1,M,235751,17943749,969390,9505144,00000000*6DE3\r\n", 4096) = 53
1787728557.266002 read(11, "", 4096)    = 0
1787728557.353499 read(11, "@PS1,M,235752,17943809,969426,9505143,00000000*FF50\r\n", 4096) = 53
1787728557.357082 read(11, "", 4096)    = 0
1787728557.383031 read(11, "@PS1,M,235753,17943869,969399,9505149,00000000*450C\r\n", 4096) = 53
1787728557.385302 read(11, "", 4096)    = 0
1787728557.499634 read(11, "@PS1,M,235754,17943930,969559,9505091,00000000*C636\r\n", 4096) = 53
1787728557.503867 read(11, "@PS1,M,235755,17943990,969687,9505060,00000000*6C4B\r\n", 4096) = 53
1787728557.505982 read(11, "", 4096)    = 0
1787728557.683131 read(11, "@PS1,M,235756,17944171,969734,9504983,00000000*4B11\r\n", 4096) = 53
1787728557.685699 read(11, "", 4096)    = 0
1787728557.828465 read(11, "@PS1,M,235757,17944231,969777,9505027,00000000*C383\r\n@PS1,M,235758,17944291,969811,9504983,00000000*DE0B\r\n", 4096) = 106
1787728557.834043 read(11, "", 4096)    = 0
1787728557.862359 read(11, "@PS1,M,235759,17944351,969830,9504982,00000000*C648\r\n", 4096) = 53
1787728557.864753 read(11, "", 4096)    = 0
1787728557.989551 read(11, "@PS1,M,235760,17944411,969885,9504933,00000000*FEF3\r\n@PS1,M,235761,17944471,969864,9504936,00000000*FD8C\r\n", 4096) = 106
1787728557.995919 read(11, "", 4096)    = 0
1787728558.041606 read(11, "@PS1,M,235762,17944531,969926,9504908,00000000*0183\r\n", 4096) = 53
1787728558.043710 read(11, "", 4096)    = 0
1787728558.220802 read(11, "@PS1,M,235763,17944711,969894,9504861,00000000*0FC8\r\n", 4096) = 53
1787728558.223016 read(11, "", 4096)    = 0
1787728558.366676 read(11, "@PS1,M,235764,17944771,969940,9504825,00000000*0D2D\r\n@PS1,M,235765,17944831,970028,9504802,00000000*97B8\r\n", 4096) = 106
1787728558.371916 read(11, "", 4096)    = 0
1787728558.400060 read(11, "@PS1,M,235766,17944891,970095,9504794,00000000*51E4\r\n", 4096) = 53
1787728558.402255 read(11, "", 4096)    = 0
1787728558.514507 read(11, "@PS1,M,235767,17944951,970026,9504798,00000000*7FFE\r\n", 4096) = 53
1787728558.518356 read(11, "", 4096)    = 0
1787728558.520858 read(11, "@PS1,M,235768,17945012,969971,9504736,00000000*5D5C\r\n", 4096) = 53
1787728558.523508 read(11, "", 4096)    = 0
1787728558.665213 --- SIGCHLD {si_signo=SIGCHLD, si_code=CLD_EXITED, si_pid=52987, si_uid=1000, si_status=0, si_utime=0, si_stime=0} ---
1787728558.700032 read(11, "@PS1,M,235769,17945193,969918,9504754,00000000*6826\r\n", 4096) = 53
1787728558.703440 read(11, "", 4096)    = 0
1787728558.759730 read(11, "@PS1,M,235770,17945253,969832,9504740,00000000*42A7\r\n", 4096) = 53
1787728558.761900 read(11, "", 4096)    = 0
1787728558.848398 read(11, "@PS1,M,235771,17945313,969800,9504749,00000000*FD6F\r\n", 4096) = 53
1787728558.852022 read(11, "", 4096)    = 0
1787728558.879338 read(11, "@PS1,M,235772,17945373,969756,9504792,00000000*E344\r\n", 4096) = 53
1787728558.882055 read(11, "", 4096)    = 0
1787728558.990061 read(11, "@PS1,M,235773,17945433,969670,9504781,00000000*745B\r\n", 4096) = 53
1787728558.994201 read(11, "", 4096)    = 0
1787728559.008037 read(11, "@PS1,M,235774,17945493,969763,9504774,00000000*4910\r\n", 4096) = 53
1787728559.010711 read(11, "", 4096)    = 0
1787728559.138256 read(11, "@PS1,M,235775,17945553,969577,9504800,00000000*B08D\r\n", 4096) = 53
1787728559.142522 read(11, "", 4096)    = 0
1787728559.286293 read(11, "@PS1,M,235776,17945734,969410,9504803,00000000*AFAE\r\n", 4096) = 53
1787728559.290179 read(11, "", 4096)    = 0
1787728559.304143 read(11, "@PS1,M,235777,17945794,969361,9504854,00000000*9F06\r\n", 4096) = 53
1787728559.306517 read(11, "", 4096)    = 0
1787728559.433200 read(11, "@PS1,M,235778,17945854,969441,9504877,00000000*8C21\r\n@PS1,M,235779,17945914,969212,9504844,00000000*7649\r\n", 4096) = 106
1787728559.438698 read(11, "", 4096)    = 0
1787728559.477416 read(11, "@PS1,M,235780,17945974,969227,9504897,00000000*565D\r\n", 4096) = 53
1787728559.479456 read(11, "", 4096)    = 0
1787728559.583601 read(11, "@PS1,M,235781,17946034,969189,9504927,00000000*C22A\r\n", 4096) = 53
1787728559.587451 read(11, "", 4096)    = 0
1787728559.730255 read(11, "@PS1,M,235782,17946214,968997,9504953,00000000*D718\r\n", 4096) = 53
1787728559.734131 read(11, "", 4096)    = 0
1787728559.775745 read(11, "@PS1,M,235783,17946274,968867,9504990,00000000*4F8C\r\n", 4096) = 53
1787728559.777927 read(11, "", 4096)    = 0
1787728559.878678 read(11, "@PS1,M,235784,17946334,968813,9505010,00000000*1A3C\r\n", 4096) = 53
1787728559.882804 read(11, "", 4096)    = 0
1787728559.896614 read(11, "@PS1,M,235785,17946394,968632,9505036,00000000*7266\r\n", 4096) = 53
1787728559.898918 read(11, "", 4096)    = 0
1787728560.026124 read(11, "@PS1,M,235786,17946456,968741,9505082,00000000*FD86\r\n@PS1,M,235787,17946516,968691,9505080,00000000*0804\r\n", 4096) = 106
1787728560.031737 read(11, "", 4096)    = 0
1787728560.075689 read(11, "@PS1,M,235788,17946576,968710,9505136,00000000*6B17\r\n", 4096) = 53
1787728560.077934 read(11, "", 4096)    = 0
1787728560.254636 read(11, "@PS1,M,235789,17946756,968406,9505190,00000000*64B1\r\n", 4096) = 53
1787728560.257457 read(11, "", 4096)    = 0
1787728560.314296 read(11, "@PS1,M,235790,17946816,968299,9505230,00000000*9B5A\r\n", 4096) = 53
1787728560.316425 read(11, "", 4096)    = 0
1787728560.403769 read(11, "@PS1,M,235791,17946876,968406,9505215,00000000*4EA8\r\n", 4096) = 53
1787728560.407411 read(11, "", 4096)    = 0
1787728560.433853 read(11, "@PS1,M,235792,17946936,968404,9505222,00000000*EA05\r\n", 4096) = 53
1787728560.436021 read(11, "", 4096)    = 0
1787728560.577117 read(11, "@PS1,M,235793,17946996,968379,9505269,00000000*E452\r\n@PS1,M,235794,17947056,968202,9505304,00000000*BC68\r\n", 4096) = 106
1787728560.585264 read(11, "", 4096)    = 0
1787728560.747996 read(11, "@PS1,M,235795,17947237,968301,9505338,00000000*3C55\r\n", 4096) = 53
1787728560.751851 read(11, "", 4096)    = 0
1787728560.793229 read(11, "@PS1,M,235796,17947297,968193,9505349,00000000*60A9\r\n", 4096) = 53
1787728560.795322 read(11, "", 4096)    = 0
1787728560.895078 read(11, "@PS1,M,235797,17947357,968205,9505346,00000000*0D20\r\n", 4096) = 53
1787728560.899444 read(11, "", 4096)    = 0
1787728560.913255 read(11, "@PS1,M,235798,17947417,968171,9505374,00000000*81FD\r\n", 4096) = 53
1787728560.915510 read(11, "", 4096)    = 0
1787728561.042457 read(11, "@PS1,M,235799,17947477,968159,9505353,00000000*25C4\r\n@PS1,M,235800,17947537,968216,9505365,00000000*6AC8\r\n", 4096) = 106
1787728561.048057 read(11, "", 4096)    = 0
1787728561.091915 read(11, "@PS1,M,235801,17947597,968230,9505308,00000000*5897\r\n", 4096) = 53
1787728561.094091 read(11, "", 4096)    = 0
1787728561.271813 read(11, "@PS1,M,235802,17947778,968237,9505395,00000000*EB7B\r\n", 4096) = 53
1787728561.274119 read(11, "", 4096)    = 0
1787728561.416780 read(11, "@PS1,M,235803,17947838,968264,9505388,00000000*E19A\r\n@PS1,M,235804,17947898,968310,9505409,00000000*44C7\r\n", 4096) = 106
1787728561.422426 read(11, "", 4096)    = 0
1787728561.450971 read(11, "@PS1,M,235805,17947958,968372,9505391,00000000*436B\r\n", 4096) = 53
1787728561.452951 read(11, "", 4096)    = 0
1787728561.564677 read(11, "@PS1,M,235806,17948018,968330,9505356,00000000*44B7\r\n", 4096) = 53
1787728561.569050 read(11, "", 4096)    = 0
1787728561.570382 read(11, "@PS1,M,235807,17948079,968322,9505387,00000000*2E9A\r\n", 4096) = 53
1787728561.572508 read(11, "", 4096)    = 0
1787728561.749889 read(11, "@PS1,M,235808,17948259,968536,9505374,00000000*A06F\r\n", 4096) = 53
1787728561.752183 read(11, "", 4096)    = 0
1787728561.895497 read(11, "@PS1,M,235809,17948319,968595,9505358,00000000*C374\r\n@PS1,M,235810,17948379,968742,9505342,00000000*91E8\r\n", 4096) = 106
1787728561.905238 read(11, "", 4096)    = 0
1787728561.929173 read(11, "@PS1,M,235811,17948439,968622,9505350,00000000*2149\r\n", 4096) = 53
1787728561.931810 read(11, "", 4096)    = 0
1787728562.057247 read(11, "@PS1,M,235812,17948499,968796,9505335,00000000*FAE7\r\n@PS1,M,235813,17948559,968821,9505288,00000000*A7BE\r\n", 4096) = 106
1787728562.062685 read(11, "", 4096)    = 0
1787728562.108444 read(11, "@PS1,M,235814,17948619,968933,9505296,00000000*1718\r\n", 4096) = 53
1787728562.110810 read(11, "", 4096)    = 0
1787728562.288239 read(11, "@PS1,M,235815,17948800,969127,9505265,00000000*C765\r\n", 4096) = 53
1787728562.290583 read(11, "", 4096)    = 0
1787728562.433682 read(11, "@PS1,M,235816,17948860,969222,9505211,00000000*70C5\r\n@PS1,M,235817,17948920,969181,9505205,00000000*7FBA\r\n", 4096) = 106
1787728562.438872 read(11, "", 4096)    = 0
1787728562.467428 read(11, "@PS1,M,235818,17948980,969371,9505230,00000000*3A0D\r\n", 4096) = 53
1787728562.469600 read(11, "", 4096)    = 0
1787728562.583150 read(11, "@PS1,M,235819,17949040,969326,9505180,00000000*27BF\r\n", 4096) = 53
1787728562.587517 read(11, "@PS1,M,235820,17949100,969505,9505126,00000000*578C\r\n", 4096) = 53
1787728562.589831 read(11, "", 4096)    = 0
1787728562.767286 read(11, "@PS1,M,235821,17949282,969493,9505103,00000000*5573\r\n", 4096) = 53
1787728562.769575 read(11, "", 4096)    = 0
1787728562.912046 read(11, "@PS1,M,235822,17949342,969666,9505092,00000000*8116\r\n@PS1,M,235823,17949402,969638,9505093,00000000*EE09\r\n", 4096) = 106
1787728562.917029 read(11, "", 4096)    = 0
1787728562.946445 read(11, "@PS1,M,235824,17949462,969718,9505062,00000000*AE6E\r\n", 4096) = 53
1787728562.948863 read(11, "", 4096)    = 0
1787728563.059377 read(11, "@PS1,M,235825,17949522,969870,9504994,00000000*3316\r\n", 4096) = 53
1787728563.063842 read(11, "", 4096)    = 0
1787728563.065850 read(11, "@PS1,M,235826,17949582,969761,9504969,00000000*E490\r\n", 4096) = 53
1787728563.067967 read(11, "", 4096)    = 0
1787728563.207440 read(11, "@PS1,M,235827,17949642,969903,9505001,00000000*1725\r\n", 4096) = 53
1787728563.211310 read(11, "", 4096)    = 0
1787728563.355612 read(11, "@PS1,M,235828,17949823,969984,9504923,00000000*5988\r\n", 4096) = 53
1787728563.359509 read(11, "", 4096)    = 0
1787728563.373633 read(11, "@PS1,M,235829,17949883,969945,9504876,00000000*DEF8\r\n", 4096) = 53
1787728563.376325 read(11, "", 4096)    = 0
1787728563.502430 read(11, "@PS1,M,235830,17949943,969937,9504873,00000000*3B65\r\n@PS1,M,235831,17950003,969966,9504868,00000000*2DDF\r\n", 4096) = 106
1787728563.507515 read(11, "", 4096)    = 0
1787728563.544455 read(11, "@PS1,M,235832,17950063,970210,9504804,00000000*F8F1\r\n", 4096) = 53
1787728563.547729 read(11, "", 4096)    = 0
1787728563.658238 --- SIGCHLD {si_signo=SIGCHLD, si_code=CLD_EXITED, si_pid=53005, si_uid=1000, si_status=0, si_utime=0, si_stime=0} ---
1787728563.669846 read(11, "@PS1,M,235833,17950123,970007,9504851,00000000*EEA6\r\n", 4096) = 53
1787728563.673701 read(11, "", 4096)    = 0
1787728563.816331 read(11, "@PS1,M,235834,17950303,969988,9504785,00000000*9391\r\n", 4096) = 53
1787728563.820505 read(11, "", 4096)    = 0
1787728563.843312 read(11, "@PS1,M,235835,17950363,970008,9504814,00000000*BF9C\r\n", 4096) = 53
1787728563.846357 read(11, "", 4096)    = 0
1787728563.963544 read(11, "@PS1,M,235836,17950424,969868,9504775,00000000*9BB8\r\n@PS1,M,235837,17950484,969743,9504775,00000000*1471\r\n", 4096) = 106
1787728563.968640 read(11, "", 4096)    = 0
1787728564.023638 read(11, "@PS1,M,235838,17950545,969971,9504754,00000000*EE5A\r\n", 4096) = 53
1787728564.025871 read(11, "", 4096)    = 0
1787728564.112206 read(11, "@PS1,M,235839,17950605,969873,9504779,00000000*316B\r\n", 4096) = 53
1787728564.116781 read(11, "", 4096)    = 0
1787728564.143222 read(11, "@PS1,M,235840,17950665,969725,9504758,00000000*9CDF\r\n", 4096) = 53
1787728564.145450 read(11, "", 4096)    = 0
1787728564.321716 read(11, "@PS1,M,235841,17950844,969574,9504770,00000000*3E66\r\n", 4096) = 53
1787728564.324010 read(11, "", 4096)    = 0
1787728564.466334 read(11, "@PS1,M,235842,17950905,969706,9504807,00000000*CCA2\r\n@PS1,M,235843,17950966,969506,9504787,00000000*9D75\r\n", 4096) = 106
1787728564.473095 read(11, "", 4096)    = 0
1787728564.502232 read(11, "@PS1,M,235844,17951026,969353,9504831,00000000*E3FD\r\n", 4096) = 53
1787728564.505046 read(11, "", 4096)    = 0
1787728564.626634 read(11, "@PS1,M,235845,17951086,969457,9504840,00000000*3AD0\r\n@PS1,M,235846,17951146,969297,9504858,00000000*CE1A\r\n", 4096) = 106
1787728564.631741 read(11, "", 4096)    = 0
1787728564.800587 read(11, "@PS1,M,235847,17951326,969136,9504916,00000000*58D5\r\n", 4096) = 53
1787728564.802859 read(11, "", 4096)    = 0
1787728564.944884 read(11, "@PS1,M,235848,17951386,969208,9504939,00000000*4DF3\r\n@PS1,M,235849,17951446,969214,9504919,00000000*66EB\r\n", 4096) = 106
1787728564.950501 read(11, "", 4096)    = 0
1787728564.979838 read(11, "@PS1,M,235850,17951506,969063,9504938,00000000*D6AD\r\n", 4096) = 53
1787728564.981970 read(11, "", 4096)    = 0
1787728565.093161 read(11, "@PS1,M,235851,17951566,969116,9504992,00000000*0A6B\r\n", 4096) = 53
1787728565.097036 read(11, "", 4096)    = 0
1787728565.099247 read(11, "@PS1,M,235852,17951626,968791,9505010,00000000*3944\r\n", 4096) = 53
1787728565.101310 read(11, "", 4096)    = 0
1787728565.238870 read(11, "@PS1,M,235853,17951687,968946,9505030,00000000*CDD0\r\n", 4096) = 53
1787728565.243016 read(11, "", 4096)    = 0
1787728565.385476 read(11, "@PS1,M,235854,17951868,968748,9505101,00000000*3739\r\n", 4096) = 53
1787728565.390099 read(11, "", 4096)    = 0
1787728565.403683 read(11, "@PS1,M,235855,17951928,968636,9505139,00000000*E32A\r\n", 4096) = 53
1787728565.406155 read(11, "", 4096)    = 0
1787728565.533110 read(11, "@PS1,M,235856,17951988,968521,9505158,00000000*C284\r\n@PS1,M,235857,17952048,968547,9505133,00000000*C1B4\r\n", 4096) = 106
1787728565.538392 read(11, "", 4096)    = 0
1787728565.578414 read(11, "@PS1,M,235858,17952108,968489,9505179,00000000*D9BF\r\n", 4096) = 53
1787728565.580465 read(11, "", 4096)    = 0
1787728565.745821 read(11, "@PS1,M,235859,17952168,968334,9505210,00000000*D604\r\n", 4096) = 53
1787728565.749974 read(11, "", 4096)    = 0
1787728565.893222 read(11, "@PS1,M,235860,17952348,968298,9505266,00000000*72A5\r\n@PS1,M,235861,17952408,968222,9505279,00000000*789E\r\n", 4096) = 106
1787728565.898398 read(11, "", 4096)    = 0
1787728565.936774 read(11, "@PS1,M,235862,17952468,968265,9505264,00000000*FD4D\r\n", 4096) = 53
1787728565.939089 read(11, "", 4096)    = 0
1787728566.041006 read(11, "@PS1,M,235863,17952529,968249,9505310,00000000*8A56\r\n", 4096) = 53
1787728566.044856 read(11, "", 4096)    = 0
1787728566.058873 read(11, "@PS1,M,235864,17952589,968077,9505329,00000000*A099\r\n", 4096) = 53
1787728566.061786 read(11, "", 4096)    = 0
1787728566.188531 read(11, "@PS1,M,235865,17952650,968175,9505301,00000000*6A42\r\n@PS1,M,235866,17952710,968147,9505341,00000000*89A8\r\n", 4096) = 106
1787728566.193892 read(11, "", 4096)    = 0
1787728566.355843 read(11, "@PS1,M,235867,17952889,968164,9505365,00000000*A2FE\r\n", 4096) = 53
1787728566.358706 read(11, "", 4096)    = 0
1787728566.500878 read(11, "@PS1,M,235868,17952949,968041,9505378,00000000*998F\r\n@PS1,M,235869,17953010,968108,9505384,00000000*FA26\r\n", 4096) = 106
1787728566.506513 read(11, "", 4096)    = 0
1787728566.535045 read(11, "@PS1,M,235870,17953070,968214,9505394,00000000*20F4\r\n", 4096) = 53
1787728566.537142 read(11, "", 4096)    = 0
1787728566.662865 read(11, "@PS1,M,235871,17953130,968159,9505375,00000000*E37D\r\n@PS1,M,235872,17953190,968173,9505386,00000000*BBB2\r\n", 4096) = 106
1787728566.667904 read(11, "", 4096)    = 0
1787728566.835158 read(11, "@PS1,M,235873,17953371,968174,9505408,00000000*C183\r\n", 4096) = 53
1787728566.837544 read(11, "", 4096)    = 0
1787728566.980826 read(11, "@PS1,M,235874,17953431,968225,9505391,00000000*B189\r\n@PS1,M,235875,17953491,968268,9505385,00000000*9A78\r\n", 4096) = 106
1787728566.986279 read(11, "", 4096)    = 0
1787728567.014327 read(11, "@PS1,M,235876,17953551,968557,9505372,00000000*F551\r\n", 4096) = 53
1787728567.016843 read(11, "", 4096)    = 0
1787728567.129407 read(11, "@PS1,M,235877,17953612,968412,9505394,00000000*543B\r\n", 4096) = 53
1787728567.133323 read(11, "", 4096)    = 0
1787728567.133880 read(11, "@PS1,M,235878,17953672,968520,9505365,00000000*9BAC\r\n", 4096) = 53
1787728567.135954 read(11, "", 4096)    = 0
1787728567.276683 read(11, "@PS1,M,235879,17953732,968464,9505343,00000000*DD2E\r\n", 4096) = 53
1787728567.280872 read(11, "", 4096)    = 0
1787728567.424554 read(11, "@PS1,M,235880,17953912,968725,9505324,00000000*5BB4\r\n", 4096) = 53
1787728567.428618 read(11, "", 4096)    = 0
1787728567.432399 read(11, "@PS1,M,235881,17953972,968816,9505308,00000000*1EAB\r\n", 4096) = 53
1787728567.434404 read(11, "", 4096)    = 0
1787728567.571744 read(11, "@PS1,M,235882,17954032,968812,9505311,00000000*7779\r\n@PS1,M,235883,17954092,968991,9505323,00000000*939D\r\n", 4096) = 106
1787728567.576912 read(11, "", 4096)    = 0
1787728567.611650 read(11, "@PS1,M,235884,17954152,968868,9505285,00000000*2C33\r\n", 4096) = 53
1787728567.618223 read(11, "", 4096)    = 0
1787728567.733181 read(11, "@PS1,M,235885,17954212,969010,9505279,00000000*D108\r\n", 4096) = 53
1787728567.737534 read(11, "", 4096)    = 0
1787728567.881188 read(11, "@PS1,M,235886,17954393,969182,9505215,00000000*9B62\r\n", 4096) = 53
1787728567.885070 read(11, "", 4096)    = 0
1787728567.911223 read(11, "@PS1,M,235887,17954453,969268,9505239,00000000*A314\r\n", 4096) = 53
1787728567.913515 read(11, "", 4096)    = 0
1787728568.029046 read(11, "@PS1,M,235888,17954513,969347,9505182,00000000*DEF9\r\n", 4096) = 53
1787728568.032900 read(11, "@PS1,M,235889,17954573,969386,9505193,00000000*04E5\r\n", 4096) = 53
1787728568.035424 read(11, "", 4096)    = 0
1787728568.090436 read(11, "@PS1,M,235890,17954633,969352,9505168,00000000*761B\r\n", 4096) = 53
1787728568.092453 read(11, "", 4096)    = 0
1787728568.191176 read(11, "@PS1,M,235891,17954693,969533,9505150,00000000*0A5A\r\n", 4096) = 53
1787728568.195120 read(11, "", 4096)    = 0
1787728568.209891 read(11, "@PS1,M,235892,17954753,969577,9505113,00000000*5129\r\n", 4096) = 53
1787728568.212028 read(11, "", 4096)    = 0
1787728568.389993 read(11, "@PS1,M,235893,17954934,969681,9505043,00000000*760B\r\n", 4096) = 53
1787728568.392230 read(11, "", 4096)    = 0
1787728568.535741 read(11, "@PS1,M,235894,17954995,969703,9505041,00000000*272D\r\n@PS1,M,235895,17955055,969746,9505003,00000000*44E5\r\n", 4096) = 106
1787728568.543122 read(11, "", 4096)    = 0
1787728568.569347 read(11, "@PS1,M,235896,17955115,969679,9505004,00000000*2EF8\r\n", 4096) = 53
1787728568.571997 read(11, "", 4096)    = 0
1787728568.698699 --- SIGCHLD {si_signo=SIGCHLD, si_code=CLD_EXITED, si_pid=53023, si_uid=1000, si_status=0, si_utime=0, si_stime=0} ---
1787728568.709727 read(11, "@PS1,M,235897,17955175,969873,9504976,00000000*C04E\r\n@PS1,M,235898,17955235,969712,9504986,00000000*81B4\r\n", 4096) = 106
1787728568.714971 read(11, "", 4096)    = 0
1787728568.870633 read(11, "@PS1,M,235899,17955415,969801,9504898,00000000*2323\r\n", 4096) = 53
1787728568.874947 read(11, "", 4096)    = 0
1787728568.927764 read(11, "@PS1,M,235900,17955475,969847,9504866,00000000*7A0C\r\n", 4096) = 53
1787728568.930005 read(11, "", 4096)    = 0
1787728569.017941 read(11, "@PS1,M,235901,17955535,969943,9504868,00000000*9E69\r\n", 4096) = 53
1787728569.021557 read(11, "", 4096)    = 0
1787728569.111287 read(11, "@PS1,M,235902,17955595,970001,9504826,00000000*7ED4\r\n@PS1,M,235903,17955656,969912,9504852,00000000*145B\r\n", 4096) = 106
1787728569.116565 read(11, "", 4096)    = 0
1787728569.168052 read(11, "@PS1,M,235904,17955717,970043,9504826,00000000*2C3C\r\n", 4096) = 53
1787728569.170458 read(11, "", 4096)    = 0
1787728569.273386 read(11, "@PS1,M,235905,17955777,970074,9504793,00000000*E00E\r\n", 4096) = 53
1787728569.277286 read(11, "", 4096)    = 0
1787728569.419698 read(11, "@PS1,M,235906,17955956,969905,9504780,00000000*D189\r\n", 4096) = 53
1787728569.423591 read(11, "", 4096)    = 0
1787728569.466318 read(11, "@PS1,M,235907,17956016,969737,9504798,00000000*1FD2\r\n", 4096) = 53
1787728569.468328 read(11, "", 4096)    = 0
1787728569.567948 read(11, "@PS1,M,235908,17956077,969833,9504785,00000000*5302\r\n", 4096) = 53
1787728569.572062 read(11, "", 4096)    = 0
1787728569.586067 read(11, "@PS1,M,235909,17956137,969716,9504805,00000000*63C3\r\n", 4096) = 53
1787728569.588712 read(11, "", 4096)    = 0
1787728569.716392 read(11, "@PS1,M,235910,17956197,969778,9504771,00000000*C0D1\r\n@PS1,M,235911,17956257,969716,9504756,00000000*68F7\r\n", 4096) = 106
1787728569.722190 read(11, "", 4096)    = 0
1787728569.885663 read(11, "@PS1,M,235912,17956438,969704,9504809,00000000*5D07\r\n", 4096) = 53
1787728569.887896 read(11, "", 4096)    = 0
1787728570.030108 read(11, "@PS1,M,235913,17956498,969544,9504814,00000000*C967\r\n@PS1,M,235914,17956558,969434,9504805,00000000*2252\r\n", 4096) = 106
1787728570.035676 read(11, "", 4096)    = 0
1787728570.065065 read(11, "@PS1,M,235915,17956618,969606,9504824,00000000*36C8\r\n", 4096) = 53
1787728570.067135 read(11, "", 4096)    = 0
1787728570.191070 read(11, "@PS1,M,235916,17956678,969495,9504830,00000000*0BEA\r\n@PS1,M,235917,17956738,969415,9504844,00000000*07D9\r\n", 4096) = 106
1787728570.196046 read(11, "", 4096)    = 0
1787728570.244149 read(11, "@PS1,M,235918,17956798,969346,9504869,00000000*0F40\r\n", 4096) = 53
1787728570.246237 read(11, "", 4096)    = 0
1787728570.423304 read(11, "@PS1,M,235919,17956978,969147,9504904,00000000*4C64\r\n", 4096) = 53
1787728570.425965 read(11, "", 4096)    = 0
1787728570.483033 read(11, "@PS1,M,235920,17957039,969143,9504954,00000000*EFAB\r\n", 4096) = 53
1787728570.485247 read(11, "", 4096)    = 0
1787728570.571720 read(11, "@PS1,M,235921,17957099,969049,9504915,00000000*025D\r\n", 4096) = 53
1787728570.575747 read(11, "", 4096)    = 0
1787728570.602595 read(11, "@PS1,M,235922,17957159,968974,9504990,00000000*BFE5\r\n", 4096) = 53
1787728570.604727 read(11, "", 4096)    = 0
1787728570.718746 read(11, "@PS1,M,235923,17957220,968864,9504995,00000000*08A4\r\n", 4096) = 53
1787728570.722628 read(11, "", 4096)    = 0
1787728570.723207 read(11, "@PS1,M,235924,17957280,968804,9505010,00000000*4E32\r\n", 4096) = 53
1787728570.725703 read(11, "", 4096)    = 0
1787728570.919621 read(11, "@PS1,M,235925,17957460,968718,9505079,00000000*7946\r\n", 4096) = 53
1787728570.924281 read(11, "", 4096)    = 0
1787728570.961896 read(11, "@PS1,M,235926,17957520,968607,9505111,00000000*1B74\r\n", 4096) = 53
1787728570.963892 read(11, "", 4096)    = 0
1787728571.067333 read(11, "@PS1,M,235927,17957580,968553,9505121,00000000*BC97\r\n", 4096) = 53
1787728571.071212 read(11, "", 4096)    = 0
1787728571.085430 read(11, "@PS1,M,235928,17957640,968512,9505176,00000000*49B8\r\n", 4096) = 53
1787728571.087739 read(11, "", 4096)    = 0
1787728571.213013 read(11, "@PS1,M,235929,17957700,968430,9505171,00000000*2428\r\n@PS1,M,235930,17957760,968453,9505196,00000000*0C43\r\n", 4096) = 106
1787728571.218501 read(11, "", 4096)    = 0
1787728571.260676 read(11, "@PS1,M,235931,17957820,968498,9505237,00000000*8179\r\n", 4096) = 53
1787728571.263079 read(11, "", 4096)    = 0
1787728571.439931 read(11, "@PS1,M,235932,17958000,968409,9505291,00000000*D21B\r\n", 4096) = 53
1787728571.442263 read(11, "", 4096)    = 0
1787728571.581044 read(11, "@PS1,M,235933,17958062,968292,9505282,00000000*7763\r\n@PS1,M,235934,17958122,968121,9505297,00000000*B1FB\r\n", 4096) = 106
1787728571.587068 read(11, "", 4096)    = 0
1787728571.620416 read(11, "@PS1,M,235935,17958182,968224,9505296,00000000*6796\r\n", 4096) = 53
1787728571.622670 read(11, "", 4096)    = 0
1787728571.742984 read(11, "@PS1,M,235936,17958242,968306,9505299,00000000*7147\r\n@PS1,M,235937,17958302,968076,9505328,00000000*BB4C\r\n", 4096) = 106
1787728571.748088 read(11, "", 4096)    = 0
1787728571.918704 read(11, "@PS1,M,235938,17958481,968089,9505390,00000000*529F\r\n", 4096) = 53
1787728571.921449 read(11, "", 4096)    = 0
1787728571.978379 read(11, "@PS1,M,235939,17958541,968061,9505354,00000000*A21A\r\n", 4096) = 53
1787728571.980909 read(11, "", 4096)    = 0
1787728572.067440 read(11, "@PS1,M,235940,17958602,968048,9505404,00000000*F68D\r\n", 4096) = 53
1787728572.071078 read(11, "", 4096)    = 0
1787728572.099209 read(11, "@PS1,M,235941,17958663,968053,9505381,00000000*B18E\r\n", 4096) = 53
1787728572.101475 read(11, "", 4096)    = 0
1787728572.213573 read(11, "@PS1,M,235942,17958723,968102,9505404,00000000*BA57\r\n", 4096) = 53
1787728572.217435 read(11, "", 4096)    = 0
1787728572.218590 read(11, "@PS1,M,235943,17958783,968089,9505386,00000000*7DE3\r\n", 4096) = 53
1787728572.220535 read(11, "", 4096)    = 0
1787728572.360442 read(11, "@PS1,M,235944,17958843,968163,9505402,00000000*BD43\r\n", 4096) = 53
1787728572.364599 read(11, "", 4096)    = 0
1787728572.507666 read(11, "@PS1,M,235945,17959023,968227,9505395,00000000*FFFC\r\n", 4096) = 53
1787728572.511603 read(11, "", 4096)    = 0
1787728572.527627 read(11, "@PS1,M,235946,17959083,968313,9505413,00000000*5E92\r\n", 4096) = 53
1787728572.530040 read(11, "", 4096)    = 0
1787728572.654778 read(11, "@PS1,M,235947,17959143,968404,9505397,00000000*D499\r\n@PS1,M,235948,17959203,968349,9505378,00000000*0BF5\r\n", 4096) = 106
1787728572.659998 read(11, "", 4096)    = 0
1787728572.696146 read(11, "@PS1,M,235949,17959263,968376,9505392,00000000*FAF4\r\n", 4096) = 53
1787728572.698558 read(11, "", 4096)    = 0
1787728572.802591 read(11, "@PS1,M,235950,17959323,968453,9505360,00000000*55C1\r\n", 4096) = 53
1787728572.806416 read(11, "", 4096)    = 0
1787728572.948396 read(11, "@PS1,M,235951,17959503,968600,9505354,00000000*D688\r\n", 4096) = 53
1787728572.952264 read(11, "", 4096)    = 0
1787728572.995195 read(11, "@PS1,M,235952,17959563,968776,9505358,00000000*53D5\r\n", 4096) = 53
1787728572.997161 read(11, "", 4096)    = 0
1787728573.094960 read(11, "@PS1,M,235953,17959625,968796,9505387,00000000*E50A\r\n", 4096) = 53
1787728573.098877 read(11, "", 4096)    = 0
1787728573.115948 read(11, "@PS1,M,235954,17959685,968760,9505316,00000000*C59B\r\n", 4096) = 53
1787728573.119266 read(11, "", 4096)    = 0
1787728573.240006 read(11, "@PS1,M,235955,17959745,968984,9505312,00000000*C70C\r\n@PS1,M,235956,17959805,968963,9505280,00000000*0055\r\n", 4096) = 106
1787728573.245406 read(11, "", 4096)    = 0
1787728573.295197 read(11, "@PS1,M,235957,17959865,969031,9505293,00000000*176C\r\n", 4096) = 53
1787728573.297483 read(11, "", 4096)    = 0
1787728573.474434 read(11, "@PS1,M,235958,17960045,969083,9505260,00000000*8814\r\n", 4096) = 53
1787728573.480771 read(11, "", 4096)    = 0
1787728573.534254 read(11, "@PS1,M,235959,17960105,969036,9505224,00000000*8E4B\r\n", 4096) = 53
1787728573.537185 read(11, "", 4096)    = 0
1787728573.638524 read(11, "@PS1,M,235960,17960165,969155,9505241,00000000*21FD\r\n", 4096) = 53
1787728573.643240 read(11, "", 4096)    = 0
1787728573.648649 --- SIGCHLD {si_signo=SIGCHLD, si_code=CLD_EXITED, si_pid=53041, si_uid=1000, si_status=0, si_utime=0, si_stime=0} ---
1787728573.658741 read(11, "@PS1,M,235961,17960225,969338,9505172,00000000*A181\r\n", 4096) = 53
1787728573.661720 read(11, "", 4096)    = 0
1787728573.785891 read(11, "@PS1,M,235962,17960285,969320,9505145,00000000*25F1\r\n@PS1,M,235963,17960345,969370,9505153,00000000*332F\r\n", 4096) = 106
1787728573.791769 read(11, "", 4096)    = 0
1787728573.953114 read(11, "@PS1,M,235964,17960526,969648,9505111,00000000*50C7\r\n", 4096) = 53
1787728573.955667 read(11, "", 4096)    = 0
1787728574.097718 read(11, "@PS1,M,235965,17960586,969624,9505058,00000000*2558\r\n@PS1,M,235966,17960646,969611,9505066,00000000*3F4F\r\n", 4096) = 106
1787728574.103042 read(11, "", 4096)    = 0
1787728574.132322 read(11, "@PS1,M,235967,17960706,969533,9505041,00000000*990A\r\n", 4096) = 53
1787728574.134485 read(11, "", 4096)    = 0
1787728574.245329 read(11, "@PS1,M,235968,17960766,969671,9504997,00000000*E613\r\n", 4096) = 53
1787728574.249184 read(11, "", 4096)    = 0
1787728574.251780 read(11, "@PS1,M,235969,17960826,969750,9504984,00000000*2AE9\r\n", 4096) = 53
1787728574.254221 read(11, "", 4096)    = 0
1787728574.391046 read(11, "@PS1,M,235970,17960886,969785,9504959,00000000*AE08\r\n", 4096) = 53
1787728574.394920 read(11, "", 4096)    = 0
1787728574.536044 read(11, "@PS1,M,235971,17961067,969780,9504877,00000000*8811\r\n", 4096) = 53
1787728574.539994 read(11, "", 4096)    = 0
1787728574.554163 read(11, "@PS1,M,235972,17961127,969896,9504922,00000000*1BAF\r\n", 4096) = 53
1787728574.556400 read(11, "", 4096)    = 0
1787728574.682502 read(11, "@PS1,M,235973,17961187,969892,9504877,00000000*4468\r\n@PS1,M,235974,17961247,969994,9504870,00000000*149C\r\n", 4096) = 106
1787728574.688342 read(11, "", 4096)    = 0
1787728574.730036 read(11, "@PS1,M,235975,17961307,969863,9504851,00000000*ACA8\r\n", 4096) = 53
1787728574.732095 read(11, "", 4096)    = 0
1787728574.829805 read(11, "@PS1,M,235976,17961367,969918,9504826,00000000*0A35\r\n", 4096) = 53
1787728574.833783 read(11, "", 4096)    = 0
1787728574.975667 read(11, "@PS1,M,235977,17961547,969873,9504788,00000000*A923\r\n", 4096) = 53
1787728574.979444 read(11, "", 4096)    = 0
1787728575.028943 read(11, "@PS1,M,235978,17961607,969827,9504792,00000000*6854\r\n", 4096) = 53
1787728575.030999 read(11, "", 4096)    = 0
1787728575.121597 read(11, "@PS1,M,235979,17961669,969873,9504773,00000000*F7B7\r\n", 4096) = 53
1787728575.126197 read(11, "", 4096)    = 0
1787728575.149608 read(11, "@PS1,M,235980,17961729,969655,9504768,00000000*EDDA\r\n", 4096) = 53
1787728575.152219 read(11, "", 4096)    = 0
1787728575.268136 read(11, "@PS1,M,235981,17961789,969718,9504786,00000000*EC6A\r\n", 4096) = 53
1787728575.272115 read(11, "@PS1,M,235982,17961849,969945,9504762,00000000*A2E8\r\n", 4096) = 53
1787728575.274386 read(11, "", 4096)    = 0
1787728575.328891 read(11, "@PS1,M,235983,17961909,969670,9504791,00000000*C7A7\r\n", 4096) = 53
1787728575.330834 read(11, "", 4096)    = 0
1787728575.508552 read(11, "@PS1,M,235984,17962090,969551,9504778,00000000*53C0\r\n", 4096) = 53
1787728575.511149 read(11, "", 4096)    = 0
1787728575.652699 read(11, "@PS1,M,235985,17962150,969677,9504795,00000000*5187\r\n@PS1,M,235986,17962210,969497,9504805,00000000*3DD9\r\n", 4096) = 106
1787728575.657910 read(11, "", 4096)    = 0
1787728575.687745 read(11, "@PS1,M,235987,17962270,969323,9504832,00000000*8659\r\n", 4096) = 53
1787728575.690367 read(11, "", 4096)    = 0
1787728575.800560 read(11, "@PS1,M,235988,17962330,969300,9504875,00000000*A61D\r\n", 4096) = 53
1787728575.804390 read(11, "", 4096)    = 0
1787728575.818509 read(11, "@PS1,M,235989,17962390,969402,9504858,00000000*11A4\r\n", 4096) = 53
1787728575.821100 read(11, "", 4096)    = 0
1787728575.986203 read(11, "@PS1,M,235990,17962569,969199,9504937,00000000*C280\r\n", 4096) = 53
1787728575.991093 read(11, "", 4096)    = 0
1787728576.045808 read(11, "@PS1,M,235991,17962630,969183,9504972,00000000*58FA\r\n", 4096) = 53
1787728576.048922 read(11, "", 4096)    = 0
1787728576.167002 read(11, "@PS1,M,235992,17962690,968926,9504958,00000000*F770\r\n@PS1,M,235993,17962751,968967,9504995,00000000*5A30\r\n", 4096) = 106
1787728576.172085 read(11, "", 4096)    = 0
1787728576.259565 read(11, "@PS1,M,235994,17962811,968888,9505034,00000000*9E9D\r\n", 4096) = 53
1787728576.264299 read(11, "", 4096)    = 0
1787728576.286176 read(11, "@PS1,M,235995,17962871,968813,9505004,00000000*1C5B\r\n", 4096) = 53
1787728576.288846 read(11, "", 4096)    = 0
1787728576.420256 read(11, "@PS1,M,235996,17962931,968670,9505059,00000000*C9E1\r\n", 4096) = 53
1787728576.424136 read(11, "", 4096)    = 0
1787728576.565734 read(11, "@PS1,M,235997,17963111,968584,9505114,00000000*4CD9\r\n", 4096) = 53
1787728576.569567 read(11, "", 4096)    = 0
1787728576.584943 read(11, "@PS1,M,235998,17963171,968476,9505152,00000000*9DE1\r\n", 4096) = 53
1787728576.587461 read(11, "", 4096)    = 0
1787728576.713076 read(11, "@PS1,M,235999,17963231,968474,9505159,00000000*A46F\r\n@PS1,M,236000,17963291,968365,9505210,00000000*2423\r\n", 4096) = 106
1787728576.718816 read(11, "", 4096)    = 0
1787728576.764185 read(11, "@PS1,M,236001,17963352,968391,9505223,00000000*5264\r\n", 4096) = 53
1787728576.766335 read(11, "", 4096)    = 0
1787728576.855545 read(11, "@PS1,M,236002,17963412,968375,9505250,00000000*0135\r\n", 4096) = 53
1787728576.858581 read(11, "", 4096)    = 0
1787728577.003346 read(11, "@PS1,M,236003,17963592,968181,9505279,00000000*0F86\r\n", 4096) = 53
1787728577.006104 read(11, "", 4096)    = 0
1787728577.148174 read(11, "@PS1,M,236004,17963652,968210,9505299,00000000*C560\r\n@PS1,M,236005,17963712,968214,9505331,00000000*6641\r\n", 4096) = 106
1787728577.153712 read(11, "", 4096)    = 0
1787728577.182609 read(11, "@PS1,M,236006,17963772,968197,9505315,00000000*C835\r\n", 4096) = 53
1787728577.184614 read(11, "", 4096)    = 0
1787728577.296012 read(11, "@PS1,M,236007,17963832,968164,9505309,00000000*91B0\r\n", 4096) = 53
1787728577.299912 read(11, "", 4096)    = 0
1787728577.302034 read(11, "@PS1,M,236008,17963892,968084,9505370,00000000*E2F4\r\n", 4096) = 53
1787728577.303925 read(11, "", 4096)    = 0
1787728577.442091 read(11, "@PS1,M,236009,17963952,968068,9505365,00000000*A613\r\n", 4096) = 53
1787728577.446273 read(11, "", 4096)    = 0
1787728577.587569 read(11, "@PS1,M,236010,17964134,968085,9505407,00000000*5E3D\r\n", 4096) = 53
1787728577.591480 read(11, "", 4096)    = 0
1787728577.605544 read(11, "@PS1,M,236011,17964194,968135,9505378,00000000*199C\r\n", 4096) = 53
1787728577.608173 read(11, "", 4096)    = 0
1787728577.734173 read(11, "@PS1,M,236012,17964254,968102,9505377,00000000*E477\r\n@PS1,M,236013,17964314,968132,9505403,00000000*0231\r\n", 4096) = 106
1787728577.739787 read(11, "", 4096)    = 0
1787728577.781369 read(11, "@PS1,M,236014,17964374,968277,9505414,00000000*ED63\r\n", 4096) = 53
1787728577.783781 read(11, "", 4096)    = 0
1787728577.881662 read(11, "@PS1,M,236015,17964434,968098,9505430,00000000*99D6\r\n", 4096) = 53
1787728577.885511 read(11, "", 4096)    = 0
1787728578.027481 read(11, "@PS1,M,236016,17964614,968243,9505387,00000000*1D37\r\n", 4096) = 53
1787728578.031355 read(11, "", 4096)    = 0
1787728578.080395 read(11, "@PS1,M,236017,17964675,968223,9505402,00000000*9136\r\n", 4096) = 53
1787728578.082494 read(11, "", 4096)    = 0
1787728578.172748 read(11, "@PS1,M,236018,17964735,968426,9505377,00000000*0E18\r\n", 4096) = 53
1787728578.176607 read(11, "", 4096)    = 0
1787728578.199897 read(11, "@PS1,M,236019,17964795,968429,9505389,00000000*5A0E\r\n", 4096) = 53
1787728578.202901 read(11, "", 4096)    = 0
1787728578.318251 read(11, "@PS1,M,236020,17964855,968340,9505369,00000000*938C\r\n", 4096) = 53
1787728578.322186 read(11, "@PS1,M,236021,17964915,968471,9505351,00000000*B390\r\n", 4096) = 53
1787728578.324319 read(11, "", 4096)    = 0
1787728578.379123 read(11, "@PS1,M,236022,17964975,968479,9505348,00000000*D2D3\r\n", 4096) = 53
1787728578.381249 read(11, "", 4096)    = 0
1787728578.558192 read(11, "@PS1,M,236023,17965155,968647,9505336,00000000*7115\r\n", 4096) = 53
1787728578.561467 read(11, "", 4096)    = 0
1787728578.617980 read(11, "@PS1,M,236024,17965215,968754,9505338,00000000*E9CB\r\n", 4096) = 53
1787728578.621550 read(11, "", 4096)    = 0
1787728578.631626 --- SIGCHLD {si_signo=SIGCHLD, si_code=CLD_EXITED, si_pid=53059, si_uid=1000, si_status=0, si_utime=0, si_stime=0} ---
1787728578.707964 read(11, "@PS1,M,236025,17965276,968717,9505353,00000000*200A\r\n", 4096) = 53
1787728578.711684 read(11, "", 4096)    = 0
1787728578.738642 read(11, "@PS1,M,236026,17965336,968926,9505289,00000000*2EF2\r\n", 4096) = 53
1787728578.741551 read(11, "", 4096)    = 0
1787728578.849147 read(11, "@PS1,M,236027,17965396,968851,9505289,00000000*36E0\r\n", 4096) = 53
1787728578.852981 read(11, "", 4096)    = 0
1787728578.868946 read(11, "@PS1,M,236028,17965456,969030,9505281,00000000*8DB8\r\n", 4096) = 53
1787728578.871235 read(11, "", 4096)    = 0
1787728579.037225 read(11, "@PS1,M,236029,17965636,969180,9505217,00000000*3C81\r\n", 4096) = 53
1787728579.039892 read(11, "", 4096)    = 0
1787728579.096900 read(11, "@PS1,M,236030,17965696,969306,9505165,00000000*1467\r\n", 4096) = 53
1787728579.098979 read(11, "", 4096)    = 0
1787728579.197300 read(11, "@PS1,M,236031,17965756,969339,9505167,00000000*927F\r\n", 4096) = 53
1787728579.199976 read(11, "", 4096)    = 0
1787728579.216536 read(11, "@PS1,M,236032,17965816,969319,9505184,00000000*385F\r\n", 4096) = 53
1787728579.219275 read(11, "", 4096)    = 0
1787728579.334891 read(11, "@PS1,M,236033,17965876,969337,9505157,00000000*BA84\r\n", 4096) = 53
1787728579.338918 read(11, "@PS1,M,236034,17965937,969481,9505102,00000000*BEB5\r\n", 4096) = 53
1787728579.341520 read(11, "", 4096)    = 0
1787728579.395718 read(11, "@PS1,M,236035,17965997,969436,9505132,00000000*33CF\r\n", 4096) = 53
1787728579.397878 read(11, "", 4096)    = 0
1787728579.575539 read(11, "@PS1,M,236036,17966177,969612,9505034,00000000*EC91\r\n", 4096) = 53
1787728579.577818 read(11, "", 4096)    = 0
1787728579.720842 read(11, "@PS1,M,236037,17966237,969510,9505022,00000000*DBB8\r\n@PS1,M,236038,17966297,969562,9504963,00000000*4C22\r\n", 4096) = 106
1787728579.727018 read(11, "", 4096)    = 0
1787728579.754771 read(11, "@PS1,M,236039,17966357,969802,9504986,00000000*4CC6\r\n", 4096) = 53
1787728579.757725 read(11, "", 4096)    = 0
1787728579.882548 read(11, "@PS1,M,236040,17966418,969835,9504946,00000000*1BC2\r\n@PS1,M,236041,17966478,969827,9504949,00000000*262F\r\n", 4096) = 106
1787728579.888301 read(11, "", 4096)    = 0
1787728580.062123 read(11, "@PS1,M,236042,17966659,969682,9504876,00000000*A460\r\n", 4096) = 53
1787728580.064645 read(11, "", 4096)    = 0
1787728580.114046 read(11, "@PS1,M,236043,17966719,969864,9504883,00000000*816F\r\n", 4096) = 53
1787728580.116080 read(11, "", 4096)    = 0
1787728580.208027 read(11, "@PS1,M,236044,17966779,969816,9504838,00000000*577E\r\n", 4096) = 53
1787728580.212382 read(11, "", 4096)    = 0
1787728580.233599 read(11, "@PS1,M,236045,17966839,969788,9504839,00000000*7ED0\r\n", 4096) = 53
1787728580.236131 read(11, "", 4096)    = 0
1787728580.356115 read(11, "@PS1,M,236046,17966899,969878,9504854,00000000*579E\r\n@PS1,M,236047,17966959,969787,9504799,00000000*8A9C\r\n", 4096) = 106
1787728580.361727 read(11, "", 4096)    = 0
1787728580.412818 read(11, "@PS1,M,236048,17967019,969871,9504796,00000000*0D78\r\n", 4096) = 53
1787728580.414834 read(11, "", 4096)    = 0
1787728580.592462 read(11, "@PS1,M,236049,17967199,969744,9504778,00000000*9A2E\r\n", 4096) = 53
1787728580.595091 read(11, "", 4096)    = 0
1787728580.738752 read(11, "@PS1,M,236050,17967260,969653,9504795,00000000*31BF\r\n@PS1,M,236051,17967320,969733,9504806,00000000*2062\r\n", 4096) = 106
1787728580.743929 read(11, "", 4096)    = 0
1787728580.771679 read(11, "@PS1,M,236052,17967380,969644,9504774,00000000*F4CF\r\n", 4096) = 53
1787728580.774259 read(11, "", 4096)    = 0
1787728580.887137 read(11, "@PS1,M,236053,17967440,969735,9504795,00000000*6311\r\n", 4096) = 53
1787728580.891023 read(11, "@PS1,M,236054,17967500,969754,9504783,00000000*BCEE\r\n", 4096) = 53
1787728580.893592 read(11, "", 4096)    = 0
1787728581.071566 read(11, "@PS1,M,236055,17967681,969434,9504787,00000000*7E98\r\n", 4096) = 53
1787728581.074682 read(11, "", 4096)    = 0
1787728581.131228 read(11, "@PS1,M,236056,17967741,969386,9504841,00000000*742A\r\n", 4096) = 53
1787728581.133474 read(11, "", 4096)    = 0
1787728581.271805 read(11, "@PS1,M,236057,17967801,969250,9504813,00000000*DC26\r\n@PS1,M,236058,17967861,969218,9504825,00000000*F202\r\n", 4096) = 106
1787728581.279035 read(11, "", 4096)    = 0
1787728581.310563 read(11, "@PS1,M,236059,17967921,969239,9504900,00000000*D71F\r\n", 4096) = 53
1787728581.312973 read(11, "", 4096)    = 0
1787728581.413911 read(11, "@PS1,M,236060,17967981,969174,9504885,00000000*BC3F\r\n", 4096) = 53
1787728581.418141 read(11, "", 4096)    = 0
1787728581.432003 read(11, "@PS1,M,236061,17968041,969198,9504911,00000000*563B\r\n", 4096) = 53
1787728581.434643 read(11, "", 4096)    = 0
1787728581.609126 read(11, "@PS1,M,236062,17968221,968875,9504965,00000000*4D2F\r\n", 4096) = 53
1787728581.611405 read(11, "", 4096)    = 0
1787728581.755264 read(11, "@PS1,M,236063,17968281,968904,9504988,00000000*8E98\r\n@PS1,M,236064,17968342,968790,9504987,00000000*FBF5\r\n", 4096) = 106
1787728581.761988 read(11, "", 4096)    = 0
1787728581.788397 read(11, "@PS1,M,236065,17968402,968764,9505018,00000000*B76A\r\n", 4096) = 53
1787728581.790861 read(11, "", 4096)    = 0
1787728581.916360 read(11, "@PS1,M,236066,17968463,968749,9505024,00000000*5DD7\r\n@PS1,M,236067,17968523,968709,9505054,00000000*24F0\r\n", 4096) = 106
1787728581.921572 read(11, "", 4096)    = 0
1787728582.087936 read(11, "@PS1,M,236068,17968703,968623,9505109,00000000*992B\r\n", 4096) = 53
1787728582.091291 read(11, "", 4096)    = 0
1787728582.147576 read(11, "@PS1,M,236069,17968763,968331,9505141,00000000*0A04\r\n", 4096) = 53
1787728582.150189 read(11, "", 4096)    = 0
1787728582.237319 read(11, "@PS1,M,236070,17968823,968300,9505181,00000000*7184\r\n", 4096) = 53
1787728582.241149 read(11, "", 4096)    = 0
1787728582.267191 read(11, "@PS1,M,236071,17968883,968248,9505203,00000000*63B7\r\n", 4096) = 53
1787728582.269594 read(11, "", 4096)    = 0
1787728582.379780 read(11, "@PS1,M,236072,17968943,968313,9505211,00000000*3499\r\n", 4096) = 53
1787728582.383671 read(11, "", 4096)    = 0
1787728582.386630 read(11, "@PS1,M,236073,17969003,968276,9505262,00000000*EAEF\r\n", 4096) = 53
1787728582.388641 read(11, "", 4096)    = 0
1787728582.527378 read(11, "@PS1,M,236074,17969063,968171,9505266,00000000*D467\r\n", 4096) = 53
1787728582.531778 read(11, "", 4096)    = 0
1787728582.675806 read(11, "@PS1,M,236075,17969245,968228,9505306,00000000*9CFE\r\n", 4096) = 53
1787728582.679876 read(11, "", 4096)    = 0
1787728582.693805 read(11, "@PS1,M,236076,17969305,968145,9505304,00000000*39B6\r\n", 4096) = 53
1787728582.696458 read(11, "", 4096)    = 0
1787728582.823080 read(11, "@PS1,M,236077,17969365,968038,9505339,00000000*7222\r\n@PS1,M,236078,17969425,967917,9505346,00000000*50B7\r\n", 4096) = 106
1787728582.828859 read(11, "", 4096)    = 0
1787728582.865797 read(11, "@PS1,M,236079,17969485,967672,9505346,00000000*66EA\r\n", 4096) = 53
1787728582.868456 read(11, "", 4096)    = 0
1787728582.971321 read(11, "@PS1,M,236080,17969545,967539,9505346,00000000*27D8\r\n", 4096) = 53
1787728582.975287 read(11, "", 4096)    = 0
1787728583.118404 read(11, "@PS1,M,236081,17969725,965330,9505415,00000000*7FA7\r\n", 4096) = 53
1787728583.122375 read(11, "", 4096)    = 0
1787728583.164298 read(11, "@PS1,M,236082,17969785,963683,9505411,00000000*C0D7\r\n", 4096) = 53
1787728583.166764 read(11, "", 4096)    = 0
1787728583.261902 read(11, "@PS1,M,236083,17969845,961647,9505397,00000000*75AA\r\n", 4096) = 53
1787728583.266625 read(11, "", 4096)    = 0
1787728583.283808 read(11, "@PS1,M,236084,17969905,958914,9505374,00000000*F81D\r\n", 4096) = 53
1787728583.287941 read(11, "", 4096)    = 0
1787728583.404051 read(11, "@PS1,M,236085,17969966,955244,9505369,00000000*2BE4\r\n", 4096) = 53
1787728583.408350 read(11, "@PS1,M,236086,17970026,950694,9505416,00000000*4531\r\n", 4096) = 53
1787728583.411291 read(11, "", 4096)    = 0
1787728583.464246 read(11, "@PS1,M,236087,17970086,944991,9505407,00000000*2A03\r\n", 4096) = 53
1787728583.466938 read(11, "", 4096)    = 0
1787728583.642877 read(11, "@PS1,M,236088,17970266,927018,9505390,00000000*CAA5\r\n", 4096) = 53
1787728583.646527 read(11, "", 4096)    = 0
1787728583.703726 read(11, "@PS1,M,236089,17970327,921694,9505392,00000000*B934\r\n", 4096) = 53
1787728583.707679 --- SIGCHLD {si_signo=SIGCHLD, si_code=CLD_EXITED, si_pid=53077, si_uid=1000, si_status=0, si_utime=0, si_stime=0} ---
1787728583.708544 read(11, "", 4096)    = 0
1787728583.788546 read(11, "@PS1,M,236090,17970387,916647,9505374,00000000*01A7\r\n", 4096) = 53
1787728583.792982 read(11, "", 4096)    = 0
1787728583.823271 read(11, "@PS1,M,236091,17970447,911666,9505342,00000000*0B30\r\n", 4096) = 53
1787728583.826490 read(11, "", 4096)    = 0
1787728583.928749 read(11, "@PS1,M,236092,17970507,907075,9505363,00000000*2641\r\n", 4096) = 53
1787728583.933468 read(11, "", 4096)    = 0
1787728583.947230 read(11, "@PS1,M,236093,17970567,902558,9505384,00000000*2015\r\n", 4096) = 53
1787728583.950224 read(11, "", 4096)    = 0
1787728584.122456 read(11, "@PS1,M,236094,17970748,890195,9505299,00000000*22C3\r\n", 4096) = 53
1787728584.125781 read(11, "", 4096)    = 0
1787728584.262909 read(11, "@PS1,M,236095,17970808,886174,9505349,00000000*F376\r\n@PS1,M,236096,17970868,882496,9505328,00000000*0015\r\n", 4096) = 106
1787728584.269542 read(11, "", 4096)    = 0
1787728584.301736 read(11, "@PS1,M,236097,17970928,878983,9505270,00000000*63DE\r\n", 4096) = 53
1787728584.304329 read(11, "", 4096)    = 0
1787728584.425021 read(11, "@PS1,M,236098,17970988,875336,9505279,00000000*31E6\r\n@PS1,M,236099,17971048,871776,9505278,00000000*0347\r\n", 4096) = 106
1787728584.432656 read(11, "", 4096)    = 0
1787728584.480965 read(11, "@PS1,M,236100,17971108,868664,9505254,00000000*D6AB\r\n", 4096) = 53
1787728584.483678 read(11, "", 4096)    = 0
1787728584.659824 read(11, "@PS1,M,236101,17971288,859247,9505186,00000000*AF23\r\n", 4096) = 53
1787728584.662971 read(11, "", 4096)    = 0
1787728584.719580 read(11, "@PS1,M,236102,17971348,856252,9505172,00000000*9219\r\n", 4096) = 53
1787728584.722489 read(11, "", 4096)    = 0
1787728584.805100 read(11, "@PS1,M,236103,17971408,853494,9505124,00000000*D85B\r\n", 4096) = 53
1787728584.814137 read(11, "", 4096)    = 0
1787728584.840653 read(11, "@PS1,M,236104,17971469,850580,9505157,00000000*4D10\r\n", 4096) = 53
1787728584.844682 read(11, "", 4096)    = 0
1787728584.943594 read(11, "@PS1,M,236105,17971530,847679,9505111,00000000*02A8\r\n", 4096) = 53
1787728584.948269 read(11, "", 4096)    = 0
1787728584.962131 read(11, "@PS1,M,236106,17971590,845056,9505091,00000000*C791\r\n", 4096) = 53
1787728584.965107 read(11, "", 4096)    = 0
1787728585.139328 read(11, "@PS1,M,236107,17971770,837130,9505023,00000000*E4BD\r\n", 4096) = 53
1787728585.142263 read(11, "", 4096)    = 0
1787728585.198979 read(11, "@PS1,M,236108,17971830,834779,9505011,00000000*CDED\r\n", 4096) = 53
1787728585.201787 read(11, "", 4096)    = 0
1787728585.282981 read(11, "@PS1,M,236109,17971890,832396,9505009,00000000*C7BA\r\n", 4096) = 53
1787728585.288105 read(11, "", 4096)    = 0
1787728585.318521 read(11, "@PS1,M,236110,17971950,830019,9504981,00000000*EBEC\r\n", 4096) = 53
1787728585.321402 read(11, "", 4096)    = 0
1787728585.424227 read(11, "@PS1,M,236111,17972010,827789,9504963,00000000*1A75\r\n", 4096) = 53
1787728585.428920 read(11, "", 4096)    = 0
1787728585.442766 read(11, "@PS1,M,236112,17972070,825232,9504949,00000000*08FD\r\n", 4096) = 53
1787728585.445798 read(11, "", 4096)    = 0
1787728585.564698 read(11, "@PS1,M,236113,17972130,822974,9504919,00000000*3B61\r\n", 4096) = 53
1787728585.569447 read(11, "", 4096)    = 0
1787728585.718665 read(11, "@PS1,M,236114,17972310,816514,9504858,00000000*DE07\r\n", 4096) = 53
1787728585.723868 read(11, "", 4096)    = 0
1787728585.737364 read(11, "@PS1,M,236115,17972371,814303,9504833,00000000*FC6E\r\n", 4096) = 53
1787728585.740234 read(11, "", 4096)    = 0
1787728585.860711 read(11, "@PS1,M,236116,17972431,812007,9504828,00000000*E21D\r\n@PS1,M,236117,17972491,809709,9504774,00000000*CDE2\r\n", 4096) = 106
1787728585.867533 read(11, "", 4096)    = 0
1787728585.915933 read(11, "@PS1,M,236118,17972551,807394,9504811,00000000*65A8\r\n", 4096) = 53
1787728585.918657 read(11, "", 4096)    = 0
1787728586.015951 read(11, "@PS1,M,236119,17972611,805062,9504775,00000000*571E\r\n", 4096) = 53
1787728586.021269 read(11, "", 4096)    = 0
1787728586.171459 read(11, "@PS1,M,236120,17972792,798159,9504773,00000000*93A5\r\n", 4096) = 53
1787728586.176209 read(11, "", 4096)    = 0
1787728586.215643 read(11, "@PS1,M,236121,17972852,795760,9504760,00000000*B6A0\r\n", 4096) = 53
1787728586.218393 read(11, "", 4096)    = 0
1787728586.363888 read(11, "@PS1,M,236122,17972912,793599,9504797,00000000*0DE8\r\n@PS1,M,236123,17972972,791024,9504788,00000000*8D65\r\n", 4096) = 106
1787728586.370802 read(11, "", 4096)    = 0
1787728586.394877 read(11, "@PS1,M,236124,17973032,788630,9504773,00000000*F604\r\n", 4096) = 53
1787728586.398632 read(11, "", 4096)    = 0
1787728586.520045 read(11, "@PS1,M,236125,17973092,786088,9504795,00000000*8C51\r\n@PS1,M,236126,17973152,783856,9504786,00000000*1ED5\r\n", 4096) = 106
1787728586.526678 read(11, "", 4096)    = 0
1787728586.693748 read(11, "@PS1,M,236127,17973333,776514,9504806,00000000*9E9D\r\n", 4096) = 53
1787728586.696830 read(11, "", 4096)    = 0
1787728586.753376 read(11, "@PS1,M,236128,17973393,774185,9504816,00000000*ABBF\r\n", 4096) = 53
1787728586.756096 read(11, "", 4096)    = 0
1787728586.840674 read(11, "@PS1,M,236129,17973453,771780,9504800,00000000*5B44\r\n", 4096) = 53
1787728586.846089 read(11, "", 4096)    = 0
1787728586.873024 read(11, "@PS1,M,236130,17973513,769360,9504847,00000000*C8B9\r\n", 4096) = 53
1787728586.876233 read(11, "", 4096)    = 0
1787728586.981273 read(11, "@PS1,M,236131,17973573,766893,9504840,00000000*1E8A\r\n", 4096) = 53
1787728586.985968 read(11, "", 4096)    = 0
1787728586.999735 read(11, "@PS1,M,236132,17973634,764527,9504858,00000000*A915\r\n", 4096) = 53
1787728587.002735 read(11, "", 4096)    = 0
1787728587.172015 read(11, "@PS1,M,236133,17973813,757152,9504913,00000000*FC3A\r\n", 4096) = 53
1787728587.174941 read(11, "", 4096)    = 0
1787728587.316178 read(11, "@PS1,M,236134,17973875,754732,9504939,00000000*4FFD\r\n@PS1,M,236135,17973935,752250,9504978,00000000*4230\r\n", 4096) = 106
1787728587.323292 read(11, "", 4096)    = 0
1787728587.352446 read(11, "@PS1,M,236136,17973995,749778,9505015,00000000*DBDB\r\n", 4096) = 53
1787728587.355113 read(11, "", 4096)    = 0
1787728587.471965 read(11, "@PS1,M,236137,17974055,747398,9505026,00000000*DCE8\r\n@PS1,M,236138,17974115,744904,9505020,00000000*99CE\r\n", 4096) = 106
1787728587.478839 read(11, "", 4096)    = 0
1787728587.531696 read(11, "@PS1,M,236139,17974175,742421,9505071,00000000*14BC\r\n", 4096) = 53
1787728587.534942 read(11, "", 4096)    = 0
1787728587.711464 read(11, "@PS1,M,236140,17974356,735271,9505182,00000000*AAE6\r\n", 4096) = 53
1787728587.714489 read(11, "", 4096)    = 0
1787728587.771149 read(11, "@PS1,M,236141,17974416,732921,9505132,00000000*6BAF\r\n", 4096) = 53
1787728587.773983 read(11, "", 4096)    = 0
1787728587.855702 read(11, "@PS1,M,236142,17974476,730479,9505180,00000000*805E\r\n", 4096) = 53
1787728587.860211 read(11, "", 4096)    = 0
1787728587.890690 read(11, "@PS1,M,236143,17974536,728279,9505176,00000000*7F53\r\n", 4096) = 53
1787728587.893868 read(11, "", 4096)    = 0
1787728587.996336 read(11, "@PS1,M,236144,17974596,725792,9505230,00000000*DC85\r\n", 4096) = 53
1787728588.001735 read(11, "", 4096)    = 0
1787728588.015726 read(11, "@PS1,M,236145,17974656,723586,9505214,00000000*494F\r\n", 4096) = 53
1787728588.018642 read(11, "", 4096)    = 0
1787728588.189600 read(11, "@PS1,M,236146,17974836,716604,9505311,00000000*0BC8\r\n", 4096) = 53
1787728588.192443 read(11, "", 4096)    = 0
1787728588.331738 read(11, "@PS1,M,236147,17974896,714236,9505305,00000000*769D\r\n@PS1,M,236148,17974956,711964,9505299,00000000*2D0A\r\n", 4096) = 106
1787728588.338438 read(11, "", 4096)    = 0
1787728588.368819 read(11, "@PS1,M,236149,17975016,709676,9505342,00000000*D008\r\n", 4096) = 53
1787728588.371906 read(11, "", 4096)    = 0
1787728588.488563 read(11, "@PS1,M,236150,17975076,707609,9505323,00000000*E585\r\n@PS1,M,236151,17975136,705344,9505313,00000000*64AE\r\n", 4096) = 106
1787728588.495234 read(11, "", 4096)    = 0
1787728588.548057 read(11, "@PS1,M,236152,17975196,703129,9505354,00000000*44FA\r\n", 4096) = 53
1787728588.551698 read(11, "", 4096)    = 0
1787728588.649168 --- SIGCHLD {si_signo=SIGCHLD, si_code=CLD_EXITED, si_pid=53095, si_uid=1000, si_status=0, si_utime=0, si_stime=0} ---
1787728588.728266 read(11, "@PS1,M,236153,17975378,696619,9505382,00000000*DEFB\r\n", 4096) = 53
1787728588.731127 read(11, "", 4096)    = 0
1787728588.787933 read(11, "@PS1,M,236154,17975438,694534,9505399,00000000*5AA4\r\n", 4096) = 53
1787728588.791192 read(11, "", 4096)    = 0
1787728588.873937 read(11, "@PS1,M,236155,17975498,692412,9505390,00000000*DDFF\r\n", 4096) = 53
1787728588.878444 read(11, "", 4096)    = 0
1787728588.907522 read(11, "@PS1,M,236156,17975558,690317,9505369,00000000*43C3\r\n", 4096) = 53
1787728588.910697 read(11, "", 4096)    = 0
1787728589.014984 read(11, "@PS1,M,236157,17975618,688253,9505361,00000000*1464\r\n", 4096) = 53
1787728589.019777 read(11, "", 4096)    = 0
1787728589.033721 read(11, "@PS1,M,236158,17975678,686052,9505384,00000000*9128\r\n", 4096) = 53
1787728589.036631 read(11, "", 4096)    = 0
1787728589.206538 read(11, "@PS1,M,236159,17975858,680066,9505379,00000000*CC53\r\n", 4096) = 53
1787728589.209898 read(11, "", 4096)    = 0
1787728589.266189 read(11, "@PS1,M,236160,17975918,678190,9505373,00000000*576E\r\n", 4096) = 53
1787728589.269066 read(11, "", 4096)    = 0
1787728589.348609 read(11, "@PS1,M,236161,17975978,676168,9505418,00000000*581B\r\n", 4096) = 53
1787728589.353085 read(11, "", 4096)    = 0
1787728589.385761 read(11, "@PS1,M,236162,17976039,674186,9505357,00000000*DA08\r\n", 4096) = 53
1787728589.388578 read(11, "", 4096)    = 0
1787728589.489448 read(11, "@PS1,M,236163,17976099,672407,9505431,00000000*E865\r\n", 4096) = 53
1787728589.494537 read(11, "", 4096)    = 0
1787728589.508329 read(11, "@PS1,M,236164,17976159,670491,9505356,00000000*ABBD\r\n", 4096) = 53
1787728589.511623 read(11, "", 4096)    = 0
1787728589.643488 read(11, "@PS1,M,236165,17976219,668551,9505360,00000000*DD8D\r\n", 4096) = 53
1787728589.648161 read(11, "", 4096)    = 0
1787728589.783374 read(11, "@PS1,M,236166,17976399,662858,9505302,00000000*4B55\r\n", 4096) = 53
1787728589.788050 read(11, "", 4096)    = 0
1787728589.805318 read(11, "@PS1,M,236167,17976460,661190,9505314,00000000*D774\r\n", 4096) = 53
1787728589.808300 read(11, "", 4096)    = 0
1787728589.923277 read(11, "@PS1,M,236168,17976520,659288,9505299,00000000*379B\r\n", 4096) = 53
1787728589.928201 read(11, "@PS1,M,236169,17976580,657597,9505283,00000000*D8C4\r\n", 4096) = 53
1787728589.930927 read(11, "", 4096)    = 0
1787728589.984486 read(11, "@PS1,M,236170,17976640,655755,9505235,00000000*4EBB\r\n", 4096) = 53
1787728589.987133 read(11, "", 4096)    = 0
1787728590.076940 read(11, "@PS1,M,236171,17976700,654067,9505264,00000000*6FD9\r\n", 4096) = 53
1787728590.081635 read(11, "", 4096)    = 0
1787728590.223791 read(11, "@PS1,M,236172,17976881,648929,9505225,00000000*A605\r\n", 4096) = 53
1787728590.226726 read(11, "", 4096)    = 0
1787728590.361991 read(11, "@PS1,M,236173,17976941,647423,9505201,00000000*19B7\r\n@PS1,M,236174,17977001,645666,9505178,00000000*6725\r\n", 4096) = 106
1787728590.369042 read(11, "", 4096)    = 0
1787728590.403039 read(11, "@PS1,M,236175,17977061,643935,9505140,00000000*6F30\r\n", 4096) = 53
1787728590.405499 read(11, "", 4096)    = 0
1787728590.514645 read(11, "@PS1,M,236176,17977121,642421,9505158,00000000*6854\r\n", 4096) = 53
1787728590.523183 read(11, "@PS1,M,236177,17977181,640769,9505143,00000000*F09A\r\n", 4096) = 53
1787728590.525633 read(11, "", 4096)    = 0
1787728590.582298 read(11, "@PS1,M,236178,17977241,639097,9505099,00000000*4C41\r\n", 4096) = 53
1787728590.585373 read(11, "", 4096)    = 0
1787728590.761254 read(11, "@PS1,M,236179,17977421,634624,9505056,00000000*F1B0\r\n", 4096) = 53
1787728590.764509 read(11, "", 4096)    = 0
1787728590.901751 read(11, "@PS1,M,236180,17977482,633069,9505041,00000000*9CB5\r\n@PS1,M,236181,17977542,631440,9505017,00000000*8D6C\r\n", 4096) = 106
1787728590.909061 read(11, "", 4096)    = 0
1787728590.941742 read(11, "@PS1,M,236182,17977603,630013,9505005,00000000*4171\r\n", 4096) = 53
1787728590.944848 read(11, "", 4096)    = 0
1787728591.057174 read(11, "@PS1,M,236183,17977663,628448,9504981,00000000*450B\r\n", 4096) = 53
1787728591.061946 read(11, "@PS1,M,236184,17977723,627035,9504991,00000000*26A6\r\n", 4096) = 53
1787728591.064673 read(11, "", 4096)    = 0
1787728591.240571 read(11, "@PS1,M,236185,17977903,622658,9504917,00000000*ED2B\r\n", 4096) = 53
1787728591.243494 read(11, "", 4096)    = 0
1787728591.300316 read(11, "@PS1,M,236186,17977963,621457,9504885,00000000*239F\r\n", 4096) = 53
1787728591.302850 read(11, "", 4096)    = 0
1787728591.420297 read(11, "@PS1,M,236187,17978023,620117,9504849,00000000*3166\r\n@PS1,M,236188,17978083,618620,9504822,00000000*76BE\r\n", 4096) = 106
1787728591.429763 read(11, "", 4096)    = 0
1787728591.479552 read(11, "@PS1,M,236189,17978143,617294,9504845,00000000*B23B\r\n", 4096) = 53
1787728591.482731 read(11, "", 4096)    = 0
1787728591.590104 read(11, "@PS1,M,236190,17978203,615936,9504828,00000000*ABE7\r\n", 4096) = 53
1787728591.594485 read(11, "", 4096)    = 0
1787728591.608370 read(11, "@PS1,M,236191,17978263,614375,9504825,00000000*2D98\r\n", 4096) = 53
1787728591.611280 read(11, "", 4096)    = 0
1787728591.778926 read(11, "@PS1,M,236192,17978444,610561,9504750,00000000*6ACB\r\n", 4096) = 53
1787728591.781582 read(11, "", 4096)    = 0
1787728591.838583 read(11, "@PS1,M,236193,17978504,609477,9504781,00000000*AA9B\r\n", 4096) = 53
1787728591.841372 read(11, "", 4096)    = 0
1787728591.920908 read(11, "@PS1,M,236194,17978564,608477,9504741,00000000*B119\r\n", 4096) = 53
1787728591.926098 read(11, "", 4096)    = 0
1787728591.958145 read(11, "@PS1,M,236195,17978624,608159,9504751,00000000*E5F2\r\n", 4096) = 53
1787728591.960966 read(11, "", 4096)    = 0
1787728592.061071 read(11, "@PS1,M,236196,17978684,607722,9504762,00000000*5399\r\n", 4096) = 53
1787728592.065801 read(11, "", 4096)    = 0
1787728592.079546 read(11, "@PS1,M,236197,17978744,607307,9504737,00000000*498A\r\n", 4096) = 53
1787728592.082323 read(11, "", 4096)    = 0
1787728592.257481 read(11, "@PS1,M,236198,17978925,605976,9504759,00000000*2B77\r\n", 4096) = 53
1787728592.260074 read(11, "", 4096)    = 0
1787728592.317154 read(11, "@PS1,M,236199,17978985,605556,9504791,00000000*B2F4\r\n", 4096) = 53
1787728592.319954 read(11, "", 4096)    = 0
1787728592.399112 read(11, "@PS1,M,236200,17979045,605082,9504781,00000000*6F46\r\n", 4096) = 53
1787728592.403655 read(11, "", 4096)    = 0
1787728592.436677 read(11, "@PS1,M,236201,17979105,604518,9504777,00000000*F6CB\r\n", 4096) = 53
1787728592.439109 read(11, "", 4096)    = 0
1787728592.538337 read(11, "@PS1,M,236202,17979165,603967,9504775,00000000*1C7A\r\n", 4096) = 53
1787728592.542728 read(11, "", 4096)    = 0
1787728592.556564 read(11, "@PS1,M,236203,17979225,603359,9504768,00000000*2B15\r\n", 4096) = 53
1787728592.559345 read(11, "", 4096)    = 0
1787728592.677888 read(11, "@PS1,M,236204,17979285,602884,9504791,00000000*DBA3\r\n", 4096) = 53
1787728592.683141 read(11, "", 4096)    = 0
1787728592.818008 read(11, "@PS1,M,236205,17979466,601186,9504816,00000000*A763\r\n", 4096) = 53
1787728592.822390 read(11, "", 4096)    = 0
1787728592.855320 read(11, "@PS1,M,236206,17979526,600742,9504865,00000000*4F25\r\n", 4096) = 53
1787728592.857397 read(11, "", 4096)    = 0
1787728592.957455 read(11, "@PS1,M,236207,17979586,600072,9504892,00000000*C59E\r\n", 4096) = 53
1787728592.962364 read(11, "", 4096)    = 0
1787728592.977713 read(11, "@PS1,M,236208,17979646,599550,9504935,00000000*391C\r\n", 4096) = 53
1787728592.980283 read(11, "", 4096)    = 0
1787728593.097220 read(11, "@PS1,M,236209,17979706,598994,9504895,00000000*B6D4\r\n@PS1,M,236210,17979768,598304,9504934,00000000*43C5\r\n", 4096) = 106
1787728593.103719 read(11, "", 4096)    = 0
1787728593.274787 read(11, "@PS1,M,236211,17979948,596642,9504994,00000000*F9DE\r\n", 4096) = 53
1787728593.277723 read(11, "", 4096)    = 0
1787728593.334480 read(11, "@PS1,M,236212,17980008,595876,9505030,00000000*690B\r\n", 4096) = 53
1787728593.337064 read(11, "", 4096)    = 0
1787728593.415753 read(11, "@PS1,M,236213,17980068,595353,9505036,00000000*1051\r\n", 4096) = 53
1787728593.420315 read(11, "", 4096)    = 0
1787728593.453989 read(11, "@PS1,M,236214,17980128,594798,9505061,00000000*CF9B\r\n", 4096) = 53
1787728593.456973 read(11, "", 4096)    = 0
1787728593.554420 read(11, "@PS1,M,236215,17980188,594173,9505094,00000000*593A\r\n", 4096) = 53
1787728593.558249 read(11, "", 4096)    = 0
1787728593.573607 read(11, "@PS1,M,236216,17980248,593575,9505113,00000000*121C\r\n", 4096) = 53
1787728593.577725 read(11, "", 4096)    = 0
1787728593.712783 read(11, "@PS1,M,236217,17980308,592887,9505133,00000000*7B78\r\n", 4096) = 53
1787728593.718344 read(11, "", 4096)    = 0
1787728593.722047 --- SIGCHLD {si_signo=SIGCHLD, si_code=CLD_EXITED, si_pid=53113, si_uid=1000, si_status=0, si_utime=0, si_stime=0} ---
1787728593.866127 read(11, "@PS1,M,236218,17980488,591088,9505171,00000000*3A26\r\n", 4096) = 53
1787728593.870499 read(11, "", 4096)    = 0
1787728593.884373 read(11, "@PS1,M,236219,17980549,590583,9505180,00000000*7758\r\n", 4096) = 53
1787728593.887358 read(11, "", 4096)    = 0
1787728594.003950 read(11, "@PS1,M,236220,17980609,590072,9505206,00000000*2023\r\n@PS1,M,236221,17980669,589440,9505209,00000000*1045\r\n", 4096) = 106
1787728594.010599 read(11, "", 4096)    = 0
1787728594.052353 read(11, "@PS1,M,236222,17980729,588819,9505257,00000000*B98C\r\n", 4096) = 53
1787728594.054856 read(11, "", 4096)    = 0
1787728594.156945 read(11, "@PS1,M,236223,17980789,588314,9505230,00000000*A17C\r\n", 4096) = 53
1787728594.160924 read(11, "", 4096)    = 0
1787728594.294632 read(11, "@PS1,M,236224,17980970,588225,9505282,00000000*2C43\r\n", 4096) = 53
1787728594.299858 read(11, "", 4096)    = 0
1787728594.351324 read(11, "@PS1,M,236225,17981030,588178,9505299,00000000*A183\r\n", 4096) = 53
1787728594.354010 read(11, "", 4096)    = 0
1787728594.445821 read(11, "@PS1,M,236226,17981090,588221,9505325,00000000*9977\r\n", 4096) = 53
1787728594.450358 read(11, "", 4096)    = 0
1787728594.470893 read(11, "@PS1,M,236227,17981150,588299,9505312,00000000*C50E\r\n", 4096) = 53
1787728594.473542 read(11, "", 4096)    = 0
1787728594.584627 read(11, "@PS1,M,236228,17981210,588153,9505322,00000000*D174\r\n", 4096) = 53
1787728594.589039 read(11, "", 4096)    = 0
1787728594.590282 read(11, "@PS1,M,236229,17981270,588207,9505327,00000000*6E76\r\n", 4096) = 53
1787728594.592633 read(11, "", 4096)    = 0
1787728594.722484 read(11, "@PS1,M,236230,17981330,588118,9505342,00000000*029E\r\n", 4096) = 53
1787728594.726862 read(11, "", 4096)    = 0
1787728594.860703 read(11, "@PS1,M,236231,17981510,587999,9505362,00000000*12FF\r\n", 4096) = 53
1787728594.865155 read(11, "", 4096)    = 0
1787728594.890229 read(11, "@PS1,M,236232,17981571,588099,9505387,00000000*E5D6\r\n", 4096) = 53
1787728594.892414 read(11, "", 4096)    = 0
1787728594.998692 read(11, "@PS1,M,236233,17981632,588179,9505418,00000000*7CF3\r\n", 4096) = 53
1787728595.003329 read(11, "", 4096)    = 0
1787728595.019016 read(11, "@PS1,M,236234,17981692,588223,9505371,00000000*F66D\r\n", 4096) = 53
1787728595.022379 read(11, "", 4096)    = 0
1787728595.137161 read(11, "@PS1,M,236235,17981752,588017,9505398,00000000*42F0\r\n@PS1,M,236236,17981812,587965,9505416,00000000*B1EB\r\n", 4096) = 106
1787728595.142643 read(11, "", 4096)    = 0
1787728595.308407 read(11, "@PS1,M,236237,17981992,588105,9505387,00000000*8983\r\n", 4096) = 53
1787728595.311120 read(11, "", 4096)    = 0
1787728595.444078 read(11, "@PS1,M,236238,17982052,588119,9505381,00000000*115E\r\n@PS1,M,236239,17982112,588116,9505394,00000000*1258\r\n", 4096) = 106
1787728595.449747 read(11, "", 4096)    = 0
1787728595.487664 read(11, "@PS1,M,236240,17982172,588040,9505363,00000000*E7C0\r\n", 4096) = 53
1787728595.490136 read(11, "", 4096)    = 0
1787728595.582855 read(11, "@PS1,M,236241,17982232,588186,9505374,00000000*FC4C\r\n", 4096) = 53
1787728595.587227 read(11, "", 4096)    = 0
1787728595.607202 read(11, "@PS1,M,236242,17982292,588155,9505356,00000000*4B39\r\n", 4096) = 53
1787728595.609754 read(11, "", 4096)    = 0
1787728595.721367 read(11, "@PS1,M,236243,17982352,588232,9505374,00000000*5428\r\n", 4096) = 53
1787728595.725668 read(11, "", 4096)    = 0
1787728595.860124 read(11, "@PS1,M,236244,17982533,588188,9505293,00000000*A247\r\n", 4096) = 53
1787728595.865172 read(11, "", 4096)    = 0
1787728595.906089 read(11, "@PS1,M,236245,17982593,588202,9505329,00000000*C72B\r\n", 4096) = 53
1787728595.908387 read(11, "", 4096)    = 0
1787728595.999159 read(11, "@PS1,M,236246,17982654,588185,9505338,00000000*AFBB\r\n", 4096) = 53
1787728596.003168 read(11, "", 4096)    = 0
1787728596.026825 read(11, "@PS1,M,236247,17982714,588273,9505348,00000000*6A93\r\n", 4096) = 53
1787728596.029613 read(11, "", 4096)    = 0
1787728596.147719 read(11, "@PS1,M,236248,17982774,588257,9505322,00000000*CF0F\r\n@PS1,M,236249,17982834,588245,9505292,00000000*F4B3\r\n", 4096) = 106
1787728596.152391 read(11, "", 4096)    = 0
1787728596.325196 read(11, "@PS1,M,236250,17983014,588231,9505269,00000000*D347\r\n", 4096) = 53
1787728596.327789 read(11, "", 4096)    = 0
1787728596.384831 read(11, "@PS1,M,236251,17983074,588232,9505280,00000000*E041\r\n", 4096) = 53
1787728596.386973 read(11, "", 4096)    = 0
1787728596.483984 read(11, "@PS1,M,236252,17983134,588130,9505197,00000000*BF15\r\n", 4096) = 53
1787728596.488915 read(11, "", 4096)    = 0
1787728596.512918 read(11, "@PS1,M,236253,17983194,588337,9505187,00000000*1B84\r\n", 4096) = 53
1787728596.517580 read(11, "", 4096)    = 0
1787728596.669560 read(11, "@PS1,M,236254,17983254,588369,9505186,00000000*6A13\r\n@PS1,M,236255,17983314,588239,9505150,00000000*891A\r\n", 4096) = 106
1787728596.676982 read(11, "", 4096)    = 0
1787728596.693042 read(11, "@PS1,M,236256,17983375,588348,9505158,00000000*1413\r\n", 4096) = 53
1787728596.696553 read(11, "", 4096)    = 0
1787728596.873261 read(11, "@PS1,M,236257,17983555,588263,9505061,00000000*89B1\r\n", 4096) = 53
1787728596.877648 read(11, "", 4096)    = 0
1787728596.923265 read(11, "@PS1,M,236258,17983615,588194,9505088,00000000*10BC\r\n", 4096) = 53
1787728596.925410 read(11, "", 4096)    = 0
1787728597.007205 read(11, "@PS1,M,236259,17983675,588153,9505064,00000000*C94C\r\n", 4096) = 53
1787728597.011551 read(11, "", 4096)    = 0
1787728597.042762 read(11, "@PS1,M,236260,17983735,588364,9505028,00000000*86B0\r\n", 4096) = 53
1787728597.045583 read(11, "", 4096)    = 0
1787728597.146492 read(11, "@PS1,M,236261,17983795,588188,9505044,00000000*69C1\r\n", 4096) = 53
1787728597.150997 read(11, "", 4096)    = 0
1787728597.167170 read(11, "@PS1,M,236262,17983855,588215,9505053,00000000*9B58\r\n", 4096) = 53
1787728597.169506 read(11, "", 4096)    = 0
1787728597.342663 read(11, "@PS1,M,236263,17984037,588274,9504925,00000000*1261\r\n", 4096) = 53
1787728597.345185 read(11, "", 4096)    = 0
1787728597.479825 read(11, "@PS1,M,236264,17984097,587982,9504943,00000000*80A3\r\n@PS1,M,236265,17984157,587988,9504901,00000000*256A\r\n", 4096) = 106
1787728597.485444 read(11, "", 4096)    = 0
1787728597.521979 read(11, "@PS1,M,236266,17984217,588043,9504904,00000000*9AF8\r\n", 4096) = 53
1787728597.524170 read(11, "", 4096)    = 0
1787728597.632128 read(11, "@PS1,M,236267,17984277,588000,9504887,00000000*87A1\r\n", 4096) = 53
1787728597.635999 read(11, "", 4096)    = 0
1787728597.650133 read(11, "@PS1,M,236268,17984337,587825,9504890,00000000*5540\r\n", 4096) = 53
1787728597.652504 read(11, "", 4096)    = 0
1787728597.770193 read(11, "@PS1,M,236269,17984397,587821,9504856,00000000*C2FA\r\n", 4096) = 53
1787728597.774179 read(11, "", 4096)    = 0
1787728597.909227 read(11, "@PS1,M,236270,17984578,587786,9504825,00000000*A973\r\n", 4096) = 53
1787728597.913102 read(11, "", 4096)    = 0
1787728597.940616 read(11, "@PS1,M,236271,17984638,587762,9504801,00000000*1225\r\n", 4096) = 53
1787728597.942813 read(11, "", 4096)    = 0
1787728598.046714 read(11, "@PS1,M,236272,17984698,587734,9504823,00000000*35F8\r\n", 4096) = 53
1787728598.051220 read(11, "", 4096)    = 0
1787728598.064887 read(11, "@PS1,M,236273,17984758,587614,9504796,00000000*8C9B\r\n", 4096) = 53
1787728598.067220 read(11, "", 4096)    = 0
1787728598.186303 read(11, "@PS1,M,236274,17984818,587539,9504797,00000000*54B1\r\n@PS1,M,236275,17984878,587503,9504789,00000000*8320\r\n", 4096) = 106
1787728598.191724 read(11, "", 4096)    = 0
1787728598.358950 read(11, "@PS1,M,236276,17985058,587562,9504739,00000000*3E6C\r\n", 4096) = 53
1787728598.361280 read(11, "", 4096)    = 0
1787728598.495586 read(11, "@PS1,M,236277,17985118,587504,9504772,00000000*68CE\r\n@PS1,M,236278,17985178,587488,9504735,00000000*1D27\r\n", 4096) = 106
1787728598.500713 read(11, "", 4096)    = 0
1787728598.540175 read(11, "@PS1,M,236279,17985238,587440,9504754,00000000*9891\r\n", 4096) = 53
1787728598.543385 read(11, "", 4096)    = 0
1787728598.653150 --- SIGCHLD {si_signo=SIGCHLD, si_code=CLD_EXITED, si_pid=53131, si_uid=1000, si_status=0, si_utime=0, si_stime=0} ---
1787728598.656700 read(11, "@PS1,M,236280,17985298,587360,9504764,00000000*AECB\r\n", 4096) = 53
1787728598.660602 read(11, "@PS1,M,236281,17985360,587329,9504750,00000000*F00D\r\n", 4096) = 53
1787728598.662801 read(11, "", 4096)    = 0
1787728598.718615 read(11, "@PS1,M,236282,17985420,587247,9504761,00000000*8830\r\n", 4096) = 53
1787728598.720658 read(11, "", 4096)    = 0
1787728598.898135 read(11, "@PS1,M,236283,17985600,587156,9504755,00000000*D30E\r\n", 4096) = 53
1787728598.900935 read(11, "", 4096)    = 0
1787728598.957830 read(11, "@PS1,M,236284,17985660,587100,9504781,00000000*FEE2\r\n", 4096) = 53
1787728598.960412 read(11, "", 4096)    = 0
1787728599.038804 read(11, "@PS1,M,236285,17985720,587053,9504751,00000000*6E26\r\n", 4096) = 53
1787728599.042486 read(11, "", 4096)    = 0
1787728599.077420 read(11, "@PS1,M,236286,17985780,586954,9504777,00000000*DF03\r\n", 4096) = 53
1787728599.080078 read(11, "", 4096)    = 0
1787728599.178608 read(11, "@PS1,M,236287,17985840,586765,9504826,00000000*57C5\r\n", 4096) = 53
1787728599.183050 read(11, "", 4096)    = 0
1787728599.197068 read(11, "@PS1,M,236288,17985900,587056,9504854,00000000*4EFB\r\n", 4096) = 53
1787728599.199255 read(11, "", 4096)    = 0
1787728599.376573 read(11, "@PS1,M,236289,17986081,586738,9504869,00000000*CF88\r\n", 4096) = 53
1787728599.379167 read(11, "", 4096)    = 0
1787728599.514155 read(11, "@PS1,M,236290,17986141,586631,9504887,00000000*7C5A\r\n@PS1,M,236291,17986201,586451,9504893,00000000*B409\r\n", 4096) = 106
1787728599.519297 read(11, "", 4096)    = 0
1787728599.555787 read(11, "@PS1,M,236292,17986261,586391,9504908,00000000*0B6C\r\n", 4096) = 53
1787728599.557877 read(11, "", 4096)    = 0
1787728599.667103 read(11, "@PS1,M,236293,17986321,586581,9504939,00000000*67E3\r\n", 4096) = 53
1787728599.671411 read(11, "", 4096)    = 0
1787728599.685277 read(11, "@PS1,M,236294,17986381,586358,9504955,00000000*5475\r\n", 4096) = 53
1787728599.687845 read(11, "", 4096)    = 0
1787728599.806372 read(11, "@PS1,M,236295,17986441,586299,9504967,00000000*BBDA\r\n", 4096) = 53
1787728599.810187 read(11, "", 4096)    = 0
1787728599.945734 read(11, "@PS1,M,236296,17986622,586053,9505001,00000000*5F3F\r\n", 4096) = 53
1787728599.949557 read(11, "", 4096)    = 0
1787728599.974635 read(11, "@PS1,M,236297,17986682,586050,9505039,00000000*8A97\r\n", 4096) = 53
1787728599.976691 read(11, "", 4096)    = 0
1787728600.084645 read(11, "@PS1,M,236298,17986742,586034,9505074,00000000*B575\r\n", 4096) = 53
1787728600.088749 read(11, "", 4096)    = 0
1787728600.102599 read(11, "@PS1,M,236299,17986802,586060,9505102,00000000*4644\r\n", 4096) = 53
1787728600.105409 read(11, "", 4096)    = 0
1787728600.222527 read(11, "@PS1,M,236300,17986862,585914,9505091,00000000*01A3\r\n@PS1,M,236301,17986922,585958,9505106,00000000*35B9\r\n", 4096) = 106
1787728600.228117 read(11, "", 4096)    = 0
1787728600.392671 read(11, "@PS1,M,236302,17987102,585649,9505201,00000000*445B\r\n", 4096) = 53
1787728600.395231 read(11, "", 4096)    = 0
1787728600.529812 read(11, "@PS1,M,236303,17987162,585672,9505162,00000000*C7E2\r\n@PS1,M,236304,17987224,585661,9505173,00000000*69EE\r\n", 4096) = 106
1787728600.535935 read(11, "", 4096)    = 0
1787728600.573094 read(11, "@PS1,M,236305,17987284,585429,9505207,00000000*DD84\r\n", 4096) = 53
1787728600.575112 read(11, "", 4096)    = 0
1787728600.682718 read(11, "@PS1,M,236306,17987344,585455,9505218,00000000*6BE8\r\n", 4096) = 53
1787728600.686991 read(11, "", 4096)    = 0
1787728600.700911 read(11, "@PS1,M,236307,17987404,585350,9505277,00000000*23F3\r\n", 4096) = 53
1787728600.703177 read(11, "", 4096)    = 0
1787728600.822241 read(11, "@PS1,M,236308,17987464,585508,9505260,00000000*A194\r\n", 4096) = 53
1787728600.826050 read(11, "", 4096)    = 0
1787728600.961498 read(11, "@PS1,M,236309,17987645,585468,9505309,00000000*1C16\r\n", 4096) = 53
1787728600.965892 read(11, "", 4096)    = 0
1787728600.991660 read(11, "@PS1,M,236310,17987705,585478,9505346,00000000*1BE3\r\n", 4096) = 53
1787728600.994131 read(11, "", 4096)    = 0
1787728601.101206 read(11, "@PS1,M,236311,17987765,585395,9505351,00000000*978E\r\n", 4096) = 53
1787728601.105919 read(11, "", 4096)    = 0
1787728601.119878 read(11, "@PS1,M,236312,17987825,585315,9505373,00000000*9D03\r\n", 4096) = 53
1787728601.122573 read(11, "", 4096)    = 0
1787728601.240448 read(11, "@PS1,M,236313,17987885,585273,9505355,00000000*7833\r\n@PS1,M,236314,17987945,585430,9505352,00000000*C29B\r\n", 4096) = 106
1787728601.247587 read(11, "", 4096)    = 0
1787728601.410352 read(11, "@PS1,M,236315,17988125,585296,9505371,00000000*77D5\r\n", 4096) = 53
1787728601.413467 read(11, "", 4096)    = 0
1787728601.470009 read(11, "@PS1,M,236316,17988186,585496,9505434,00000000*50DF\r\n", 4096) = 53
1787728601.472177 read(11, "", 4096)    = 0
1787728601.549988 read(11, "@PS1,M,236317,17988246,585353,9505367,00000000*311F\r\n", 4096) = 53
1787728601.557817 read(11, "", 4096)    = 0
1787728601.589611 read(11, "@PS1,M,236318,17988306,585187,9505438,00000000*BA80\r\n", 4096) = 53
1787728601.592410 read(11, "", 4096)    = 0
1787728601.704830 read(11, "@PS1,M,236319,17988366,585406,9505380,00000000*E484\r\n", 4096) = 53
1787728601.709488 read(11, "@PS1,M,236320,17988426,585309,9505411,00000000*1FCC\r\n", 4096) = 53
1787728601.711497 read(11, "", 4096)    = 0
1787728601.768817 read(11, "@PS1,M,236321,17988486,585402,9505409,00000000*13A1\r\n", 4096) = 53
1787728601.770866 read(11, "", 4096)    = 0
1787728601.947997 read(11, "@PS1,M,236322,17988666,585331,9505438,00000000*8A7F\r\n", 4096) = 53
1787728601.951830 read(11, "", 4096)    = 0
1787728602.007729 read(11, "@PS1,M,236323,17988726,585358,9505397,00000000*2B63\r\n", 4096) = 53
1787728602.013521 read(11, "", 4096)    = 0
1787728602.146074 read(11, "@PS1,M,236324,17988787,585466,9505436,00000000*9FA0\r\n@PS1,M,236325,17988847,585326,9505460,00000000*5A5B\r\n", 4096) = 106
1787728602.153783 read(11, "", 4096)    = 0
1787728602.188075 read(11, "@PS1,M,236326,17988907,585506,9505434,00000000*5F3B\r\n", 4096) = 53
1787728602.190225 read(11, "", 4096)    = 0
1787728602.280615 read(11, "@PS1,M,236327,17988967,585448,9505402,00000000*9D59\r\n", 4096) = 53
1787728602.284367 read(11, "", 4096)    = 0
1787728602.427505 read(11, "@PS1,M,236328,17989148,585476,9505407,00000000*9B1E\r\n", 4096) = 53
1787728602.429902 read(11, "", 4096)    = 0
1787728602.565292 read(11, "@PS1,M,236329,17989208,585494,9505391,00000000*2C19\r\n@PS1,M,236330,17989268,585486,9505432,00000000*3A65\r\n", 4096) = 106
1787728602.571092 read(11, "", 4096)    = 0
1787728602.606728 read(11, "@PS1,M,236331,17989328,585632,9505398,00000000*C5A8\r\n", 4096) = 53
1787728602.608821 read(11, "", 4096)    = 0
1787728602.720569 read(11, "@PS1,M,236332,17989388,585756,9505423,00000000*0207\r\n", 4096) = 53
1787728602.724466 read(11, "", 4096)    = 0
1787728602.726156 read(11, "@PS1,M,236333,17989448,585840,9505382,00000000*D813\r\n", 4096) = 53
1787728602.728101 read(11, "", 4096)    = 0
1787728602.859234 read(11, "@PS1,M,236334,17989508,585860,9505383,00000000*7B71\r\n", 4096) = 53
1787728602.863488 read(11, "", 4096)    = 0
1787728602.998142 read(11, "@PS1,M,236335,17989689,586012,9505350,00000000*2D76\r\n", 4096) = 53
1787728603.001988 read(11, "", 4096)    = 0
1787728603.025293 read(11, "@PS1,M,236336,17989749,585830,9505321,00000000*E713\r\n", 4096) = 53
1787728603.027856 read(11, "", 4096)    = 0
1787728603.137430 read(11, "@PS1,M,236337,17989809,585972,9505297,00000000*0CA3\r\n", 4096) = 53
1787728603.141488 read(11, "", 4096)    = 0
1787728603.155287 read(11, "@PS1,M,236338,17989869,586101,9505328,00000000*F6ED\r\n", 4096) = 53
1787728603.158326 read(11, "", 4096)    = 0
1787728603.275251 read(11, "@PS1,M,236339,17989929,586054,9505301,00000000*C8F0\r\n@PS1,M,236340,17989989,586136,9505324,00000000*E8AE\r\n", 4096) = 106
1787728603.281111 read(11, "", 4096)    = 0
1787728603.444407 read(11, "@PS1,M,236341,17990170,586252,9505261,00000000*EBC7\r\n", 4096) = 53
1787728603.447255 read(11, "", 4096)    = 0
1787728603.504238 read(11, "@PS1,M,236342,17990230,586233,9505226,00000000*A869\r\n", 4096) = 53
1787728603.507989 read(11, "", 4096)    = 0
1787728603.596128 read(11, "@PS1,M,236343,17990290,586266,9505241,00000000*349A\r\n", 4096) = 53
1787728603.602649 read(11, "", 4096)    = 0
1787728603.623690 read(11, "@PS1,M,236344,17990350,586283,9505229,00000000*A818\r\n", 4096) = 53
1787728603.628335 read(11, "", 4096)    = 0
1787728603.737019 read(11, "@PS1,M,236345,17990410,586400,9505209,00000000*429C\r\n", 4096) = 53
1787728603.741258 read(11, "", 4096)    = 0
1787728603.742999 read(11, "@PS1,M,236346,17990470,586472,9505205,00000000*02D5\r\n", 4096) = 53
1787728603.745235 read(11, "", 4096)    = 0
1787728603.875469 read(11, "@PS1,M,236347,17990530,586460,9505221,00000000*398A\r\n", 4096) = 53
1787728603.879709 read(11, "", 4096)    = 0
1787728604.014061 read(11, "@PS1,M,236348,17990711,586540,9505115,00000000*12D9\r\n", 4096) = 53
1787728604.018358 read(11, "", 4096)    = 0
1787728604.041749 read(11, "@PS1,M,236349,17990771,586574,9505118,00000000*5D45\r\n", 4096) = 53
1787728604.044419 read(11, "", 4096)    = 0
1787728604.153760 read(11, "@PS1,M,236350,17990831,586601,9505107,00000000*BD99\r\n", 4096) = 53
1787728604.158358 read(11, "", 4096)    = 0
1787728604.172064 read(11, "@PS1,M,236351,17990891,586671,9505108,00000000*365C\r\n", 4096) = 53
1787728604.174966 read(11, "", 4096)    = 0
1787728604.291952 read(11, "@PS1,M,236352,17990952,586649,9505089,00000000*B612\r\n@PS1,M,236353,17991012,586721,9505070,00000000*AFD2\r\n", 4096) = 106
1787728604.298358 read(11, "", 4096)    = 0
1787728604.460855 read(11, "@PS1,M,236354,17991192,586814,9505011,00000000*B406\r\n", 4096) = 53
1787728604.463870 read(11, "", 4096)    = 0
1787728604.520449 read(11, "@PS1,M,236355,17991252,586791,9504993,00000000*3150\r\n", 4096) = 53
1787728604.523287 read(11, "", 4096)    = 0
1787728604.603220 read(11, "@PS1,M,236356,17991312,586747,9504973,00000000*541E\r\n", 4096) = 53
1787728604.607720 read(11, "", 4096)    = 0
1787728604.640028 read(11, "@PS1,M,236357,17991372,586723,9504979,00000000*9178\r\n", 4096) = 53
1787728604.642715 read(11, "", 4096)    = 0
1787728604.738075 read(11, "@PS1,M,236358,17991432,586986,9504948,00000000*04A3\r\n", 4096) = 53
1787728604.742789 read(11, "", 4096)    = 0
1787728604.759515 read(11, "@PS1,M,236359,17991492,586984,9504958,00000000*CBC2\r\n", 4096) = 53
1787728604.763079 read(11, "", 4096)    = 0
1787728604.878867 read(11, "@PS1,M,236360,17991552,586818,9504971,00000000*17FE\r\n", 4096) = 53
1787728604.883147 read(11, "", 4096)    = 0
1787728605.019021 read(11, "@PS1,M,236361,17991733,586937,9504908,00000000*A923\r\n", 4096) = 53
1787728605.023782 read(11, "", 4096)    = 0
1787728605.059137 read(11, "@PS1,M,236362,17991793,586989,9504883,00000000*2FE9\r\n", 4096) = 53
1787728605.061577 read(11, "", 4096)    = 0
1787728605.159274 read(11, "@PS1,M,236363,17991853,587070,9504916,00000000*9DE4\r\n", 4096) = 53
1787728605.163637 read(11, "", 4096)    = 0
1787728605.178637 read(11, "@PS1,M,236364,17991913,587063,9504887,00000000*3546\r\n", 4096) = 53
1787728605.182019 read(11, "", 4096)    = 0
1787728605.298397 read(11, "@PS1,M,236365,17991974,587066,9504863,00000000*46B2\r\n@PS1,M,236366,17992034,587131,9504863,00000000*E3B6\r\n", 4096) = 106
1787728605.305123 read(11, "", 4096)    = 0
1787728605.477992 read(11, "@PS1,M,236367,17992214,587020,9504831,00000000*51A5\r\n", 4096) = 53
1787728605.480581 read(11, "", 4096)    = 0
1787728605.614188 read(11, "@PS1,M,236368,17992275,587018,9504844,00000000*E0A2\r\n@PS1,M,236369,17992335,586977,9504817,00000000*78A0\r\n", 4096) = 106
1787728605.620542 read(11, "", 4096)    = 0
1787728605.657203 read(11, "@PS1,M,236370,17992395,587022,9504831,00000000*4134\r\n", 4096) = 53
1787728605.659437 read(11, "", 4096)    = 0
1787728605.767097 read(11, "@PS1,M,236371,17992455,586893,9504809,00000000*5DB9\r\n", 4096) = 53
1787728605.771764 read(11, "", 4096)    = 0
1787728605.785936 read(11, "@PS1,M,236372,17992515,586909,9504830,00000000*4A1D\r\n", 4096) = 53
1787728605.788599 read(11, "", 4096)    = 0
1787728605.905527 read(11, "@PS1,M,236373,17992575,586957,9504795,00000000*BB38\r\n", 4096) = 53
1787728605.909777 read(11, "", 4096)    = 0
1787728606.042966 read(11, "@PS1,M,236374,17992755,586829,9504816,00000000*C30A\r\n", 4096) = 53
1787728606.047978 read(11, "", 4096)    = 0
1787728606.076419 read(11, "@PS1,M,236375,17992816,586932,9504795,00000000*DB24\r\n", 4096) = 53
1787728606.078968 read(11, "", 4096)    = 0
1787728606.198894 read(11, "@PS1,M,236376,17992876,586774,9504773,00000000*DE62\r\n@PS1,M,236377,17992936,586684,9504797,00000000*A73A\r\n", 4096) = 106
1787728606.205530 read(11, "", 4096)    = 0
1787728606.255656 read(11, "@PS1,M,236378,17992996,586697,9504855,00000000*798D\r\n", 4096) = 53
1787728606.258345 read(11, "", 4096)    = 0
1787728606.353499 read(11, "@PS1,M,236379,17993056,586701,9504793,00000000*35E2\r\n", 4096) = 53
1787728606.358242 read(11, "", 4096)    = 0
1787728606.495465 read(11, "@PS1,M,236380,17993237,586525,9504801,00000000*1227\r\n", 4096) = 53
1787728606.498695 read(11, "", 4096)    = 0
1787728606.554767 read(11, "@PS1,M,236381,17993297,586641,9504844,00000000*2C09\r\n", 4096) = 53
1787728606.557562 read(11, "", 4096)    = 0
1787728606.638800 read(11, "@PS1,M,236382,17993357,586397,9504817,00000000*F22E\r\n", 4096) = 53
1787728606.643169 read(11, "", 4096)    = 0
1787728606.674346 read(11, "@PS1,M,236383,17993417,586642,9504846,00000000*9663\r\n", 4096) = 53
1787728606.677017 read(11, "", 4096)    = 0
1787728606.773740 read(11, "@PS1,M,236384,17993477,586568,9504847,00000000*377D\r\n", 4096) = 53
1787728606.779090 read(11, "", 4096)    = 0
1787728606.793830 read(11, "@PS1,M,236385,17993537,586485,9504843,00000000*32B9\r\n", 4096) = 53
1787728606.796498 read(11, "", 4096)    = 0
1787728606.915549 read(11, "@PS1,M,236386,17993597,586468,9504864,00000000*C437\r\n", 4096) = 53
1787728606.920118 read(11, "", 4096)    = 0
1787728607.056011 read(11, "@PS1,M,236387,17993778,586328,9504899,00000000*9E97\r\n", 4096) = 53
1787728607.064453 read(11, "", 4096)    = 0
1787728607.093075 read(11, "@PS1,M,236388,17993838,586167,9504895,00000000*4EDA\r\n", 4096) = 53
1787728607.096095 read(11, "", 4096)    = 0
1787728607.266836 read(11, "@PS1,M,236389,17993898,586231,9504940,00000000*8B05\r\n@PS1,M,236390,17993958,586308,9504953,00000000*49DF\r\n", 4096) = 106
1787728607.274879 read(11, "@PS1,M,236391,17994018,586203,9504958,00000000*3AAC\r\n", 4096) = 53
1787728607.276881 read(11, "", 4096)    = 0
1787728607.332053 read(11, "@PS1,M,236392,17994078,586128,9504961,00000000*09E4\r\n", 4096) = 53
1787728607.334798 read(11, "", 4096)    = 0
1787728607.511130 read(11, "@PS1,M,236393,17994258,586009,9505028,00000000*B784\r\n", 4096) = 53
1787728607.513632 read(11, "", 4096)    = 0
1787728607.570762 read(11, "@PS1,M,236394,17994318,586163,9505035,00000000*5751\r\n", 4096) = 53
1787728607.573884 read(11, "", 4096)    = 0
1787728607.654286 read(11, "@PS1,M,236395,17994378,586007,9505029,00000000*0C72\r\n", 4096) = 53
1787728607.658276 read(11, "", 4096)    = 0
1787728607.691503 read(11, "@PS1,M,236396,17994440,585955,9505031,00000000*291E\r\n", 4096) = 53
1787728607.694257 read(11, "", 4096)    = 0
1787728607.794788 read(11, "@PS1,M,236397,17994500,585890,9505092,00000000*6F6D\r\n", 4096) = 53
1787728607.799376 read(11, "", 4096)    = 0
1787728607.813076 read(11, "@PS1,M,236398,17994560,585944,9505066,00000000*1650\r\n", 4096) = 53
1787728607.815486 read(11, "", 4096)    = 0
1787728607.935381 read(11, "@PS1,M,236399,17994620,585876,9505112,00000000*1414\r\n", 4096) = 53
1787728607.940293 read(11, "", 4096)    = 0
1787728608.074609 read(11, "@PS1,M,236400,17994800,585600,9505132,00000000*9F78\r\n", 4096) = 53
1787728608.079385 read(11, "", 4096)    = 0
1787728608.110037 read(11, "@PS1,M,236401,17994860,585706,9505166,00000000*CB14\r\n", 4096) = 53
1787728608.112870 read(11, "", 4096)    = 0
1787728608.216587 read(11, "@PS1,M,236402,17994920,585536,9505175,00000000*8B1A\r\n", 4096) = 53
1787728608.221215 read(11, "", 4096)    = 0
1787728608.235461 read(11, "@PS1,M,236403,17994980,585661,9505151,00000000*59F7\r\n", 4096) = 53
1787728608.238181 read(11, "", 4096)    = 0
1787728608.358165 read(11, "@PS1,M,236404,17995040,585571,9505200,00000000*E6D8\r\n@PS1,M,236405,17995101,585459,9505231,00000000*C495\r\n", 4096) = 106
1787728608.364632 read(11, "", 4096)    = 0
1787728608.530475 read(11, "@PS1,M,236406,17995281,585537,9505241,00000000*7559\r\n", 4096) = 53
1787728608.534643 read(11, "", 4096)    = 0
1787728608.587761 read(11, "@PS1,M,236407,17995341,585526,9505249,00000000*3A14\r\n", 4096) = 53
1787728608.592050 read(11, "", 4096)    = 0
1787728608.665414 --- SIGCHLD {si_signo=SIGCHLD, si_code=CLD_EXITED, si_pid=53167, si_uid=1000, si_status=0, si_utime=0, si_stime=0} ---
1787728608.679120 read(11, "@PS1,M,236408,17995401,585467,9505252,00000000*2A84\r\n", 4096) = 53
1787728608.683576 read(11, "", 4096)    = 0
1787728608.707358 read(11, "@PS1,M,236409,17995461,585461,9505266,00000000*BAAF\r\n", 4096) = 53
1787728608.710943 read(11, "", 4096)    = 0
1787728608.815437 read(11, "@PS1,M,236410,17995522,585522,9505314,00000000*23F3\r\n", 4096) = 53
1787728608.820021 read(11, "", 4096)    = 0
1787728608.833859 read(11, "@PS1,M,236411,17995582,585436,9505307,00000000*B615\r\n", 4096) = 53
1787728608.836501 read(11, "", 4096)    = 0
1787728608.956731 read(11, "@PS1,M,236412,17995642,585403,9505328,00000000*1B0E\r\n", 4096) = 53
1787728608.961392 read(11, "", 4096)    = 0
1787728609.097922 read(11, "@PS1,M,236413,17995822,585386,9505369,00000000*ACD9\r\n", 4096) = 53
1787728609.102174 read(11, "", 4096)    = 0
1787728609.126491 read(11, "@PS1,M,236414,17995882,585293,9505360,00000000*FD3B\r\n", 4096) = 53
1787728609.129507 read(11, "", 4096)    = 0
1787728609.241386 read(11, "@PS1,M,236415,17995942,585163,9505363,00000000*9328\r\n", 4096) = 53
1787728609.246085 read(11, "@PS1,M,236416,17996002,585270,9505338,00000000*9778\r\n", 4096) = 53
1787728609.248495 read(11, "", 4096)    = 0
1787728609.305703 read(11, "@PS1,M,236417,17996062,585357,9505355,00000000*C2CE\r\n", 4096) = 53
1787728609.308336 read(11, "", 4096)    = 0
1787728609.399547 read(11, "@PS1,M,236418,17996122,585178,9505382,00000000*F2E3\r\n", 4096) = 53
1787728609.404003 read(11, "", 4096)    = 0
1787728609.547164 read(11, "@PS1,M,236419,17996303,585339,9505413,00000000*87DC\r\n", 4096) = 53
1787728609.551207 read(11, "", 4096)    = 0
1787728609.605176 read(11, "@PS1,M,236420,17996363,585302,9505388,00000000*C03A\r\n", 4096) = 53
1787728609.607749 read(11, "", 4096)    = 0
1787728609.705206 read(11, "@PS1,M,236421,17996423,585374,9505388,00000000*9D10\r\n", 4096) = 53
1787728609.709527 read(11, "", 4096)    = 0
1787728609.724608 read(11, "@PS1,M,236422,17996483,585258,9505391,00000000*3733\r\n", 4096) = 53
1787728609.727015 read(11, "", 4096)    = 0
1787728609.850738 read(11, "@PS1,M,236423,17996543,585268,9505422,00000000*0DEB\r\n@PS1,M,236424,17996603,585373,9505388,00000000*C319\r\n", 4096) = 106
1787728609.857043 read(11, "", 4096)    = 0
1787728609.903749 read(11, "@PS1,M,236425,17996663,585218,9505407,00000000*5AC3\r\n", 4096) = 53
1787728609.906345 read(11, "", 4096)    = 0
1787728610.083324 read(11, "@PS1,M,236426,17996844,585451,9505425,00000000*30F5\r\n", 4096) = 53
1787728610.086238 read(11, "", 4096)    = 0
1787728610.143020 read(11, "@PS1,M,236427,17996904,585425,9505410,00000000*5842\r\n", 4096) = 53
1787728610.145804 read(11, "", 4096)    = 0
1787728610.230939 read(11, "@PS1,M,236428,17996964,585536,9505425,00000000*9507\r\n", 4096) = 53
1787728610.235289 read(11, "", 4096)    = 0
1787728610.263795 read(11, "@PS1,M,236429,17997025,585341,9505428,00000000*B8C9\r\n", 4096) = 53
1787728610.267110 read(11, "", 4096)    = 0
1787728610.376499 read(11, "@PS1,M,236430,17997086,585435,9505434,00000000*2A71\r\n", 4096) = 53
1787728610.381230 read(11, "", 4096)    = 0
1787728610.394898 read(11, "@PS1,M,236431,17997146,585415,9505410,00000000*A0C0\r\n", 4096) = 53
1787728610.397648 read(11, "", 4096)    = 0
1787728610.561797 read(11, "@PS1,M,236432,17997325,585496,9505401,00000000*0EFB\r\n", 4096) = 53
1787728610.565103 read(11, "", 4096)    = 0
1787728610.621477 read(11, "@PS1,M,236433,17997385,585741,9505428,00000000*C413\r\n", 4096) = 53
1787728610.624257 read(11, "", 4096)    = 0
1787728610.709542 read(11, "@PS1,M,236434,17997446,585671,9505407,00000000*97BF\r\n", 4096) = 53
1787728610.714436 read(11, "", 4096)    = 0
1787728610.742230 read(11, "@PS1,M,236435,17997506,585577,9505365,00000000*F63E\r\n", 4096) = 53
1787728610.744967 read(11, "", 4096)    = 0
1787728610.850341 read(11, "@PS1,M,236436,17997566,585774,9505402,00000000*1504\r\n", 4096) = 53
1787728610.854997 read(11, "", 4096)    = 0
1787728610.870609 read(11, "@PS1,M,236437,17997627,585772,9505378,00000000*D72A\r\n", 4096) = 53
1787728610.873423 read(11, "", 4096)    = 0
1787728610.997003 read(11, "@PS1,M,236438,17997687,585774,9505337,00000000*EE42\r\n", 4096) = 53
1787728611.001147 read(11, "", 4096)    = 0
1787728611.143034 read(11, "@PS1,M,236439,17997867,585944,9505362,00000000*75E6\r\n", 4096) = 53
1787728611.147631 read(11, "", 4096)    = 0
1787728611.161176 read(11, "@PS1,M,236440,17997927,585936,9505342,00000000*838A\r\n", 4096) = 53
1787728611.163953 read(11, "", 4096)    = 0
1787728611.289845 read(11, "@PS1,M,236441,17997987,586077,9505361,00000000*2B82\r\n@PS1,M,236442,17998047,585940,9505323,00000000*A3B5\r\n", 4096) = 106
1787728611.296228 read(11, "", 4096)    = 0
1787728611.340077 read(11, "@PS1,M,236443,17998107,585999,9505386,00000000*7C1D\r\n", 4096) = 53
1787728611.342874 read(11, "", 4096)    = 0
1787728611.450280 read(11, "@PS1,M,236444,17998167,586009,9505323,00000000*29FD\r\n", 4096) = 53
1787728611.455180 read(11, "", 4096)    = 0
1787728611.597327 read(11, "@PS1,M,236445,17998348,586208,9505282,00000000*E762\r\n", 4096) = 53
1787728611.601937 read(11, "", 4096)    = 0
1787728611.639030 read(11, "@PS1,M,236446,17998408,586184,9505272,00000000*ECC8\r\n", 4096) = 53
1787728611.641582 read(11, "", 4096)    = 0
1787728611.743944 read(11, "@PS1,M,236447,17998468,586188,9505265,00000000*6CB3\r\n", 4096) = 53
1787728611.748578 read(11, "", 4096)    = 0
1787728611.762369 read(11, "@PS1,M,236448,17998528,586329,9505227,00000000*859C\r\n", 4096) = 53
1787728611.765299 read(11, "", 4096)    = 0
1787728611.890587 read(11, "@PS1,M,236449,17998588,586253,9505224,00000000*DDB8\r\n@PS1,M,236450,17998648,586251,9505267,00000000*0A0E\r\n", 4096) = 106
1787728611.896646 read(11, "", 4096)    = 0
1787728611.937723 read(11, "@PS1,M,236451,17998708,586384,9505241,00000000*F29C\r\n", 4096) = 53
1787728611.940478 read(11, "", 4096)    = 0
1787728612.118048 read(11, "@PS1,M,236452,17998889,586573,9505170,00000000*04B7\r\n", 4096) = 53
1787728612.120890 read(11, "", 4096)    = 0
1787728612.177748 read(11, "@PS1,M,236453,17998949,586600,9505199,00000000*3D53\r\n", 4096) = 53
1787728612.180476 read(11, "", 4096)    = 0
1787728612.273980 read(11, "@PS1,M,236454,17999010,586588,9505190,00000000*2C72\r\n", 4096) = 53
1787728612.279742 read(11, "", 4096)    = 0
1787728612.304562 read(11, "@PS1,M,236455,17999070,586562,9505146,00000000*445F\r\n", 4096) = 53
1787728612.308278 read(11, "", 4096)    = 0
1787728612.475984 read(11, "@PS1,M,236456,17999130,586719,9505150,00000000*7F23\r\n@PS1,M,236457,17999190,586623,9505143,00000000*B751\r\n", 4096) = 106
1787728612.482398 read(11, "", 4096)    = 0
1787728612.636142 read(11, "@PS1,M,236458,17999370,586732,9505075,00000000*218C\r\n", 4096) = 53
1787728612.640973 read(11, "", 4096)    = 0
1787728612.656224 read(11, "@PS1,M,236459,17999430,586796,9505072,00000000*9621\r\n", 4096) = 53
1787728612.659571 read(11, "", 4096)    = 0
1787728612.783572 read(11, "@PS1,M,236460,17999490,586832,9505051,00000000*91E3\r\n@PS1,M,236461,17999550,586800,9505064,00000000*8202\r\n", 4096) = 106
1787728612.794028 read(11, "", 4096)    = 0
1787728612.835436 read(11, "@PS1,M,236462,17999610,587015,9505037,00000000*1627\r\n", 4096) = 53
1787728612.838599 read(11, "", 4096)    = 0
1787728612.944690 read(11, "@PS1,M,236463,17999671,587052,9505022,00000000*B460\r\n", 4096) = 53
1787728612.949480 read(11, "", 4096)    = 0
1787728612.963192 read(11, "@PS1,M,236464,17999731,586973,9505020,00000000*0B00\r\n", 4096) = 53
1787728612.966206 read(11, "", 4096)    = 0
1787728613.134119 read(11, "@PS1,M,236465,17999911,586957,9504983,00000000*B956\r\n", 4096) = 53
1787728613.137039 read(11, "", 4096)    = 0
1787728613.193780 read(11, "@PS1,M,236466,17999971,586982,9504930,00000000*B92E\r\n", 4096) = 53
1787728613.196679 read(11, "", 4096)    = 0
1787728613.282975 read(11, "@PS1,M,236467,18000031,587045,9504930,00000000*8220\r\n", 4096) = 53
1787728613.287341 read(11, "", 4096)    = 0
1787728613.313377 read(11, "@PS1,M,236468,18000091,587019,9504919,00000000*AE2F\r\n", 4096) = 53
1787728613.315916 read(11, "", 4096)    = 0
1787728613.428683 read(11, "@PS1,M,236469,18000152,587097,9504916,00000000*7CDF\r\n", 4096) = 53
1787728613.433869 read(11, "@PS1,M,236470,18000212,586921,9504895,00000000*271D\r\n", 4096) = 53
1787728613.436151 read(11, "", 4096)    = 0
1787728613.613152 read(11, "@PS1,M,236471,18000392,587111,9504873,00000000*A779\r\n", 4096) = 53
1787728613.618236 read(11, "", 4096)    = 0
1787728613.672778 read(11, "@PS1,M,236472,18000452,587102,9504815,00000000*8748\r\n", 4096) = 53
1787728613.675876 read(11, "", 4096)    = 0
1787728613.761910 read(11, "@PS1,M,236473,18000512,587063,9504884,00000000*ABCD\r\n", 4096) = 53
1787728613.766264 read(11, "", 4096)    = 0
1787728613.792403 read(11, "@PS1,M,236474,18000572,587026,9504860,00000000*20B6\r\n", 4096) = 53
1787728613.795998 read(11, "", 4096)    = 0
1787728613.903171 read(11, "@PS1,M,236475,18000632,587091,9504828,00000000*1B18\r\n", 4096) = 53
1787728613.907828 read(11, "", 4096)    = 0
1787728613.921686 read(11, "@PS1,M,236476,18000692,586918,9504825,00000000*90BF\r\n", 4096) = 53
1787728613.924246 read(11, "", 4096)    = 0
1787728614.050079 read(11, "@PS1,M,236477,18000752,587072,9504830,00000000*197E\r\n", 4096) = 53
1787728614.054318 read(11, "", 4096)    = 0
1787728614.198078 read(11, "@PS1,M,236478,18000933,587011,9504805,00000000*4A47\r\n", 4096) = 53
1787728614.202363 read(11, "", 4096)    = 0
1787728614.215740 read(11, "@PS1,M,236479,18000993,586986,9504793,00000000*54BF\r\n", 4096) = 53
1787728614.218790 read(11, "", 4096)    = 0
1787728614.345107 read(11, "@PS1,M,236480,18001053,586836,9504830,00000000*0A62\r\n@PS1,M,236481,18001114,586935,9504806,00000000*E44E\r\n", 4096) = 106
1787728614.351242 read(11, "", 4096)    = 0
1787728614.390506 read(11, "@PS1,M,236482,18001174,586947,9504805,00000000*F2B6\r\n", 4096) = 53
1787728614.392953 read(11, "", 4096)    = 0
1787728614.507491 read(11, "@PS1,M,236483,18001234,586808,9504787,00000000*D30E\r\n", 4096) = 53
1787728614.511767 read(11, "", 4096)    = 0
1787728614.656364 read(11, "@PS1,M,236484,18001414,587029,9504798,00000000*BAB8\r\n", 4096) = 53
1787728614.661096 read(11, "", 4096)    = 0
1787728614.689609 read(11, "@PS1,M,236485,18001474,586878,9504839,00000000*8F5D\r\n", 4096) = 53
1787728614.692526 read(11, "", 4096)    = 0
1787728614.804933 read(11, "@PS1,M,236486,18001534,586863,9504806,00000000*BEFA\r\n", 4096) = 53
1787728614.809613 read(11, "@PS1,M,236487,18001594,586692,9504833,00000000*B918\r\n", 4096) = 53
1787728614.811943 read(11, "", 4096)    = 0
1787728614.868787 read(11, "@PS1,M,236488,18001654,586574,9504838,00000000*B066\r\n", 4096) = 53
1787728614.871389 read(11, "", 4096)    = 0
1787728614.963147 read(11, "@PS1,M,236489,18001714,586672,9504852,00000000*93E7\r\n", 4096) = 53
1787728614.968332 read(11, "", 4096)    = 0
1787728614.988316 read(11, "@PS1,M,236490,18001774,586643,9504837,00000000*A1CB\r\n", 4096) = 53
1787728614.991420 read(11, "", 4096)    = 0
1787728615.168743 read(11, "@PS1,M,236491,18001956,586533,9504872,00000000*DDFC\r\n", 4096) = 53
1787728615.171545 read(11, "", 4096)    = 0
1787728615.228364 read(11, "@PS1,M,236492,18002016,586495,9504876,00000000*8FDD\r\n", 4096) = 53
1787728615.231082 read(11, "", 4096)    = 0
1787728615.318912 read(11, "@PS1,M,236493,18002076,586434,9504819,00000000*A188\r\n", 4096) = 53
1787728615.323238 read(11, "", 4096)    = 0
1787728615.348111 read(11, "@PS1,M,236494,18002136,586444,9504899,00000000*5921\r\n", 4096) = 53
1787728615.351515 read(11, "", 4096)    = 0
1787728615.466046 read(11, "@PS1,M,236495,18002196,586259,9504936,00000000*7BFF\r\n", 4096) = 53
1787728615.470778 read(11, "@PS1,M,236496,18002256,586263,9504904,00000000*872C\r\n", 4096) = 53
1787728615.473173 read(11, "", 4096)    = 0
1787728615.646998 read(11, "@PS1,M,236497,18002437,586196,9504957,00000000*346F\r\n", 4096) = 53
1787728615.650098 read(11, "", 4096)    = 0
1787728615.706659 read(11, "@PS1,M,236498,18002497,586112,9504980,00000000*5DF6\r\n", 4096) = 53
1787728615.709819 read(11, "", 4096)    = 0
1787728615.797806 read(11, "@PS1,M,236499,18002557,586187,9504978,00000000*F911\r\n", 4096) = 53
1787728615.802373 read(11, "", 4096)    = 0
1787728615.826244 read(11, "@PS1,M,236500,18002617,586033,9505021,00000000*FBDF\r\n", 4096) = 53
1787728615.829077 read(11, "", 4096)    = 0
1787728615.941047 read(11, "@PS1,M,236501,18002677,585983,9505031,00000000*6299\r\n", 4096) = 53
1787728615.945437 read(11, "@PS1,M,236502,18002737,586070,9505033,00000000*C09F\r\n", 4096) = 53
1787728615.947921 read(11, "", 4096)    = 0
1787728616.005474 read(11, "@PS1,M,236503,18002797,585907,9505035,00000000*78B0\r\n", 4096) = 53
1787728616.008079 read(11, "", 4096)    = 0
1787728616.184672 read(11, "@PS1,M,236504,18002977,585814,9505089,00000000*7410\r\n", 4096) = 53
1787728616.187591 read(11, "", 4096)    = 0
1787728616.331872 read(11, "@PS1,M,236505,18003038,585753,9505089,00000000*AB94\r\n@PS1,M,236506,18003098,585811,9505089,00000000*E968\r\n", 4096) = 106
1787728616.339031 read(11, "", 4096)    = 0
1787728616.365428 read(11, "@PS1,M,236507,18003158,585806,9505144,00000000*940D\r\n", 4096) = 53
1787728616.367821 read(11, "", 4096)    = 0
1787728616.493553 read(11, "@PS1,M,236508,18003218,585672,9505096,00000000*4381\r\n@PS1,M,236509,18003278,585751,9505164,00000000*C993\r\n", 4096) = 106
1787728616.500226 read(11, "", 4096)    = 0
1787728616.664355 read(11, "@PS1,M,236510,18003459,585657,9505189,00000000*0F3A\r\n", 4096) = 53
1787728616.667223 read(11, "", 4096)    = 0
1787728616.723980 read(11, "@PS1,M,236511,18003519,585604,9505221,00000000*CC24\r\n", 4096) = 53
1787728616.727131 read(11, "", 4096)    = 0
1787728616.814601 read(11, "@PS1,M,236512,18003579,585466,9505244,00000000*EDEE\r\n", 4096) = 53
1787728616.818951 read(11, "", 4096)    = 0
1787728616.843703 read(11, "@PS1,M,236513,18003639,585553,9505263,00000000*24CB\r\n", 4096) = 53
1787728616.846495 read(11, "", 4096)    = 0
1787728616.961431 read(11, "@PS1,M,236514,18003699,585376,9505246,00000000*C8FD\r\n", 4096) = 53
1787728616.966502 read(11, "@PS1,M,236515,18003759,585415,9505304,00000000*0306\r\n", 4096) = 53
1787728616.968691 read(11, "", 4096)    = 0
1787728617.022771 read(11, "@PS1,M,236516,18003820,585363,9505280,00000000*F574\r\n", 4096) = 53
1787728617.025141 read(11, "", 4096)    = 0
1787728617.202406 read(11, "@PS1,M,236517,18004000,585353,9505292,00000000*01AD\r\n", 4096) = 53
1787728617.205433 read(11, "", 4096)    = 0
1787728617.262077 read(11, "@PS1,M,236518,18004060,585315,9505344,00000000*8E0D\r\n", 4096) = 53
1787728617.264873 read(11, "", 4096)    = 0
1787728617.351738 read(11, "@PS1,M,236519,18004120,585285,9505319,00000000*EC2F\r\n", 4096) = 53
1787728617.356329 read(11, "", 4096)    = 0
1787728617.381652 read(11, "@PS1,M,236520,18004180,585191,9505349,00000000*FAD4\r\n", 4096) = 53
1787728617.384100 read(11, "", 4096)    = 0
1787728617.527005 read(11, "@PS1,M,236521,18004240,585335,9505321,00000000*E76F\r\n@PS1,M,236522,18004300,585184,9505364,00000000*3DDF\r\n", 4096) = 106
1787728617.536209 read(11, "", 4096)    = 0
1787728617.696093 read(11, "@PS1,M,236523,18004481,585295,9505407,00000000*855A\r\n", 4096) = 53
1787728617.700723 read(11, "", 4096)    = 0
1787728617.740559 read(11, "@PS1,M,236524,18004541,585267,9505386,00000000*492D\r\n", 4096) = 53
1787728617.743984 read(11, "", 4096)    = 0
1787728617.845022 read(11, "@PS1,M,236525,18004601,585118,9505392,00000000*6B68\r\n", 4096) = 53
1787728617.849620 read(11, "", 4096)    = 0
1787728617.863275 read(11, "@PS1,M,236526,18004661,585298,9505365,00000000*5F21\r\n", 4096) = 53
1787728617.866011 read(11, "", 4096)    = 0
1787728617.993076 read(11, "@PS1,M,236527,18004721,585279,9505400,00000000*F864\r\n@PS1,M,236528,18004781,585229,9505412,00000000*56DD\r\n", 4096) = 106
1787728617.999509 read(11, "", 4096)    = 0
1787728618.039266 read(11, "@PS1,M,236529,18004841,585166,9505397,00000000*D654\r\n", 4096) = 53
1787728618.042410 read(11, "", 4096)    = 0
1787728618.219190 read(11, "@PS1,M,236530,18005022,585230,9505410,00000000*6ABB\r\n", 4096) = 53
1787728618.221761 read(11, "", 4096)    = 0
1787728618.278860 read(11, "@PS1,M,236531,18005082,585209,9505411,00000000*91CB\r\n", 4096) = 53
1787728618.281647 read(11, "", 4096)    = 0
1787728618.368335 read(11, "@PS1,M,236532,18005142,585316,9505377,00000000*F29E\r\n", 4096) = 53
1787728618.372785 read(11, "", 4096)    = 0
1787728618.398507 read(11, "@PS1,M,236533,18005202,585342,9505409,00000000*BE72\r\n", 4096) = 53
1787728618.401333 read(11, "", 4096)    = 0
1787728618.516209 read(11, "@PS1,M,236534,18005262,585392,9505385,00000000*C84A\r\n", 4096) = 53
1787728618.525364 read(11, "@PS1,M,236535,18005322,585363,9505394,00000000*3DD3\r\n", 4096) = 53
1787728618.527422 read(11, "", 4096)    = 0
1787728618.675931 --- SIGCHLD {si_signo=SIGCHLD, si_code=CLD_EXITED, si_pid=53203, si_uid=1000, si_status=0, si_utime=0, si_stime=0} ---
1787728618.697712 read(11, "@PS1,M,236536,18005503,585502,9505395,00000000*3D40\r\n", 4096) = 53
1787728618.701088 read(11, "", 4096)    = 0
1787728618.757445 read(11, "@PS1,M,236537,18005563,585514,9505387,00000000*A078\r\n", 4096) = 53
1787728618.760568 read(11, "", 4096)    = 0
1787728618.848590 read(11, "@PS1,M,236538,18005623,585477,9505348,00000000*3F99\r\n", 4096) = 53
1787728618.852962 read(11, "", 4096)    = 0
1787728618.877012 read(11, "@PS1,M,236539,18005683,585624,9505400,00000000*36A1\r\n", 4096) = 53
1787728618.880917 read(11, "", 4096)    = 0
1787728618.991324 read(11, "@PS1,M,236540,18005743,585677,9505387,00000000*B9C2\r\n", 4096) = 53
1787728618.995888 read(11, "", 4096)    = 0
1787728618.996684 read(11, "@PS1,M,236541,18005803,585520,9505368,00000000*48E8\r\n", 4096) = 53
1787728618.998887 read(11, "", 4096)    = 0
1787728619.142045 read(11, "@PS1,M,236542,18005863,585598,9505350,00000000*0463\r\n", 4096) = 53
1787728619.146646 read(11, "", 4096)    = 0
1787728619.290679 read(11, "@PS1,M,236543,18006045,585933,9505342,00000000*3B3A\r\n", 4096) = 53
1787728619.295350 read(11, "", 4096)    = 0
1787728619.296165 read(11, "@PS1,M,236544,18006105,585868,9505347,00000000*CBDC\r\n", 4096) = 53
1787728619.298805 read(11, "", 4096)    = 0
1787728619.437395 read(11, "@PS1,M,236545,18006165,585757,9505339,00000000*D88F\r\n@PS1,M,236546,18006225,585706,9505310,00000000*2121\r\n", 4096) = 106
1787728619.443761 read(11, "", 4096)    = 0
1787728619.475478 read(11, "@PS1,M,236547,18006285,585897,9505314,00000000*E0CF\r\n", 4096) = 53
1787728619.478231 read(11, "", 4096)    = 0
1787728619.600728 read(11, "@PS1,M,236548,18006345,585972,9505270,00000000*0C59\r\n", 4096) = 53
1787728619.605412 read(11, "", 4096)    = 0
1787728619.746264 read(11, "@PS1,M,236549,18006525,586086,9505337,00000000*C472\r\n", 4096) = 53
1787728619.751179 read(11, "", 4096)    = 0
1787728619.774029 read(11, "@PS1,M,236550,18006585,586200,9505264,00000000*2588\r\n", 4096) = 53
1787728619.777861 read(11, "", 4096)    = 0
1787728619.894570 read(11, "@PS1,M,236551,18006645,586077,9505255,00000000*927F\r\n@PS1,M,236552,18006705,586114,9505269,00000000*ECD4\r\n", 4096) = 106
1787728619.900872 read(11, "", 4096)    = 0
1787728619.954455 read(11, "@PS1,M,236553,18006767,586154,9505257,00000000*2BAD\r\n", 4096) = 53
1787728619.956945 read(11, "", 4096)    = 0
1787728620.055551 read(11, "@PS1,M,236554,18006827,586194,9505217,00000000*1697\r\n", 4096) = 53
1787728620.060517 read(11, "", 4096)    = 0
1787728620.074222 read(11, "@PS1,M,236555,18006887,586271,9505202,00000000*C1B8\r\n", 4096) = 53
1787728620.076722 read(11, "", 4096)    = 0
1787728620.253000 read(11, "@PS1,M,236556,18007067,586310,9505144,00000000*163F\r\n", 4096) = 53
1787728620.255781 read(11, "", 4096)    = 0
1787728620.312688 read(11, "@PS1,M,236557,18007127,586423,9505152,00000000*5F27\r\n", 4096) = 53
1787728620.315394 read(11, "", 4096)    = 0
1787728620.401062 read(11, "@PS1,M,236558,18007187,586443,9505141,00000000*ECDB\r\n", 4096) = 53
1787728620.405513 read(11, "", 4096)    = 0
1787728620.432261 read(11, "@PS1,M,236559,18007247,586561,9505144,00000000*46A0\r\n", 4096) = 53
1787728620.435205 read(11, "", 4096)    = 0
1787728620.547223 read(11, "@PS1,M,236560,18007307,586698,9505127,00000000*E347\r\n", 4096) = 53
1787728620.551997 read(11, "@PS1,M,236561,18007367,586529,9505140,00000000*0793\r\n", 4096) = 53
1787728620.554376 read(11, "", 4096)    = 0
1787728620.730938 read(11, "@PS1,M,236562,18007547,586544,9505062,00000000*ECDF\r\n", 4096) = 53
1787728620.733842 read(11, "", 4096)    = 0
1787728620.875431 read(11, "@PS1,M,236563,18007608,586674,9505061,00000000*8643\r\n@PS1,M,236564,18007669,586706,9505044,00000000*6366\r\n", 4096) = 106
1787728620.882604 read(11, "", 4096)    = 0
1787728620.911333 read(11, "@PS1,M,236565,18007729,586605,9505066,00000000*301B\r\n", 4096) = 53
1787728620.913481 read(11, "", 4096)    = 0
1787728621.035382 read(11, "@PS1,M,236566,18007789,586787,9505041,00000000*169C\r\n@PS1,M,236567,18007849,586744,9504977,00000000*6778\r\n", 4096) = 106
1787728621.041748 read(11, "", 4096)    = 0
1787728621.090513 read(11, "@PS1,M,236568,18007909,586701,9505032,00000000*20EC\r\n", 4096) = 53
1787728621.093051 read(11, "", 4096)    = 0
1787728621.270295 read(11, "@PS1,M,236569,18008090,586832,9504912,00000000*A4B7\r\n", 4096) = 53
1787728621.273342 read(11, "", 4096)    = 0
1787728621.330024 read(11, "@PS1,M,236570,18008150,586815,9504966,00000000*9144\r\n", 4096) = 53
1787728621.332820 read(11, "", 4096)    = 0
1787728621.419590 read(11, "@PS1,M,236571,18008210,586877,9504899,00000000*69B9\r\n", 4096) = 53
1787728621.424012 read(11, "", 4096)    = 0
1787728621.449715 read(11, "@PS1,M,236572,18008270,587055,9504899,00000000*30C1\r\n", 4096) = 53
1787728621.452763 read(11, "", 4096)    = 0
1787728621.561069 read(11, "@PS1,M,236573,18008330,586894,9504866,00000000*B599\r\n", 4096) = 53
1787728621.565731 read(11, "", 4096)    = 0
1787728621.579406 read(11, "@PS1,M,236574,18008390,586989,9504851,00000000*541A\r\n", 4096) = 53
1787728621.582360 read(11, "", 4096)    = 0
1787728621.748817 read(11, "@PS1,M,236575,18008571,586815,9504840,00000000*D501\r\n", 4096) = 53
1787728621.751660 read(11, "", 4096)    = 0
1787728621.808506 read(11, "@PS1,M,236576,18008631,586941,9504821,00000000*0286\r\n", 4096) = 53
1787728621.811277 read(11, "", 4096)    = 0
1787728621.899964 read(11, "@PS1,M,236577,18008691,587005,9504800,00000000*CF5F\r\n", 4096) = 53
1787728621.904465 read(11, "", 4096)    = 0
1787728621.928092 read(11, "@PS1,M,236578,18008751,587007,9504797,00000000*B8FB\r\n", 4096) = 53
1787728621.931587 read(11, "", 4096)    = 0
1787728622.046574 read(11, "@PS1,M,236579,18008811,586983,9504815,00000000*2698\r\n", 4096) = 53
1787728622.051613 read(11, "@PS1,M,236580,18008871,586860,9504774,00000000*22F8\r\n", 4096) = 53
1787728622.053916 read(11, "", 4096)    = 0
1787728622.107296 read(11, "@PS1,M,236581,18008931,586902,9504802,00000000*526C\r\n", 4096) = 53
1787728622.109668 read(11, "", 4096)    = 0
1787728622.287031 read(11, "@PS1,M,236582,18009112,586931,9504778,00000000*3354\r\n", 4096) = 53
1787728622.289896 read(11, "", 4096)    = 0
1787728622.346728 read(11, "@PS1,M,236583,18009172,586948,9504768,00000000*955C\r\n", 4096) = 53
1787728622.349514 read(11, "", 4096)    = 0
1787728622.434921 read(11, "@PS1,M,236584,18009232,586793,9504789,00000000*14A7\r\n", 4096) = 53
1787728622.439474 read(11, "", 4096)    = 0
1787728622.466320 read(11, "@PS1,M,236585,18009292,586741,9504768,00000000*398E\r\n", 4096) = 53
1787728622.468786 read(11, "", 4096)    = 0
1787728622.596872 read(11, "@PS1,M,236586,18009352,586852,9504762,00000000*45C1\r\n@PS1,M,236587,18009412,586748,9504761,00000000*794C\r\n", 4096) = 106
1787728622.606748 read(11, "", 4096)    = 0
1787728622.810405 read(11, "@PS1,M,236588,18009592,586647,9504781,00000000*7DC0\r\n", 4096) = 53
1787728622.815045 read(11, "", 4096)    = 0
1787728622.830582 read(11, "@PS1,M,236589,18009653,586578,9504790,00000000*A3F3\r\n", 4096) = 53
1787728622.833645 read(11, "", 4096)    = 0
1787728622.957159 read(11, "@PS1,M,236590,18009713,586587,9504764,00000000*F072\r\n@PS1,M,236591,18009773,586744,9504808,00000000*032E\r\n", 4096) = 106
1787728622.963512 read(11, "", 4096)    = 0
1787728623.004873 read(11, "@PS1,M,236592,18009833,586537,9504816,00000000*5712\r\n", 4096) = 53
1787728623.007810 read(11, "", 4096)    = 0
1787728623.117427 read(11, "@PS1,M,236593,18009893,586606,9504818,00000000*5569\r\n", 4096) = 53
1787728623.122065 read(11, "", 4096)    = 0
1787728623.137696 read(11, "@PS1,M,236594,18009953,586460,9504804,00000000*B649\r\n", 4096) = 53
1787728623.140775 read(11, "", 4096)    = 0
1787728623.304227 read(11, "@PS1,M,236595,18010134,586188,9504871,00000000*FD44\r\n", 4096) = 53
1787728623.307104 read(11, "", 4096)    = 0
1787728623.363817 read(11, "@PS1,M,236596,18010194,586299,9504868,00000000*BFF8\r\n", 4096) = 53
1787728623.366597 read(11, "", 4096)    = 0
1787728623.452597 read(11, "@PS1,M,236597,18010254,586239,9504881,00000000*F449\r\n", 4096) = 53
1787728623.457002 read(11, "", 4096)    = 0
1787728623.483341 read(11, "@PS1,M,236598,18010314,586175,9504867,00000000*021A\r\n", 4096) = 53
1787728623.486184 read(11, "", 4096)    = 0
1787728623.605215 read(11, "@PS1,M,236599,18010374,586202,9504880,00000000*9C85\r\n@PS1,M,236600,18010434,586052,9504903,00000000*A297\r\n", 4096) = 106
1787728623.614281 read(11, "", 4096)    = 0
1787728623.781902 read(11, "@PS1,M,236601,18010615,586093,9504945,00000000*13C1\r\n", 4096) = 53
1787728623.784705 read(11, "", 4096)    = 0
1787728623.926974 read(11, "@PS1,M,236602,18010675,586016,9504939,00000000*20C1\r\n@PS1,M,236603,18010735,585896,9504994,00000000*F1FE\r\n", 4096) = 106
1787728623.933053 read(11, "", 4096)    = 0
1787728623.961101 read(11, "@PS1,M,236604,18010795,585885,9504987,00000000*D9C3\r\n", 4096) = 53
1787728623.964081 read(11, "", 4096)    = 0
1787728624.089267 read(11, "@PS1,M,236605,18010856,586032,9505042,00000000*453D\r\n@PS1,M,236606,18010916,585830,9505032,00000000*7FAF\r\n", 4096) = 106
1787728624.095657 read(11, "", 4096)    = 0
1787728624.141468 read(11, "@PS1,M,236607,18010976,585913,9505062,00000000*2A7F\r\n", 4096) = 53
1787728624.144180 read(11, "", 4096)    = 0
1787728624.321030 read(11, "@PS1,M,236608,18011157,585649,9505099,00000000*3F83\r\n", 4096) = 53
1787728624.323633 read(11, "", 4096)    = 0
1787728624.466717 read(11, "@PS1,M,236609,18011217,585695,9505081,00000000*983E\r\n@PS1,M,236610,18011277,585422,9505119,00000000*51D3\r\n", 4096) = 106
1787728624.478547 read(11, "", 4096)    = 0
1787728624.500298 read(11, "@PS1,M,236611,18011337,585423,9505144,00000000*B852\r\n", 4096) = 53
1787728624.503355 read(11, "", 4096)    = 0
1787728624.629661 read(11, "@PS1,M,236612,18011397,585544,9505147,00000000*E7FB\r\n@PS1,M,236613,18011457,585322,9505123,00000000*B608\r\n", 4096) = 106
1787728624.635875 read(11, "", 4096)    = 0
1787728624.798628 read(11, "@PS1,M,236614,18011637,585299,9505186,00000000*47A4\r\n", 4096) = 53
1787728624.801749 read(11, "", 4096)    = 0
1787728624.858295 read(11, "@PS1,M,236615,18011697,585337,9505210,00000000*5431\r\n", 4096) = 53
1787728624.861182 read(11, "", 4096)    = 0
1787728624.948019 read(11, "@PS1,M,236616,18011758,585380,9505280,00000000*FA91\r\n", 4096) = 53
1787728624.952531 read(11, "", 4096)    = 0
1787728624.979061 read(11, "@PS1,M,236617,18011818,585231,9505248,00000000*A84E\r\n", 4096) = 53
1787728624.982315 read(11, "", 4096)    = 0
1787728625.095102 read(11, "@PS1,M,236618,18011878,585288,9505239,00000000*91C7\r\n", 4096) = 53
1787728625.099469 read(11, "@PS1,M,236619,18011938,585107,9505259,00000000*B7E7\r\n", 4096) = 53
1787728625.102340 read(11, "", 4096)    = 0
1787728625.158234 read(11, "@PS1,M,236620,18011998,585411,9505270,00000000*E046\r\n", 4096) = 53
1787728625.160890 read(11, "", 4096)    = 0
1787728625.337676 read(11, "@PS1,M,236621,18012179,585163,9505315,00000000*0C01\r\n", 4096) = 53
1787728625.340182 read(11, "", 4096)    = 0
1787728625.397344 read(11, "@PS1,M,236622,18012239,585061,9505330,00000000*B110\r\n", 4096) = 53
1787728625.400122 read(11, "", 4096)    = 0
1787728625.486699 read(11, "@PS1,M,236623,18012299,585223,9505317,00000000*3908\r\n", 4096) = 53
1787728625.491230 read(11, "", 4096)    = 0
1787728625.516902 read(11, "@PS1,M,236624,18012359,585138,9505334,00000000*0A36\r\n", 4096) = 53
1787728625.519783 read(11, "", 4096)    = 0
1787728625.633445 read(11, "@PS1,M,236625,18012419,585109,9505363,00000000*7A22\r\n", 4096) = 53
1787728625.638140 read(11, "@PS1,M,236626,18012479,585100,9505354,00000000*7217\r\n", 4096) = 53
1787728625.640732 read(11, "", 4096)    = 0
1787728625.815953 read(11, "@PS1,M,236627,18012660,585057,9505344,00000000*ABE6\r\n", 4096) = 53
1787728625.818898 read(11, "", 4096)    = 0
1787728625.875606 read(11, "@PS1,M,236628,18012720,585021,9505366,00000000*2EB0\r\n", 4096) = 53
1787728625.878399 read(11, "", 4096)    = 0
1787728625.964558 read(11, "@PS1,M,236629,18012780,584989,9505400,00000000*D369\r\n", 4096) = 53
1787728625.969377 read(11, "", 4096)    = 0
1787728625.995141 read(11, "@PS1,M,236630,18012840,585182,9505368,00000000*C01A\r\n", 4096) = 53
1787728625.998707 read(11, "", 4096)    = 0
1787728626.105473 read(11, "@PS1,M,236631,18012900,585035,9505390,00000000*3EBF\r\n", 4096) = 53
1787728626.109711 read(11, "", 4096)    = 0
1787728626.123500 read(11, "@PS1,M,236632,18012960,585214,9505383,00000000*0D1A\r\n", 4096) = 53
1787728626.126321 read(11, "", 4096)    = 0
1787728626.251888 read(11, "@PS1,M,236633,18013021,585115,9505392,00000000*C667\r\n", 4096) = 53
1787728626.256204 read(11, "", 4096)    = 0
1787728626.398713 read(11, "@PS1,M,236634,18013201,585059,9505383,00000000*8BB8\r\n", 4096) = 53
1787728626.403309 read(11, "", 4096)    = 0
1787728626.416881 read(11, "@PS1,M,236635,18013261,585233,9505368,00000000*E80C\r\n", 4096) = 53
1787728626.419592 read(11, "", 4096)    = 0
1787728626.544898 read(11, "@PS1,M,236636,18013321,585213,9505399,00000000*908B\r\n@PS1,M,236637,18013381,585327,9505402,00000000*49FC\r\n", 4096) = 106
1787728626.551351 read(11, "", 4096)    = 0
1787728626.593351 read(11, "@PS1,M,236638,18013441,585144,9505399,00000000*C28D\r\n", 4096) = 53
1787728626.595971 read(11, "", 4096)    = 0
1787728626.704747 read(11, "@PS1,M,236639,18013501,585292,9505391,00000000*C84C\r\n", 4096) = 53
1787728626.709853 read(11, "", 4096)    = 0
1787728626.852501 read(11, "@PS1,M,236640,18013682,585388,9505390,00000000*9771\r\n", 4096) = 53
1787728626.857270 read(11, "", 4096)    = 0
1787728626.892393 read(11, "@PS1,M,236641,18013742,585338,9505394,00000000*F352\r\n", 4096) = 53
1787728626.894963 read(11, "", 4096)    = 0
1787728626.999024 read(11, "@PS1,M,236642,18013802,585354,9505380,00000000*876C\r\n", 4096) = 53
1787728627.003873 read(11, "", 4096)    = 0
1787728627.019232 read(11, "@PS1,M,236643,18013862,585504,9505370,00000000*62F5\r\n", 4096) = 53
1787728627.022183 read(11, "", 4096)    = 0
1787728627.146631 read(11, "@PS1,M,236644,18013922,585460,9505390,00000000*70A3\r\n@PS1,M,236645,18013982,585539,9505385,00000000*2F1C\r\n", 4096) = 106
1787728627.153031 read(11, "", 4096)    = 0
1787728627.192285 read(11, "@PS1,M,236646,18014043,585449,9505373,00000000*CA17\r\n", 4096) = 53
1787728627.194897 read(11, "", 4096)    = 0
1787728627.371231 read(11, "@PS1,M,236647,18014223,585763,9505316,00000000*65B9\r\n", 4096) = 53
1787728627.374028 read(11, "", 4096)    = 0
1787728627.430961 read(11, "@PS1,M,236648,18014283,585714,9505307,00000000*2605\r\n", 4096) = 53
1787728627.433766 read(11, "", 4096)    = 0
1787728627.518438 read(11, "@PS1,M,236649,18014343,585748,9505337,00000000*E21F\r\n", 4096) = 53
1787728627.523383 read(11, "", 4096)    = 0
1787728627.550495 read(11, "@PS1,M,236650,18014403,585671,9505324,00000000*6C3C\r\n", 4096) = 53
1787728627.553593 read(11, "", 4096)    = 0
1787728627.664817 read(11, "@PS1,M,236651,18014463,585991,9505304,00000000*C811\r\n", 4096) = 53
1787728627.669520 read(11, "", 4096)    = 0
1787728627.670072 read(11, "@PS1,M,236652,18014524,585911,9505302,00000000*D353\r\n", 4096) = 53
1787728627.672263 read(11, "", 4096)    = 0
1787728627.850528 read(11, "@PS1,M,236653,18014705,585982,9505291,00000000*EEC3\r\n", 4096) = 53
1787728627.855987 read(11, "", 4096)    = 0
1787728627.909846 read(11, "@PS1,M,236654,18014765,586061,9505209,00000000*718F\r\n", 4096) = 53
1787728627.912930 read(11, "", 4096)    = 0
1787728627.996937 read(11, "@PS1,M,236655,18014825,586068,9505228,00000000*73C6\r\n", 4096) = 53
1787728628.001326 read(11, "", 4096)    = 0
1787728628.029442 read(11, "@PS1,M,236656,18014885,586226,9505233,00000000*4DF9\r\n", 4096) = 53
1787728628.032520 read(11, "", 4096)    = 0
1787728628.137340 read(11, "@PS1,M,236657,18014945,586123,9505237,00000000*95A7\r\n", 4096) = 53
1787728628.142015 read(11, "", 4096)    = 0
1787728628.155745 read(11, "@PS1,M,236658,18015005,586140,9505224,00000000*5663\r\n", 4096) = 53
1787728628.158465 read(11, "", 4096)    = 0
1787728628.282516 read(11, "@PS1,M,236659,18015065,586288,9505174,00000000*E869\r\n", 4096) = 53
1787728628.287411 read(11, "", 4096)    = 0
1787728628.427414 read(11, "@PS1,M,236660,18015245,586427,9505187,00000000*A45D\r\n", 4096) = 53
1787728628.432095 read(11, "", 4096)    = 0
1787728628.447904 read(11, "@PS1,M,236661,18015306,586364,9505170,00000000*25B9\r\n", 4096) = 53
1787728628.450787 read(11, "", 4096)    = 0
1787728628.575788 read(11, "@PS1,M,236662,18015366,586306,9505174,00000000*F1A4\r\n@PS1,M,236663,18015426,586353,9505143,00000000*64E3\r\n", 4096) = 106
1787728628.582327 read(11, "", 4096)    = 0
1787728628.627150 read(11, "@PS1,M,236664,18015486,586465,9505157,00000000*74B4\r\n", 4096) = 53
1787728628.631460 read(11, "", 4096)    = 0
1787728628.739050 read(11, "@PS1,M,236665,18015546,586642,9505072,00000000*0986\r\n", 4096) = 53
1787728628.743393 read(11, "", 4096)    = 0
1787728628.899035 read(11, "@PS1,M,236666,18015726,586648,9505060,00000000*49CE\r\n", 4096) = 53
1787728628.903612 read(11, "", 4096)    = 0
1787728628.927125 read(11, "@PS1,M,236667,18015787,586709,9505034,00000000*42B7\r\n", 4096) = 53
1787728628.929787 read(11, "", 4096)    = 0
1787728629.044669 read(11, "@PS1,M,236668,18015847,586710,9505043,00000000*8EEC\r\n", 4096) = 53
1787728629.049610 read(11, "@PS1,M,236669,18015907,586662,9504970,00000000*FD0D\r\n", 4096) = 53
1787728629.052269 read(11, "", 4096)    = 0
1787728629.106224 read(11, "@PS1,M,236670,18015967,586696,9504990,00000000*7768\r\n", 4096) = 53
1787728629.108814 read(11, "", 4096)    = 0
1787728629.205840 read(11, "@PS1,M,236671,18016027,586735,9505012,00000000*813B\r\n", 4096) = 53
1787728629.210439 read(11, "", 4096)    = 0
1787728629.225738 read(11, "@PS1,M,236672,18016087,586693,9504989,00000000*9BB0\r\n", 4096) = 53
1787728629.228286 read(11, "", 4096)    = 0
1787728629.405453 read(11, "@PS1,M,236673,18016268,586887,9504915,00000000*B10C\r\n", 4096) = 53
1787728629.408363 read(11, "", 4096)    = 0
1787728629.465112 read(11, "@PS1,M,236674,18016328,586856,9504912,00000000*3BC1\r\n", 4096) = 53
1787728629.468156 read(11, "", 4096)    = 0
1787728629.552841 read(11, "@PS1,M,236675,18016388,586625,9504899,00000000*BCAB\r\n", 4096) = 53
1787728629.557189 read(11, "", 4096)    = 0
1787728629.584712 read(11, "@PS1,M,236676,18016448,586719,9504870,00000000*F0B3\r\n", 4096) = 53
1787728629.587727 read(11, "", 4096)    = 0
1787728629.698522 read(11, "@PS1,M,236677,18016508,586800,9504887,00000000*951E\r\n", 4096) = 53
1787728629.703205 read(11, "", 4096)    = 0
1787728629.704119 read(11, "@PS1,M,236678,18016568,586828,9504870,00000000*C3B6\r\n", 4096) = 53
1787728629.706586 read(11, "", 4096)    = 0
1787728629.883088 read(11, "@PS1,M,236679,18016748,586762,9504823,00000000*79EE\r\n", 4096) = 53
1787728629.886276 read(11, "", 4096)    = 0
1787728629.942671 read(11, "@PS1,M,236680,18016808,586834,9504832,00000000*2C8A\r\n", 4096) = 53
1787728629.945471 read(11, "", 4096)    = 0
1787728630.030371 read(11, "@PS1,M,236681,18016870,586862,9504824,00000000*F51B\r\n", 4096) = 53
1787728630.034909 read(11, "", 4096)    = 0
1787728630.063421 read(11, "@PS1,M,236682,18016930,586885,9504814,00000000*39E4\r\n", 4096) = 53
1787728630.066580 read(11, "", 4096)    = 0
1787728630.186903 read(11, "@PS1,M,236683,18016990,586852,9504832,00000000*FB68\r\n@PS1,M,236684,18017050,586887,9504795,00000000*2CD5\r\n", 4096) = 106
1787728630.191758 read(11, "", 4096)    = 0
1787728630.242633 read(11, "@PS1,M,236685,18017110,586867,9504822,00000000*9503\r\n", 4096) = 53
1787728630.245442 read(11, "", 4096)    = 0
1787728630.421566 read(11, "@PS1,M,236686,18017290,586889,9504785,00000000*A5DB\r\n", 4096) = 53
1787728630.424043 read(11, "", 4096)    = 0
1787728630.566031 read(11, "@PS1,M,236687,18017350,586926,9504777,00000000*D362\r\n@PS1,M,236688,18017410,586878,9504775,00000000*E110\r\n", 4096) = 106
1787728630.572339 read(11, "", 4096)    = 0
1787728630.600867 read(11, "@PS1,M,236689,18017470,586746,9504805,00000000*2865\r\n", 4096) = 53
1787728630.603502 read(11, "", 4096)    = 0
1787728630.725153 read(11, "@PS1,M,236690,18017530,586754,9504788,00000000*E173\r\n@PS1,M,236691,18017590,586693,9504795,00000000*4B2D\r\n", 4096) = 106
1787728630.731440 read(11, "", 4096)    = 0
1787728630.899857 read(11, "@PS1,M,236692,18017771,586666,9504810,00000000*A339\r\n", 4096) = 53
1787728630.903314 read(11, "", 4096)    = 0
1787728630.959556 read(11, "@PS1,M,236693,18017831,586617,9504831,00000000*6A00\r\n", 4096) = 53
1787728630.962061 read(11, "", 4096)    = 0
1787728631.046664 read(11, "@PS1,M,236694,18017892,586530,9504793,00000000*F641\r\n", 4096) = 53
1787728631.051561 read(11, "", 4096)    = 0
1787728631.080265 read(11, "@PS1,M,236695,18017952,586570,9504821,00000000*826B\r\n", 4096) = 53
1787728631.083197 read(11, "", 4096)    = 0
1787728631.187115 read(11, "@PS1,M,236696,18018012,586531,9504833,00000000*6C35\r\n", 4096) = 53
1787728631.191760 read(11, "", 4096)    = 0
1787728631.207324 read(11, "@PS1,M,236697,18018072,586617,9504836,00000000*196B\r\n", 4096) = 53
1787728631.210323 read(11, "", 4096)    = 0
1787728631.331375 read(11, "@PS1,M,236698,18018132,586502,9504830,00000000*2B1C\r\n", 4096) = 53
1787728631.335618 read(11, "", 4096)    = 0
1787728631.476733 read(11, "@PS1,M,236699,18018312,586172,9504849,00000000*3576\r\n", 4096) = 53
1787728631.481405 read(11, "", 4096)    = 0
1787728631.497939 read(11, "@PS1,M,236700,18018372,586226,9504891,00000000*CFDC\r\n", 4096) = 53
1787728631.501537 read(11, "", 4096)    = 0
1787728631.622428 read(11, "@PS1,M,236701,18018433,586237,9504875,00000000*3DD8\r\n@PS1,M,236702,18018493,586288,9504923,00000000*E898\r\n", 4096) = 106
1787728631.627827 read(11, "", 4096)    = 0
1787728631.678257 read(11, "@PS1,M,236703,18018553,586014,9504910,00000000*2E0A\r\n", 4096) = 53
1787728631.681088 read(11, "", 4096)    = 0
1787728631.768887 read(11, "@PS1,M,236704,18018613,586111,9504929,00000000*0C2F\r\n", 4096) = 53
1787728631.773873 read(11, "", 4096)    = 0
1787728631.917463 read(11, "@PS1,M,236705,18018793,585970,9504991,00000000*E14D\r\n", 4096) = 53
1787728631.920848 read(11, "", 4096)    = 0
1787728631.977108 read(11, "@PS1,M,236706,18018854,586022,9504980,00000000*C939\r\n", 4096) = 53
1787728631.979844 read(11, "", 4096)    = 0
1787728632.064465 read(11, "@PS1,M,236707,18018914,585908,9504992,00000000*9C7D\r\n", 4096) = 53
1787728632.068440 read(11, "", 4096)    = 0
1787728632.096636 read(11, "@PS1,M,236708,18018974,585783,9504998,00000000*F59D\r\n", 4096) = 53
1787728632.099868 read(11, "", 4096)    = 0
1787728632.210152 read(11, "@PS1,M,236709,18019034,585780,9505055,00000000*4482\r\n", 4096) = 53
1787728632.214765 read(11, "", 4096)    = 0
1787728632.216059 read(11, "@PS1,M,236710,18019094,585683,9505066,00000000*9984\r\n", 4096) = 53
1787728632.218407 read(11, "", 4096)    = 0
1787728632.354594 read(11, "@PS1,M,236711,18019154,585775,9505096,00000000*A6E9\r\n", 4096) = 53
1787728632.359179 read(11, "", 4096)    = 0
1787728632.500092 read(11, "@PS1,M,236712,18019334,585431,9505116,00000000*A6D8\r\n", 4096) = 53
1787728632.504685 read(11, "", 4096)    = 0
1787728632.518427 read(11, "@PS1,M,236713,18019394,585582,9505152,00000000*6A3E\r\n", 4096) = 53
1787728632.521189 read(11, "", 4096)    = 0
1787728632.645293 read(11, "@PS1,M,236714,18019454,585492,9505161,00000000*6466\r\n@PS1,M,236715,18019514,585539,9505178,00000000*792B\r\n", 4096) = 106
1787728632.651878 read(11, "", 4096)    = 0
1787728632.694252 read(11, "@PS1,M,236716,18019574,585357,9505198,00000000*EF1B\r\n", 4096) = 53
1787728632.696901 read(11, "", 4096)    = 0
1787728632.804334 read(11, "@PS1,M,236717,18019634,585472,9505184,00000000*C6F5\r\n", 4096) = 53
1787728632.808874 read(11, "", 4096)    = 0
1787728633.001169 read(11, "@PS1,M,236718,18019816,585348,9505266,00000000*E774\r\n@PS1,M,236719,18019876,585372,9505254,00000000*7728\r\n", 4096) = 106
1787728633.008610 read(11, "", 4096)    = 0
1787728633.053769 read(11, "@PS1,M,236720,18019936,585424,9505264,00000000*0159\r\n", 4096) = 53
1787728633.056417 read(11, "", 4096)    = 0
1787728633.160124 read(11, "@PS1,M,236721,18019996,585182,9505296,00000000*6C31\r\n", 4096) = 53
1787728633.165063 read(11, "", 4096)    = 0
1787728633.178656 read(11, "@PS1,M,236722,18020056,585198,9505281,00000000*CEDC\r\n", 4096) = 53
1787728633.181299 read(11, "", 4096)    = 0
1787728633.306648 read(11, "@PS1,M,236723,18020116,585188,9505284,00000000*CA36\r\n@PS1,M,236724,18020176,585143,9505337,00000000*B679\r\n", 4096) = 106
1787728633.313542 read(11, "", 4096)    = 0
1787728633.472337 read(11, "@PS1,M,236725,18020356,585207,9505338,00000000*F8AF\r\n", 4096) = 53
1787728633.474865 read(11, "", 4096)    = 0
1787728633.625575 read(11, "@PS1,M,236726,18020417,585116,9505388,00000000*582E\r\n@PS1,M,236727,18020477,585228,9505364,00000000*7474\r\n", 4096) = 106
1787728633.635644 read(11, "", 4096)    = 0
1787728633.646812 --- SIGCHLD {si_signo=SIGCHLD, si_code=CLD_EXITED, si_pid=53262, si_uid=1000, si_status=0, si_utime=0, si_stime=0} ---
1787728633.651598 read(11, "@PS1,M,236728,18020537,585078,9505386,00000000*C576\r\n", 4096) = 53
1787728633.654606 read(11, "", 4096)    = 0
1787728633.786306 read(11, "@PS1,M,236729,18020597,585192,9505372,00000000*44BA\r\n@PS1,M,236730,18020657,585165,9505411,00000000*9143\r\n", 4096) = 106
1787728633.792855 read(11, "", 4096)    = 0
1787728633.950715 read(11, "@PS1,M,236731,18020837,585218,9505411,00000000*9514\r\n", 4096) = 53
1787728633.953723 read(11, "", 4096)    = 0
1787728634.010330 read(11, "@PS1,M,236732,18020897,585109,9505381,00000000*5863\r\n", 4096) = 53
1787728634.013138 read(11, "", 4096)    = 0
1787728634.098442 read(11, "@PS1,M,236733,18020957,585140,9505418,00000000*6D88\r\n", 4096) = 53
1787728634.102958 read(11, "", 4096)    = 0
1787728634.129931 read(11, "@PS1,M,236734,18021018,585360,9505389,00000000*9D6B\r\n", 4096) = 53
1787728634.132839 read(11, "", 4096)    = 0
1787728634.243749 read(11, "@PS1,M,236735,18021078,585243,9505410,00000000*1637\r\n", 4096) = 53
1787728634.248255 read(11, "", 4096)    = 0
1787728634.249331 read(11, "@PS1,M,236736,18021138,585352,9505414,00000000*9071\r\n", 4096) = 53
1787728634.251530 read(11, "", 4096)    = 0
1787728634.388520 read(11, "@PS1,M,236737,18021198,585280,9505444,00000000*3DDA\r\n", 4096) = 53
1787728634.392847 read(11, "", 4096)    = 0
1787728634.533907 read(11, "@PS1,M,236738,18021378,585327,9505379,00000000*B967\r\n", 4096) = 53
1787728634.538171 read(11, "", 4096)    = 0
1787728634.552186 read(11, "@PS1,M,236739,18021439,585324,9505368,00000000*2C7C\r\n", 4096) = 53
1787728634.555171 read(11, "", 4096)    = 0
1787728634.679743 read(11, "@PS1,M,236740,18021499,585326,9505386,00000000*D5DC\r\n@PS1,M,236741,18021559,585443,9505361,00000000*DDFB\r\n", 4096) = 106
1787728634.685944 read(11, "", 4096)    = 0
1787728634.727921 read(11, "@PS1,M,236742,18021619,585419,9505405,00000000*047F\r\n", 4096) = 53
1787728634.730376 read(11, "", 4096)    = 0
1787728634.839404 read(11, "@PS1,M,236743,18021680,585400,9505404,00000000*FFC4\r\n", 4096) = 53
1787728634.843661 read(11, "", 4096)    = 0
1787728634.983727 read(11, "@PS1,M,236744,18021859,585582,9505401,00000000*1EDA\r\n", 4096) = 53
1787728634.988314 read(11, "", 4096)    = 0
1787728635.027027 read(11, "@PS1,M,236745,18021919,585672,9505395,00000000*2D12\r\n", 4096) = 53
1787728635.029759 read(11, "", 4096)    = 0
1787728635.130215 read(11, "@PS1,M,236746,18021979,585516,9505334,00000000*6773\r\n", 4096) = 53
1787728635.134872 read(11, "", 4096)    = 0
1787728635.148553 read(11, "@PS1,M,236747,18022041,585714,9505358,00000000*4C73\r\n", 4096) = 53
1787728635.151214 read(11, "", 4096)    = 0
1787728635.276558 read(11, "@PS1,M,236748,18022101,585720,9505332,00000000*6A75\r\n@PS1,M,236749,18022161,585626,9505341,00000000*8250\r\n", 4096) = 106
1787728635.283333 read(11, "", 4096)    = 0
1787728635.326912 read(11, "@PS1,M,236750,18022221,585793,9505336,00000000*94DC\r\n", 4096) = 53
1787728635.329301 read(11, "", 4096)    = 0
1787728635.506481 read(11, "@PS1,M,236751,18022401,585799,9505342,00000000*BAEA\r\n", 4096) = 53
1787728635.509415 read(11, "", 4096)    = 0
1787728635.566142 read(11, "@PS1,M,236752,18022461,585962,9505296,00000000*096E\r\n", 4096) = 53
1787728635.568874 read(11, "", 4096)    = 0
1787728635.653801 read(11, "@PS1,M,236753,18022522,585852,9505285,00000000*F102\r\n", 4096) = 53
1787728635.657747 read(11, "", 4096)    = 0
1787728635.685734 read(11, "@PS1,M,236754,18022582,585895,9505309,00000000*00A5\r\n", 4096) = 53
1787728635.688549 read(11, "", 4096)    = 0
1787728635.800444 read(11, "@PS1,M,236755,18022642,585941,9505310,00000000*3F2C\r\n", 4096) = 53
1787728635.805183 read(11, "@PS1,M,236756,18022702,586207,9505259,00000000*BD52\r\n", 4096) = 53
1787728635.811430 read(11, "", 4096)    = 0
1787728635.984807 read(11, "@PS1,M,236757,18022882,586207,9505194,00000000*ADB5\r\n", 4096) = 53
1787728635.987517 read(11, "", 4096)    = 0
1787728636.129446 read(11, "@PS1,M,236758,18022942,586330,9505246,00000000*187F\r\n@PS1,M,236759,18023002,586391,9505158,00000000*A76C\r\n", 4096) = 106
1787728636.135991 read(11, "", 4096)    = 0
1787728636.164014 read(11, "@PS1,M,236760,18023062,586368,9505204,00000000*2A0F\r\n", 4096) = 53
1787728636.166519 read(11, "", 4096)    = 0
1787728636.289745 read(11, "@PS1,M,236761,18023122,586548,9505123,00000000*9AE9\r\n@PS1,M,236762,18023183,586563,9505123,00000000*4D5F\r\n", 4096) = 106
1787728636.295993 read(11, "", 4096)    = 0
1787728636.343233 read(11, "@PS1,M,236763,18023243,586536,9505150,00000000*425F\r\n", 4096) = 53
1787728636.346008 read(11, "", 4096)    = 0
1787728636.523268 read(11, "@PS1,M,236764,18023424,586497,9505095,00000000*03F4\r\n", 4096) = 53
1787728636.526140 read(11, "", 4096)    = 0
1787728636.582862 read(11, "@PS1,M,236765,18023484,586727,9505066,00000000*6288\r\n", 4096) = 53
1787728636.585621 read(11, "", 4096)    = 0
1787728636.670254 read(11, "@PS1,M,236766,18023544,586523,9505051,00000000*9E0A\r\n", 4096) = 53
1787728636.674711 read(11, "", 4096)    = 0
1787728636.702411 read(11, "@PS1,M,236767,18023604,586499,9505081,00000000*5162\r\n", 4096) = 53
1787728636.705133 read(11, "", 4096)    = 0
1787728636.816643 read(11, "@PS1,M,236768,18023664,586641,9505034,00000000*4940\r\n", 4096) = 53
1787728636.821344 read(11, "", 4096)    = 0
1787728636.821926 read(11, "@PS1,M,236769,18023724,586694,9505037,00000000*E6A2\r\n", 4096) = 53
1787728636.824391 read(11, "", 4096)    = 0
1787728637.001229 read(11, "@PS1,M,236770,18023904,586629,9504940,00000000*5BA7\r\n", 4096) = 53
1787728637.004488 read(11, "", 4096)    = 0
1787728637.060746 read(11, "@PS1,M,236771,18023964,586786,9504974,00000000*C340\r\n", 4096) = 53
1787728637.063540 read(11, "", 4096)    = 0
1787728637.148610 read(11, "@PS1,M,236772,18024024,586762,9504913,00000000*CEE5\r\n", 4096) = 53
1787728637.153215 read(11, "", 4096)    = 0
1787728637.180343 read(11, "@PS1,M,236773,18024084,586709,9504959,00000000*F915\r\n", 4096) = 53
1787728637.183334 read(11, "", 4096)    = 0
1787728637.289307 read(11, "@PS1,M,236774,18024144,586766,9504887,00000000*5E3B\r\n", 4096) = 53
1787728637.294340 read(11, "", 4096)    = 0
1787728637.307842 read(11, "@PS1,M,236775,18024205,586699,9504930,00000000*7215\r\n", 4096) = 53
1787728637.310516 read(11, "", 4096)    = 0
1787728637.435187 read(11, "@PS1,M,236776,18024265,586929,9504872,00000000*4458\r\n", 4096) = 53
1787728637.439757 read(11, "", 4096)    = 0
1787728637.580393 read(11, "@PS1,M,236777,18024445,586683,9504831,00000000*07EF\r\n", 4096) = 53
1787728637.584554 read(11, "", 4096)    = 0
1787728637.599480 read(11, "@PS1,M,236778,18024505,586811,9504839,00000000*3241\r\n", 4096) = 53
1787728637.602367 read(11, "", 4096)    = 0
1787728637.725085 read(11, "@PS1,M,236779,18024565,586797,9504815,00000000*95F6\r\n@PS1,M,236780,18024626,586859,9504817,00000000*262E\r\n", 4096) = 106
1787728637.731637 read(11, "", 4096)    = 0
1787728637.779304 read(11, "@PS1,M,236781,18024686,586842,9504835,00000000*907E\r\n", 4096) = 53
1787728637.782127 read(11, "", 4096)    = 0
1787728637.887779 read(11, "@PS1,M,236782,18024746,586685,9504817,00000000*C5E3\r\n", 4096) = 53
1787728637.892072 read(11, "", 4096)    = 0
1787728638.072374 read(11, "@PS1,M,236783,18024927,586839,9504811,00000000*8169\r\n", 4096) = 53
1787728638.078021 read(11, "", 4096)    = 0
1787728638.079953 read(11, "@PS1,M,236784,18024987,586666,9504848,00000000*2516\r\n", 4096) = 53
1787728638.082839 read(11, "", 4096)    = 0
1787728638.138233 read(11, "@PS1,M,236785,18025047,586636,9504804,00000000*A1A3\r\n", 4096) = 53
1787728638.140824 read(11, "", 4096)    = 0
1787728638.234853 read(11, "@PS1,M,236786,18025107,586659,9504816,00000000*7234\r\n", 4096) = 53
1787728638.239516 read(11, "", 4096)    = 0
1787728638.257697 read(11, "@PS1,M,236787,18025167,586622,9504777,00000000*7164\r\n", 4096) = 53
1787728638.261184 read(11, "", 4096)    = 0
1787728638.381096 read(11, "@PS1,M,236788,18025227,586593,9504834,00000000*258D\r\n@PS1,M,236789,18025287,586540,9504811,00000000*A669\r\n", 4096) = 106
1787728638.387878 read(11, "", 4096)    = 0
