#ifndef __FONT7x10_H
#define __FONT7x10_H
#include "stdint.h"
#include "LCD.h"
#define fnt7x10 &Font7x10

static const uint8_t Font7x10_Data[] = {
//				0x00,0x00,0x00,0x00,0x00,0x00,0x00,0x00,0x00,0x00, //   (20)
//				0x18,0x18,0x18,0x18,0x18,0x18,0x18,0x00,0x18,0x18, // ! (21)
//				0x36,0x36,0x36,0x36,0x00,0x00,0x00,0x00,0x00,0x00, // " (22)
//				0x00,0x36,0x36,0x7F,0x7F,0x36,0x7F,0x7F,0x36,0x36, // # (23)
//				0x08,0x3E,0x6B,0x0B,0x0E,0x38,0x68,0x6B,0x3E,0x08, // $ (24)
//				0x67,0x65,0x37,0x18,0x18,0x0C,0x0C,0x76,0x53,0x73, // % (25)
//				0x00,0x00,0x00,0x1E,0x33,0x33,0x1E,0x73,0x33,0x7E, // & (26)
//				0x18,0x18,0x18,0x18,0x00,0x00,0x00,0x00,0x00,0x00, // ' (27)
//				0x30,0x18,0x0C,0x0C,0x06,0x06,0x0C,0x0C,0x18,0x30, // ( (28)
//				0x06,0x0C,0x18,0x18,0x30,0x30,0x18,0x18,0x0C,0x06, // ) (29)
//				0x00,0x00,0x08,0x08,0x7F,0x1C,0x1C,0x36,0x22,0x00, // * (2A)
//				0x00,0x00,0x18,0x18,0x7E,0x7E,0x18,0x18,0x00,0x00, // + (2B)
//				0x00,0x00,0x00,0x00,0x00,0x3C,0x38,0x38,0x18,0x0C, // , (2C)
//				0x00,0x00,0x00,0x00,0x7F,0x7F,0x00,0x00,0x00,0x00, // - (2D)
//				0x00,0x00,0x00,0x00,0x00,0x00,0x00,0x18,0x3C,0x18, // . (2E)
//				0x40,0x60,0x60,0x30,0x18,0x0C,0x06,0x03,0x03,0x01, // / (2F)
//				0x1C,0x36,0x63,0x63,0x63,0x63,0x63,0x63,0x36,0x1C, // 0 (30)
//				0x18,0x1C,0x1E,0x18,0x18,0x18,0x18,0x18,0x18,0x7E, // 1 (31)
//				0x3E,0x63,0x63,0x60,0x30,0x18,0x0C,0x06,0x03,0x7F, // 2 (32)
//				0x7F,0x60,0x30,0x18,0x3C,0x60,0x60,0x60,0x63,0x3E, // 3 (33)
//				0x30,0x38,0x3C,0x36,0x33,0x33,0x7F,0x30,0x30,0x30, // 4 (34)
//				0x7F,0x03,0x03,0x3F,0x67,0x60,0x60,0x60,0x63,0x3E, // 5 (35)
//				0x3C,0x06,0x03,0x03,0x3F,0x67,0x63,0x63,0x67,0x3E, // 6 (36)
//				0x7F,0x60,0x60,0x30,0x18,0x18,0x0C,0x0C,0x0C,0x0C, // 7 (37)
//				0x3E,0x63,0x63,0x63,0x3E,0x63,0x63,0x63,0x63,0x3E, // 8 (38)
//				0x3E,0x73,0x63,0x63,0x73,0x7E,0x60,0x60,0x30,0x1E, // 9 (39)
//				0x00,0x1C,0x1C,0x1C,0x00,0x00,0x1C,0x1C,0x1C,0x00, // : (3A)
//				0x00,0x18,0x3C,0x18,0x00,0x3C,0x38,0x38,0x18,0x0C, // ; (3B)
//				0x00,0x60,0x30,0x18,0x0C,0x06,0x0C,0x18,0x30,0x60, // < (3C)
//				0x00,0x00,0x00,0x00,0x7E,0x00,0x00,0x7E,0x00,0x00, // = (3D)
//				0x00,0x06,0x0C,0x18,0x30,0x60,0x30,0x18,0x0C,0x06, // > (3E)
//				0x3E,0x63,0x63,0x60,0x30,0x18,0x18,0x00,0x18,0x18, // ? (3F)
//				0x00,0x3E,0x7F,0x73,0x7B,0x4B,0x4B,0x7B,0x07,0x7E, // @ (40)
//0x00,0x00,0x00,0x00,0x00,0x00,0x00,0x00,0x00,0x00,0x00,0x00,0x00,0x00,0x00,0x00,
//0x00,0x00,0x00,0x00,0x00,0x00,0x00,0x00,0x00,0x00,0x00,0x00,0x00,0x00,0x00,0x00,
//0x00,0x00,0x00,0x00,0x00,0x00,0x00,0x00,0x00,0x00,0x00,0x00,0x00,0x00,0x00,0x00,
//0x00,0x00,0x00,0x00,0x00,0x00,0x00,0x00,0x00,0x00,0x00,0x00,0x00,0x00,0x00,0x00,
//0x00,0x00,0x00,0x00,0x00,0x00,0x00,0x00,0x00,0x00,0x00,0x00,0x00,0x00,0x00,0x00,
//0x00,0x00,0x00,0x00,0x00,0x00,0x00,0x00,0x00,0x00,0x00,0x00,0x00,0x00,0x00,0x00,
//0x00,0x00,0x00,0x00,0x00,0x00,0x00,0x00,0x00,0x00,0x00,0x00,0x00,0x00,0x00,0x00,
//0x00,0x00,/*" ",0*/

//0x00,0x00,0x00,0x00,0x00,0x00,0x00,0x00,0x00,0x00,0x00,0x00,0x00,0x00,0x00,0x00,
//0x0E,0x00,0x00,0x1F,0x00,0x00,0x1F,0x00,0x00,0x1F,0x00,0x00,0x1F,0x00,0x00,0x1F,
//0x00,0x00,0x1F,0x00,0x00,0x1F,0x00,0x00,0x1E,0x00,0x00,0x0E,0x00,0x00,0x0E,0x00,
//0x00,0x0E,0x00,0x00,0x0E,0x00,0x00,0x0E,0x00,0x00,0x0E,0x00,0x00,0x0E,0x00,0x00,
//0x0E,0x00,0x00,0x0E,0x00,0x00,0x0E,0x00,0x00,0x00,0x00,0x00,0x00,0x00,0x00,0x00,
//0x00,0x00,0x00,0x00,0x00,0x00,0x00,0x00,0x0E,0x00,0x00,0x1F,0x00,0x00,0x1F,0x00,
//0x00,0x0E,0x00,0x00,0x00,0x00,0x00,0x00,0x00,0x00,0x00,0x00,0x00,0x00,0x00,0x00,
//0x00,0x00,/*"!",1*/

//0x00,0x00,0x00,0x00,0xCF,0x01,0x80,0xEF,0x03,0x80,0xEF,0x03,0xC0,0xF7,0x01,0xC0,
//0xF3,0x00,0xE0,0x79,0x00,0xE0,0x38,0x00,0x70,0x1C,0x00,0x38,0x0E,0x00,0x18,0x06,
//0x00,0x00,0x00,0x00,0x00,0x00,0x00,0x00,0x00,0x00,0x00,0x00,0x00,0x00,0x00,0x00,
//0x00,0x00,0x00,0x00,0x00,0x00,0x00,0x00,0x00,0x00,0x00,0x00,0x00,0x00,0x00,0x00,
//0x00,0x00,0x00,0x00,0x00,0x00,0x00,0x00,0x00,0x00,0x00,0x00,0x00,0x00,0x00,0x00,
//0x00,0x00,0x00,0x00,0x00,0x00,0x00,0x00,0x00,0x00,0x00,0x00,0x00,0x00,0x00,0x00,
//0x00,0x00,0x00,0x00,0x00,0x00,0x00,0x00,0x00,0x00,0x00,0x00,0x00,0x00,0x00,0x00,
//0x00,0x00,/*""",2*/

//0x00,0x00,0x00,0x00,0x00,0x00,0x00,0x00,0x00,0x00,0x00,0x00,0x00,0x00,0x00,0xC0,
//0xC0,0x00,0xC0,0xC0,0x00,0xC0,0xC0,0x00,0xC0,0xC0,0x00,0xC0,0xC0,0x00,0xC0,0xC0,
//0x00,0xC0,0xC0,0x00,0xFE,0xFF,0x07,0xFE,0xFF,0x07,0xFE,0xFF,0x07,0xE0,0xE0,0x00,
//0xE0,0xE0,0x00,0xE0,0xE0,0x00,0x60,0x60,0x00,0x60,0x60,0x00,0x60,0x60,0x00,0x60,
//0x60,0x00,0x60,0x60,0x00,0xFE,0xFF,0x07,0xFE,0xFF,0x07,0xFE,0xFF,0x07,0x70,0x70,
//0x00,0x70,0x70,0x00,0x70,0x70,0x00,0x70,0x70,0x00,0x70,0x70,0x00,0x70,0x70,0x00,
//0x30,0x30,0x00,0x00,0x00,0x00,0x00,0x00,0x00,0x00,0x00,0x00,0x00,0x00,0x00,0x00,
//0x00,0x00,/*"#",3*/

//0x00,0x00,0x00,0x00,0x00,0x00,0x00,0x00,0x00,0x00,0x0C,0x00,0x00,0x0C,0x00,0x00,
//0x0C,0x00,0x00,0x7F,0x00,0xC0,0xCD,0x00,0xE0,0x8C,0x01,0x60,0x8C,0x03,0x70,0x8C,
//0x03,0x70,0xCC,0x03,0x70,0xCC,0x03,0xF0,0x0C,0x00,0xE0,0x0D,0x00,0xE0,0x0F,0x00,
//0xC0,0x0F,0x00,0x80,0x0F,0x00,0x00,0x1F,0x00,0x00,0x7E,0x00,0x00,0xFC,0x00,0x00,
//0xFC,0x00,0x00,0xEC,0x01,0x00,0xCC,0x03,0x00,0xCC,0x03,0x70,0x8C,0x03,0x78,0x8C,
//0x03,0x78,0x8C,0x03,0x38,0x8C,0x03,0x38,0x8C,0x01,0x30,0xCC,0x01,0xE0,0x6C,0x00,
//0x80,0x3F,0x00,0x00,0x0C,0x00,0x00,0x0C,0x00,0x00,0x0C,0x00,0x00,0x0C,0x00,0x00,
//0x00,0x00,/*"$",4*/

//0x00,0x00,0x00,0x00,0x00,0x00,0x00,0x00,0x00,0x00,0x00,0x00,0x00,0x00,0x00,0x7C,
//0x80,0x01,0xEE,0xC0,0x01,0xCE,0xC0,0x00,0xC6,0xE0,0x00,0xC7,0x61,0x00,0xC7,0x71,
//0x00,0xC7,0x31,0x00,0xC7,0x31,0x00,0xC7,0x39,0x00,0xC7,0x19,0x00,0xC7,0x1D,0x00,
//0xC7,0x0D,0x00,0xEE,0x0E,0x00,0xEE,0xE6,0x03,0x7C,0x66,0x07,0x00,0x73,0x07,0x00,
//0x33,0x06,0x80,0x3B,0x0E,0x80,0x39,0x0E,0xC0,0x39,0x0E,0xC0,0x38,0x0E,0xC0,0x38,
//0x0E,0x60,0x38,0x0E,0x60,0x38,0x0E,0x70,0x30,0x0E,0x30,0x30,0x06,0x38,0x60,0x07,
//0x18,0xC0,0x03,0x00,0x00,0x00,0x00,0x00,0x00,0x00,0x00,0x00,0x00,0x00,0x00,0x00,
//0x00,0x00,/*"%",5*/

//0x00,0x00,0x00,0x00,0x00,0x00,0x00,0x00,0x00,0x00,0x00,0x00,0x00,0x00,0x00,0xC0,
//0x07,0x00,0x60,0x0E,0x00,0x30,0x1C,0x00,0x38,0x1C,0x00,0x38,0x1C,0x00,0x38,0x1C,
//0x00,0x38,0x1C,0x00,0x38,0x1C,0x00,0x38,0x0E,0x00,0x78,0x0E,0x00,0x70,0x07,0x00,
//0xF0,0x01,0x00,0xF0,0xF8,0x07,0xF8,0xE0,0x01,0xFC,0xE0,0x00,0xEC,0xE1,0x00,0xEE,
//0xE1,0x00,0xC6,0x63,0x00,0xC7,0x63,0x00,0x87,0x67,0x00,0x87,0x77,0x00,0x07,0x3F,
//0x00,0x07,0x3E,0x00,0x07,0x1E,0x00,0x0E,0x3C,0x0C,0x0E,0x7C,0x0E,0x3C,0xF6,0x07,
//0xF0,0xE3,0x03,0x00,0x00,0x00,0x00,0x00,0x00,0x00,0x00,0x00,0x00,0x00,0x00,0x00,
//0x00,0x00,/*"&",6*/

//0x00,0x00,0x00,0xF0,0x00,0x00,0xF8,0x01,0x00,0xF8,0x01,0x00,0xF0,0x01,0x00,0xC0,
//0x01,0x00,0xC0,0x01,0x00,0xC0,0x00,0x00,0x60,0x00,0x00,0x38,0x00,0x00,0x1C,0x00,
//0x00,0x00,0x00,0x00,0x00,0x00,0x00,0x00,0x00,0x00,0x00,0x00,0x00,0x00,0x00,0x00,
//0x00,0x00,0x00,0x00,0x00,0x00,0x00,0x00,0x00,0x00,0x00,0x00,0x00,0x00,0x00,0x00,
//0x00,0x00,0x00,0x00,0x00,0x00,0x00,0x00,0x00,0x00,0x00,0x00,0x00,0x00,0x00,0x00,
//0x00,0x00,0x00,0x00,0x00,0x00,0x00,0x00,0x00,0x00,0x00,0x00,0x00,0x00,0x00,0x00,
//0x00,0x00,0x00,0x00,0x00,0x00,0x00,0x00,0x00,0x00,0x00,0x00,0x00,0x00,0x00,0x00,
//0x00,0x00,/*"'",7*/

//0x00,0x00,0x00,0x00,0x00,0x0C,0x00,0x00,0x06,0x00,0x00,0x03,0x00,0x80,0x01,0x00,
//0xC0,0x01,0x00,0xE0,0x00,0x00,0x70,0x00,0x00,0x70,0x00,0x00,0x38,0x00,0x00,0x38,
//0x00,0x00,0x1C,0x00,0x00,0x1C,0x00,0x00,0x1C,0x00,0x00,0x0E,0x00,0x00,0x0E,0x00,
//0x00,0x0E,0x00,0x00,0x0E,0x00,0x00,0x0E,0x00,0x00,0x0E,0x00,0x00,0x0E,0x00,0x00,
//0x0E,0x00,0x00,0x0E,0x00,0x00,0x1C,0x00,0x00,0x1C,0x00,0x00,0x1C,0x00,0x00,0x38,
//0x00,0x00,0x38,0x00,0x00,0x70,0x00,0x00,0x70,0x00,0x00,0xE0,0x00,0x00,0xC0,0x01,
//0x00,0x80,0x01,0x00,0x80,0x03,0x00,0x00,0x06,0x00,0x00,0x0C,0x00,0x00,0x00,0x00,
//0x00,0x00,/*"(",8*/

//0x00,0x00,0x00,0x06,0x00,0x00,0x0C,0x00,0x00,0x18,0x00,0x00,0x30,0x00,0x00,0x70,
//0x00,0x00,0xE0,0x00,0x00,0xC0,0x01,0x00,0xC0,0x01,0x00,0x80,0x03,0x00,0x80,0x03,
//0x00,0x00,0x07,0x00,0x00,0x07,0x00,0x00,0x07,0x00,0x00,0x0E,0x00,0x00,0x0E,0x00,
//0x00,0x0E,0x00,0x00,0x0E,0x00,0x00,0x0E,0x00,0x00,0x0E,0x00,0x00,0x0E,0x00,0x00,
//0x0E,0x00,0x00,0x0E,0x00,0x00,0x07,0x00,0x00,0x07,0x00,0x00,0x07,0x00,0x80,0x03,
//0x00,0x80,0x03,0x00,0xC0,0x01,0x00,0xC0,0x01,0x00,0xE0,0x00,0x00,0x70,0x00,0x00,
//0x30,0x00,0x00,0x38,0x00,0x00,0x0C,0x00,0x00,0x06,0x00,0x00,0x00,0x00,0x00,0x00,
//0x00,0x00,/*")",9*/

//0x00,0x00,0x00,0x00,0x00,0x00,0x00,0x00,0x00,0x00,0x00,0x00,0x00,0x00,0x00,0x00,
//0x00,0x00,0x00,0x00,0x00,0x00,0x00,0x00,0x00,0x0F,0x00,0x00,0x0F,0x00,0x00,0x0F,
//0x00,0x00,0x0F,0x00,0x1E,0x8F,0x07,0x3E,0xC6,0x07,0x7E,0xE6,0x07,0xF8,0xF6,0x01,
//0xE0,0x7F,0x00,0x00,0x0F,0x00,0x00,0x0F,0x00,0xE0,0x7F,0x00,0xF8,0xF6,0x01,0x7E,
//0xE6,0x07,0x3E,0xC6,0x07,0x1E,0x8F,0x07,0x00,0x0F,0x00,0x00,0x0F,0x00,0x00,0x0F,
//0x00,0x00,0x0F,0x00,0x00,0x00,0x00,0x00,0x00,0x00,0x00,0x00,0x00,0x00,0x00,0x00,
//0x00,0x00,0x00,0x00,0x00,0x00,0x00,0x00,0x00,0x00,0x00,0x00,0x00,0x00,0x00,0x00,
//0x00,0x00,/*"*",10*/

//0x00,0x00,0x00,0x00,0x00,0x00,0x00,0x00,0x00,0x00,0x00,0x00,0x00,0x00,0x00,0x00,
//0x00,0x00,0x00,0x00,0x00,0x00,0x00,0x00,0x00,0x00,0x00,0x00,0x0C,0x00,0x00,0x0C,
//0x00,0x00,0x0C,0x00,0x00,0x0C,0x00,0x00,0x0C,0x00,0x00,0x0C,0x00,0x00,0x0C,0x00,
//0x00,0x0C,0x00,0x00,0x0C,0x00,0xFC,0xFF,0x0F,0x00,0x0C,0x00,0x00,0x0C,0x00,0x00,
//0x0C,0x00,0x00,0x0C,0x00,0x00,0x0C,0x00,0x00,0x0C,0x00,0x00,0x0C,0x00,0x00,0x0C,
//0x00,0x00,0x0C,0x00,0x00,0x00,0x00,0x00,0x00,0x00,0x00,0x00,0x00,0x00,0x00,0x00,
//0x00,0x00,0x00,0x00,0x00,0x00,0x00,0x00,0x00,0x00,0x00,0x00,0x00,0x00,0x00,0x00,
//0x00,0x00,/*"+",11*/

//0x00,0x00,0x00,0x00,0x00,0x00,0x00,0x00,0x00,0x00,0x00,0x00,0x00,0x00,0x00,0x00,
//0x00,0x00,0x00,0x00,0x00,0x00,0x00,0x00,0x00,0x00,0x00,0x00,0x00,0x00,0x00,0x00,
//0x00,0x00,0x00,0x00,0x00,0x00,0x00,0x00,0x00,0x00,0x00,0x00,0x00,0x00,0x00,0x00,
//0x00,0x00,0x00,0x00,0x00,0x00,0x00,0x00,0x00,0x00,0x00,0x00,0x00,0x00,0x00,0x00,
//0x00,0x00,0x00,0x00,0x00,0x00,0x00,0x00,0x00,0x00,0x00,0x00,0x00,0x00,0x00,0x00,
//0x00,0x00,0x00,0x00,0xF0,0x00,0x00,0xF8,0x01,0x00,0xF8,0x01,0x00,0xF0,0x01,0x00,
//0xC0,0x01,0x00,0xC0,0x01,0x00,0xC0,0x00,0x00,0x60,0x00,0x00,0x38,0x00,0x00,0x1C,
//0x00,0x00,/*",",12*/

//0x00,0x00,0x00,0x00,0x00,0x00,0x00,0x00,0x00,0x00,0x00,0x00,0x00,0x00,0x00,0x00,
//0x00,0x00,0x00,0x00,0x00,0x00,0x00,0x00,0x00,0x00,0x00,0x00,0x00,0x00,0x00,0x00,
//0x00,0x00,0x00,0x00,0x00,0x00,0x00,0x00,0x00,0x00,0x00,0x00,0x00,0x00,0x00,0x00,
//0x00,0x00,0x00,0x00,0x00,0x00,0xFE,0xFF,0x0F,0x00,0x00,0x00,0x00,0x00,0x00,0x00,
//0x00,0x00,0x00,0x00,0x00,0x00,0x00,0x00,0x00,0x00,0x00,0x00,0x00,0x00,0x00,0x00,
//0x00,0x00,0x00,0x00,0x00,0x00,0x00,0x00,0x00,0x00,0x00,0x00,0x00,0x00,0x00,0x00,
//0x00,0x00,0x00,0x00,0x00,0x00,0x00,0x00,0x00,0x00,0x00,0x00,0x00,0x00,0x00,0x00,
//0x00,0x00,/*"-",13*/

//0x00,0x00,0x00,0x00,0x00,0x00,0x00,0x00,0x00,0x00,0x00,0x00,0x00,0x00,0x00,0x00,
//0x00,0x00,0x00,0x00,0x00,0x00,0x00,0x00,0x00,0x00,0x00,0x00,0x00,0x00,0x00,0x00,
//0x00,0x00,0x00,0x00,0x00,0x00,0x00,0x00,0x00,0x00,0x00,0x00,0x00,0x00,0x00,0x00,
//0x00,0x00,0x00,0x00,0x00,0x00,0x00,0x00,0x00,0x00,0x00,0x00,0x00,0x00,0x00,0x00,
//0x00,0x00,0x00,0x00,0x00,0x00,0x00,0x00,0x00,0x00,0x00,0x00,0x00,0x00,0x00,0x00,
//0x00,0x00,0x00,0x00,0xF0,0x00,0x00,0xF8,0x01,0x00,0xF8,0x01,0x00,0xF8,0x01,0x00,
//0xF0,0x00,0x00,0x00,0x00,0x00,0x00,0x00,0x00,0x00,0x00,0x00,0x00,0x00,0x00,0x00,
//0x00,0x00,/*".",14*/

//0x00,0x00,0x00,0x00,0x00,0x00,0x00,0x00,0x06,0x00,0x00,0x07,0x00,0x00,0x03,0x00,
//0x80,0x03,0x00,0x80,0x01,0x00,0xC0,0x01,0x00,0xC0,0x00,0x00,0xE0,0x00,0x00,0x60,
//0x00,0x00,0x70,0x00,0x00,0x30,0x00,0x00,0x38,0x00,0x00,0x18,0x00,0x00,0x18,0x00,
//0x00,0x0C,0x00,0x00,0x0C,0x00,0x00,0x06,0x00,0x00,0x06,0x00,0x00,0x03,0x00,0x00,
//0x03,0x00,0x80,0x01,0x00,0x80,0x01,0x00,0xC0,0x01,0x00,0xC0,0x00,0x00,0xE0,0x00,
//0x00,0x60,0x00,0x00,0x70,0x00,0x00,0x30,0x00,0x00,0x38,0x00,0x00,0x18,0x00,0x00,
//0x1C,0x00,0x00,0x0C,0x00,0x00,0x0E,0x00,0x00,0x06,0x00,0x00,0x00,0x00,0x00,0x00,
//0x00,0x00,/*"/",15*/

//0x00,0x00,0x00,0x00,0x00,0x00,0x00,0x00,0x00,0x00,0x00,0x00,0x00,0x00,0x00,0x00,
//0x00,0x00,0x00,0x1F,0x00,0xC0,0x71,0x00,0xE0,0xE0,0x00,0x70,0xC0,0x01,0x70,0x80,
//0x01,0x38,0x80,0x03,0x38,0x80,0x03,0x38,0x80,0x03,0x1C,0x00,0x07,0x1C,0x00,0x07,
//0x1C,0x00,0x07,0x1C,0x00,0x07,0x1C,0x00,0x07,0x1C,0x00,0x07,0x1C,0x00,0x07,0x1C,
//0x00,0x07,0x1C,0x00,0x07,0x1C,0x00,0x07,0x1C,0x00,0x07,0x38,0x80,0x03,0x38,0x80,
//0x03,0x38,0x80,0x03,0x70,0x80,0x01,0x70,0xC0,0x01,0xE0,0xE0,0x00,0xC0,0x71,0x00,
//0x00,0x1F,0x00,0x00,0x00,0x00,0x00,0x00,0x00,0x00,0x00,0x00,0x00,0x00,0x00,0x00,
//0x00,0x00,/*"0",16*/

//0x00,0x00,0x00,0x00,0x00,0x00,0x00,0x00,0x00,0x00,0x00,0x00,0x00,0x00,0x00,0x00,
//0x00,0x00,0x00,0x0C,0x00,0x00,0x0E,0x00,0xE0,0x0F,0x00,0x00,0x0E,0x00,0x00,0x0E,
//0x00,0x00,0x0E,0x00,0x00,0x0E,0x00,0x00,0x0E,0x00,0x00,0x0E,0x00,0x00,0x0E,0x00,
//0x00,0x0E,0x00,0x00,0x0E,0x00,0x00,0x0E,0x00,0x00,0x0E,0x00,0x00,0x0E,0x00,0x00,
//0x0E,0x00,0x00,0x0E,0x00,0x00,0x0E,0x00,0x00,0x0E,0x00,0x00,0x0E,0x00,0x00,0x0E,
//0x00,0x00,0x0E,0x00,0x00,0x0E,0x00,0x00,0x0E,0x00,0x00,0x0E,0x00,0x00,0x1F,0x00,
//0xE0,0xFF,0x01,0x00,0x00,0x00,0x00,0x00,0x00,0x00,0x00,0x00,0x00,0x00,0x00,0x00,
//0x00,0x00,/*"1",17*/

//0x00,0x00,0x00,0x00,0x00,0x00,0x00,0x00,0x00,0x00,0x00,0x00,0x00,0x00,0x00,0x00,
//0x00,0x00,0x80,0x3F,0x00,0xE0,0xF0,0x00,0x78,0xC0,0x01,0x38,0xC0,0x01,0x3C,0x80,
//0x03,0x3C,0x80,0x03,0x7C,0x80,0x03,0x7C,0x80,0x03,0x78,0x80,0x03,0x00,0xC0,0x01,
//0x00,0xC0,0x01,0x00,0xC0,0x01,0x00,0xE0,0x00,0x00,0x70,0x00,0x00,0x38,0x00,0x00,
//0x1C,0x00,0x00,0x0E,0x00,0x00,0x07,0x00,0x80,0x03,0x00,0xC0,0x01,0x00,0xE0,0x00,
//0x00,0x60,0x00,0x03,0x70,0x00,0x03,0x38,0x80,0x03,0x1C,0xC0,0x01,0xFC,0xFF,0x01,
//0xFC,0xFF,0x01,0x00,0x00,0x00,0x00,0x00,0x00,0x00,0x00,0x00,0x00,0x00,0x00,0x00,
//0x00,0x00,/*"2",18*/

//0x00,0x00,0x00,0x00,0x00,0x00,0x00,0x00,0x00,0x00,0x00,0x00,0x00,0x00,0x00,0x00,
//0x00,0x00,0xC0,0x1F,0x00,0x70,0x78,0x00,0x38,0xE0,0x00,0x1C,0xE0,0x00,0x3C,0xC0,
//0x01,0x3C,0xC0,0x01,0x3C,0xC0,0x01,0x00,0xC0,0x01,0x00,0xC0,0x01,0x00,0xE0,0x00,
//0x00,0x70,0x00,0x00,0x38,0x00,0x80,0x1F,0x00,0x00,0x78,0x00,0x00,0xE0,0x00,0x00,
//0xC0,0x01,0x00,0xC0,0x01,0x00,0x80,0x03,0x00,0x80,0x03,0x00,0x80,0x03,0x38,0x80,
//0x03,0x7C,0x80,0x03,0x7C,0x80,0x01,0x3C,0xC0,0x01,0x78,0xE0,0x00,0xF0,0x70,0x00,
//0xC0,0x1F,0x00,0x00,0x00,0x00,0x00,0x00,0x00,0x00,0x00,0x00,0x00,0x00,0x00,0x00,
//0x00,0x00,/*"3",19*/

//0x00,0x00,0x00,0x00,0x00,0x00,0x00,0x00,0x00,0x00,0x00,0x00,0x00,0x00,0x00,0x00,
//0x00,0x00,0x00,0x70,0x00,0x00,0x70,0x00,0x00,0x78,0x00,0x00,0x7C,0x00,0x00,0x7C,
//0x00,0x00,0x7E,0x00,0x00,0x76,0x00,0x00,0x73,0x00,0x80,0x73,0x00,0x80,0x71,0x00,
//0xC0,0x70,0x00,0xE0,0x70,0x00,0x60,0x70,0x00,0x30,0x70,0x00,0x38,0x70,0x00,0x18,
//0x70,0x00,0x0C,0x70,0x00,0x0E,0x70,0x00,0xFE,0xFF,0x07,0x00,0x70,0x00,0x00,0x70,
//0x00,0x00,0x70,0x00,0x00,0x70,0x00,0x00,0x70,0x00,0x00,0x70,0x00,0x00,0xF0,0x00,
//0x00,0xFF,0x07,0x00,0x00,0x00,0x00,0x00,0x00,0x00,0x00,0x00,0x00,0x00,0x00,0x00,
//0x00,0x00,/*"4",20*/

//0x00,0x00,0x00,0x00,0x00,0x00,0x00,0x00,0x00,0x00,0x00,0x00,0x00,0x00,0x00,0x00,
//0x00,0x00,0xF0,0xFF,0x03,0xF0,0xFF,0x03,0x30,0x00,0x00,0x30,0x00,0x00,0x30,0x00,
//0x00,0x38,0x00,0x00,0x38,0x00,0x00,0x38,0x00,0x00,0x18,0x00,0x00,0x18,0x00,0x00,
//0x98,0x3F,0x00,0xF8,0x70,0x00,0x78,0xE0,0x00,0x38,0xC0,0x01,0x00,0xC0,0x01,0x00,
//0x80,0x03,0x00,0x80,0x03,0x00,0x80,0x03,0x00,0x80,0x03,0x78,0x80,0x03,0x7C,0x80,
//0x03,0x7C,0x80,0x03,0x3C,0xC0,0x01,0x38,0xC0,0x01,0x38,0xE0,0x00,0xF0,0x70,0x00,
//0xC0,0x1F,0x00,0x00,0x00,0x00,0x00,0x00,0x00,0x00,0x00,0x00,0x00,0x00,0x00,0x00,
//0x00,0x00,/*"5",21*/

//0x00,0x00,0x00,0x00,0x00,0x00,0x00,0x00,0x00,0x00,0x00,0x00,0x00,0x00,0x00,0x00,
//0x00,0x00,0x00,0xFE,0x00,0x80,0xC3,0x01,0xC0,0xC0,0x03,0x60,0xC0,0x03,0x30,0xC0,
//0x03,0x30,0x00,0x00,0x38,0x00,0x00,0x18,0x00,0x00,0x18,0x00,0x00,0x1C,0x00,0x00,
//0x1C,0x7F,0x00,0xDC,0xE1,0x00,0x7C,0xC0,0x01,0x7C,0x80,0x03,0x3C,0x80,0x03,0x1C,
//0x00,0x07,0x1C,0x00,0x07,0x1C,0x00,0x07,0x1C,0x00,0x07,0x1C,0x00,0x07,0x38,0x00,
//0x07,0x38,0x00,0x07,0x38,0x80,0x03,0x70,0x80,0x03,0xE0,0xC0,0x01,0xC0,0xE1,0x00,
//0x00,0x3F,0x00,0x00,0x00,0x00,0x00,0x00,0x00,0x00,0x00,0x00,0x00,0x00,0x00,0x00,
//0x00,0x00,/*"6",22*/

//0x00,0x00,0x00,0x00,0x00,0x00,0x00,0x00,0x00,0x00,0x00,0x00,0x00,0x00,0x00,0x00,
//0x00,0x00,0xF0,0xFF,0x07,0xF0,0xFF,0x07,0x70,0x00,0x03,0x38,0x80,0x03,0x18,0xC0,
//0x01,0x18,0xC0,0x00,0x00,0xE0,0x00,0x00,0xE0,0x00,0x00,0x70,0x00,0x00,0x70,0x00,
//0x00,0x38,0x00,0x00,0x38,0x00,0x00,0x1C,0x00,0x00,0x1C,0x00,0x00,0x1E,0x00,0x00,
//0x1E,0x00,0x00,0x0E,0x00,0x00,0x0F,0x00,0x00,0x0F,0x00,0x00,0x0F,0x00,0x80,0x0F,
//0x00,0x80,0x0F,0x00,0x80,0x0F,0x00,0x80,0x0F,0x00,0x80,0x0F,0x00,0x80,0x0F,0x00,
//0x00,0x0F,0x00,0x00,0x00,0x00,0x00,0x00,0x00,0x00,0x00,0x00,0x00,0x00,0x00,0x00,
//0x00,0x00,/*"7",23*/

//0x00,0x00,0x00,0x00,0x00,0x00,0x00,0x00,0x00,0x00,0x00,0x00,0x00,0x00,0x00,0x00,
//0x00,0x00,0x80,0x7F,0x00,0xE0,0xE1,0x01,0x70,0x80,0x03,0x70,0x80,0x03,0x38,0x00,
//0x07,0x38,0x00,0x07,0x38,0x00,0x07,0x38,0x00,0x07,0x78,0x00,0x07,0xF0,0x80,0x03,
//0xF0,0xC3,0x01,0xE0,0xEF,0x00,0x80,0x3F,0x00,0xC0,0x7F,0x00,0xE0,0xF8,0x00,0x70,
//0xE0,0x01,0x38,0xC0,0x03,0x3C,0x80,0x07,0x1C,0x80,0x07,0x1C,0x00,0x07,0x1C,0x00,
//0x07,0x1C,0x00,0x07,0x1C,0x00,0x07,0x38,0x80,0x03,0x70,0x80,0x01,0xE0,0xE0,0x00,
//0x80,0x3F,0x00,0x00,0x00,0x00,0x00,0x00,0x00,0x00,0x00,0x00,0x00,0x00,0x00,0x00,
//0x00,0x00,/*"8",24*/

//0x00,0x00,0x00,0x00,0x00,0x00,0x00,0x00,0x00,0x00,0x00,0x00,0x00,0x00,0x00,0x00,
//0x00,0x00,0x80,0x3F,0x00,0xE0,0x60,0x00,0x70,0xC0,0x00,0x38,0x80,0x01,0x38,0x80,
//0x03,0x1C,0x00,0x03,0x1C,0x00,0x03,0x1C,0x00,0x07,0x1C,0x00,0x07,0x1C,0x00,0x07,
//0x1C,0x00,0x07,0x1C,0x00,0x07,0x38,0x80,0x07,0x38,0xC0,0x07,0x70,0xE0,0x07,0xE0,
//0x70,0x07,0xC0,0x1F,0x07,0x00,0x00,0x03,0x00,0x80,0x03,0x00,0x80,0x03,0x00,0x80,
//0x03,0x00,0xC0,0x01,0x78,0xC0,0x01,0x78,0xE0,0x00,0x78,0x70,0x00,0x70,0x38,0x00,
//0xE0,0x0F,0x00,0x00,0x00,0x00,0x00,0x00,0x00,0x00,0x00,0x00,0x00,0x00,0x00,0x00,
//0x00,0x00,/*"9",25*/

//0x00,0x00,0x00,0x00,0x00,0x00,0x00,0x00,0x00,0x00,0x00,0x00,0x00,0x00,0x00,0x00,
//0x00,0x00,0x00,0x00,0x00,0x00,0x00,0x00,0x00,0x00,0x00,0x00,0x00,0x00,0x00,0x00,
//0x00,0x00,0x00,0x00,0x00,0x00,0x00,0x00,0x00,0x00,0x00,0x0E,0x00,0x00,0x1F,0x00,
//0x00,0x1F,0x00,0x00,0x0E,0x00,0x00,0x00,0x00,0x00,0x00,0x00,0x00,0x00,0x00,0x00,
//0x00,0x00,0x00,0x00,0x00,0x00,0x00,0x00,0x00,0x00,0x00,0x00,0x00,0x00,0x00,0x00,
//0x00,0x00,0x00,0x00,0x00,0x00,0x00,0x00,0x0E,0x00,0x00,0x1F,0x00,0x00,0x1F,0x00,
//0x00,0x0E,0x00,0x00,0x00,0x00,0x00,0x00,0x00,0x00,0x00,0x00,0x00,0x00,0x00,0x00,
//0x00,0x00,/*":",26*/

//0x00,0x00,0x00,0x00,0x00,0x00,0x00,0x00,0x00,0x00,0x00,0x00,0x00,0x00,0x00,0x00,
//0x00,0x00,0x00,0x00,0x00,0x00,0x00,0x00,0x00,0x00,0x00,0x00,0x00,0x00,0x00,0x00,
//0x00,0x00,0x00,0x00,0x00,0x00,0x00,0x00,0x00,0x00,0x00,0x00,0x00,0x00,0x1F,0x00,
//0x00,0x1F,0x00,0x00,0x1F,0x00,0x00,0x00,0x00,0x00,0x00,0x00,0x00,0x00,0x00,0x00,
//0x00,0x00,0x00,0x00,0x00,0x00,0x00,0x00,0x00,0x00,0x00,0x00,0x00,0x00,0x00,0x00,
//0x00,0x00,0x00,0x00,0x00,0x00,0x00,0x00,0x00,0x00,0x00,0x1F,0x00,0x00,0x1F,0x00,
//0x00,0x1F,0x00,0x00,0x1C,0x00,0x00,0x0E,0x00,0x00,0x0E,0x00,0x00,0x07,0x00,0x00,
//0x00,0x00,/*";",27*/

//0x00,0x00,0x00,0x00,0x00,0x00,0x00,0x00,0x00,0x00,0x00,0x00,0x00,0x00,0x00,0x00,
//0x00,0x06,0x00,0x00,0x03,0x00,0x80,0x01,0x00,0xC0,0x00,0x00,0x60,0x00,0x00,0x30,
//0x00,0x00,0x18,0x00,0x00,0x0C,0x00,0x00,0x06,0x00,0x00,0x03,0x00,0x80,0x01,0x00,
//0xC0,0x00,0x00,0x60,0x00,0x00,0x30,0x00,0x00,0x30,0x00,0x00,0x60,0x00,0x00,0xC0,
//0x00,0x00,0x80,0x01,0x00,0x00,0x03,0x00,0x00,0x06,0x00,0x00,0x0C,0x00,0x00,0x18,
//0x00,0x00,0x30,0x00,0x00,0x60,0x00,0x00,0xC0,0x00,0x00,0x80,0x01,0x00,0x00,0x03,
//0x00,0x00,0x06,0x00,0x00,0x00,0x00,0x00,0x00,0x00,0x00,0x00,0x00,0x00,0x00,0x00,
//0x00,0x00,/*"<",28*/

//0x00,0x00,0x00,0x00,0x00,0x00,0x00,0x00,0x00,0x00,0x00,0x00,0x00,0x00,0x00,0x00,
//0x00,0x00,0x00,0x00,0x00,0x00,0x00,0x00,0x00,0x00,0x00,0x00,0x00,0x00,0x00,0x00,
//0x00,0x00,0x00,0x00,0x00,0x00,0x00,0x00,0x00,0x00,0xFE,0xFF,0x0F,0x00,0x00,0x00,
//0x00,0x00,0x00,0x00,0x00,0x00,0x00,0x00,0x00,0x00,0x00,0x00,0x00,0x00,0x00,0x00,
//0x00,0x00,0xFE,0xFF,0x0F,0x00,0x00,0x00,0x00,0x00,0x00,0x00,0x00,0x00,0x00,0x00,
//0x00,0x00,0x00,0x00,0x00,0x00,0x00,0x00,0x00,0x00,0x00,0x00,0x00,0x00,0x00,0x00,
//0x00,0x00,0x00,0x00,0x00,0x00,0x00,0x00,0x00,0x00,0x00,0x00,0x00,0x00,0x00,0x00,
//0x00,0x00,/*"=",29*/

//0x00,0x00,0x00,0x00,0x00,0x00,0x00,0x00,0x00,0x00,0x00,0x00,0x00,0x00,0x00,0x18,
//0x00,0x00,0x30,0x00,0x00,0x60,0x00,0x00,0xC0,0x00,0x00,0x80,0x01,0x00,0x00,0x03,
//0x00,0x00,0x06,0x00,0x00,0x0C,0x00,0x00,0x18,0x00,0x00,0x30,0x00,0x00,0x60,0x00,
//0x00,0xC0,0x00,0x00,0x80,0x01,0x00,0x00,0x03,0x00,0x00,0x03,0x00,0x80,0x01,0x00,
//0xC0,0x00,0x00,0x60,0x00,0x00,0x30,0x00,0x00,0x18,0x00,0x00,0x0C,0x00,0x00,0x06,
//0x00,0x00,0x03,0x00,0x80,0x01,0x00,0xC0,0x00,0x00,0x60,0x00,0x00,0x30,0x00,0x00,
//0x18,0x00,0x00,0x00,0x00,0x00,0x00,0x00,0x00,0x00,0x00,0x00,0x00,0x00,0x00,0x00,
//0x00,0x00,/*">",30*/

//0x00,0x00,0x00,0x00,0x00,0x00,0x00,0x00,0x00,0x00,0x00,0x00,0x00,0x00,0x00,0x00,
//0x7F,0x00,0xC0,0xE1,0x00,0xE0,0x80,0x01,0x70,0x80,0x03,0x30,0x00,0x07,0x38,0x00,
//0x07,0x78,0x00,0x07,0xF8,0x00,0x07,0xF8,0x00,0x07,0xF0,0x00,0x07,0x00,0x80,0x07,
//0x00,0xC0,0x03,0x00,0xE0,0x01,0x00,0xF8,0x00,0x00,0x3C,0x00,0x00,0x0E,0x00,0x00,
//0x06,0x00,0x00,0x06,0x00,0x00,0x06,0x00,0x00,0x06,0x00,0x00,0x06,0x00,0x00,0x00,
//0x00,0x00,0x00,0x00,0x00,0x00,0x00,0x00,0x0E,0x00,0x00,0x1F,0x00,0x00,0x1F,0x00,
//0x00,0x0E,0x00,0x00,0x00,0x00,0x00,0x00,0x00,0x00,0x00,0x00,0x00,0x00,0x00,0x00,
//0x00,0x00,/*"?",31*/

//0x00,0x00,0x00,0x00,0x00,0x00,0x00,0x00,0x00,0x00,0x00,0x00,0x00,0x00,0x00,0x00,
//0x7E,0x00,0x80,0xC3,0x01,0xC0,0x81,0x03,0xE0,0x00,0x03,0x70,0x00,0x06,0x30,0xF8,
//0x07,0x38,0xEE,0x0D,0x38,0xCE,0x0D,0x18,0xC7,0x0D,0x1C,0xE3,0x0C,0x9C,0xE3,0x0C,
//0x9C,0xE3,0x0C,0xDC,0xE1,0x0C,0xDC,0xE1,0x0C,0xDC,0xE1,0x0C,0xDC,0xF1,0x0C,0xDC,
//0x71,0x06,0xDC,0x71,0x06,0xDC,0x79,0x06,0x98,0x79,0x03,0x38,0xEF,0x01,0x38,0x00,
//0x0C,0x30,0x00,0x06,0x70,0x00,0x06,0x60,0x00,0x03,0xC0,0x80,0x01,0x80,0xE3,0x00,
//0x00,0x7F,0x00,0x00,0x00,0x00,0x00,0x00,0x00,0x00,0x00,0x00,0x00,0x00,0x00,0x00,
//0x00,0x00,/*"@",32*/

//0x00,0x00,0x00,0x00,0x00,0x00,0x00,0x00,0x00,0x00,0x00,0x00,0x00,0x00,0x00,0x00,
//0x00,0x00,0x00,0x0F,0x00,0x00,0x0F,0x00,0x00,0x0F,0x00,0x80,0x1F,0x00,0x80,0x1D,
//0x00,0x80,0x1D,0x00,0x80,0x1D,0x00,0xC0,0x3D,0x00,0xC0,0x3D,0x00,0xC0,0x38,0x00,
//0xC0,0x38,0x00,0xE0,0x38,0x00,0xE0,0x78,0x00,0x60,0x70,0x00,0x60,0x70,0x00,0x70,
//0x70,0x00,0xF0,0xFF,0x00,0x30,0xE0,0x00,0x30,0xE0,0x00,0x38,0xE0,0x00,0x18,0xE0,
//0x01,0x18,0xE0,0x01,0x18,0xC0,0x01,0x1C,0xC0,0x01,0x1C,0xC0,0x03,0x1C,0xC0,0x03,
//0x7F,0xF0,0x0F,0x00,0x00,0x00,0x00,0x00,0x00,0x00,0x00,0x00,0x00,0x00,0x00,0x00,
//0x00,0x00,/*"A",33*/

//0x00,0x00,0x00,0x00,0x00,0x00,0x00,0x00,0x00,0x00,0x00,0x00,0x00,0x00,0x00,0x00,
//0x00,0x00,0xFF,0x7F,0x00,0x38,0xE0,0x01,0x38,0x80,0x03,0x38,0x80,0x07,0x38,0x00,
//0x07,0x38,0x00,0x07,0x38,0x00,0x07,0x38,0x00,0x07,0x38,0x00,0x07,0x38,0x80,0x03,
//0x38,0xC0,0x01,0x38,0xF0,0x00,0xF8,0x3F,0x00,0x38,0xE0,0x00,0x38,0x80,0x03,0x38,
//0x00,0x07,0x38,0x00,0x07,0x38,0x00,0x0E,0x38,0x00,0x0E,0x38,0x00,0x0E,0x38,0x00,
//0x0E,0x38,0x00,0x0E,0x38,0x00,0x0F,0x38,0x00,0x07,0x38,0x80,0x03,0x38,0xE0,0x01,
//0xFF,0x7F,0x00,0x00,0x00,0x00,0x00,0x00,0x00,0x00,0x00,0x00,0x00,0x00,0x00,0x00,
//0x00,0x00,/*"B",34*/

//0x00,0x00,0x00,0x00,0x00,0x00,0x00,0x00,0x00,0x00,0x00,0x00,0x00,0x00,0x00,0x00,
//0x00,0x00,0x00,0x7F,0x06,0xC0,0xC1,0x07,0xE0,0x80,0x07,0x70,0x00,0x07,0x38,0x00,
//0x06,0x38,0x00,0x0E,0x1C,0x00,0x0C,0x1C,0x00,0x00,0x1C,0x00,0x00,0x0E,0x00,0x00,
//0x0E,0x00,0x00,0x0E,0x00,0x00,0x0E,0x00,0x00,0x0E,0x00,0x00,0x0E,0x00,0x00,0x0E,
//0x00,0x00,0x0E,0x00,0x00,0x0E,0x00,0x00,0x0E,0x00,0x00,0x1C,0x00,0x00,0x1C,0x00,
//0x0C,0x1C,0x00,0x06,0x38,0x00,0x06,0x38,0x00,0x03,0x70,0x80,0x01,0xC0,0xE1,0x00,
//0x00,0x7F,0x00,0x00,0x00,0x00,0x00,0x00,0x00,0x00,0x00,0x00,0x00,0x00,0x00,0x00,
//0x00,0x00,/*"C",35*/

//0x00,0x00,0x00,0x00,0x00,0x00,0x00,0x00,0x00,0x00,0x00,0x00,0x00,0x00,0x00,0x00,
//0x00,0x00,0xFF,0x0F,0x00,0x38,0x78,0x00,0x38,0xE0,0x00,0x38,0xC0,0x01,0x38,0x80,
//0x03,0x38,0x00,0x07,0x38,0x00,0x07,0x38,0x00,0x07,0x38,0x00,0x0E,0x38,0x00,0x0E,
//0x38,0x00,0x0E,0x38,0x00,0x0E,0x38,0x00,0x0E,0x38,0x00,0x0E,0x38,0x00,0x0E,0x38,
//0x00,0x0E,0x38,0x00,0x0E,0x38,0x00,0x0E,0x38,0x00,0x06,0x38,0x00,0x07,0x38,0x00,
//0x07,0x38,0x00,0x03,0x38,0x80,0x03,0x38,0xC0,0x01,0x38,0xE0,0x00,0x38,0x78,0x00,
//0xFF,0x0F,0x00,0x00,0x00,0x00,0x00,0x00,0x00,0x00,0x00,0x00,0x00,0x00,0x00,0x00,
//0x00,0x00,/*"D",36*/

//0x00,0x00,0x00,0x00,0x00,0x00,0x00,0x00,0x00,0x00,0x00,0x00,0x00,0x00,0x00,0x00,
//0x00,0x00,0xFE,0xFF,0x03,0x38,0xC0,0x07,0x38,0x80,0x07,0x38,0x00,0x07,0x38,0x00,
//0x0E,0x38,0x00,0x0C,0x38,0x00,0x00,0x38,0x00,0x00,0x38,0x60,0x00,0x38,0x60,0x00,
//0x38,0x60,0x00,0x38,0x70,0x00,0xF8,0x7F,0x00,0x38,0x70,0x00,0x38,0x60,0x00,0x38,
//0x60,0x00,0x38,0x60,0x00,0x38,0x00,0x00,0x38,0x00,0x00,0x38,0x00,0x00,0x38,0x00,
//0x00,0x38,0x00,0x0C,0x38,0x00,0x0E,0x38,0x00,0x06,0x38,0x00,0x07,0x38,0xC0,0x07,
//0xFE,0xFF,0x03,0x00,0x00,0x00,0x00,0x00,0x00,0x00,0x00,0x00,0x00,0x00,0x00,0x00,
//0x00,0x00,/*"E",37*/

//0x00,0x00,0x00,0x00,0x00,0x00,0x00,0x00,0x00,0x00,0x00,0x00,0x00,0x00,0x00,0x00,
//0x00,0x00,0xFE,0xFF,0x03,0x38,0xC0,0x07,0x38,0x80,0x07,0x38,0x00,0x07,0x38,0x00,
//0x0E,0x38,0x00,0x0C,0x38,0x00,0x00,0x38,0x00,0x00,0x38,0xC0,0x00,0x38,0xC0,0x00,
//0x38,0xC0,0x00,0x38,0xE0,0x00,0xF8,0xFF,0x00,0x38,0xE0,0x00,0x38,0xC0,0x00,0x38,
//0xC0,0x00,0x38,0xC0,0x00,0x38,0x00,0x00,0x38,0x00,0x00,0x38,0x00,0x00,0x38,0x00,
//0x00,0x38,0x00,0x00,0x38,0x00,0x00,0x38,0x00,0x00,0x38,0x00,0x00,0x38,0x00,0x00,
//0xFF,0x01,0x00,0x00,0x00,0x00,0x00,0x00,0x00,0x00,0x00,0x00,0x00,0x00,0x00,0x00,
//0x00,0x00,/*"F",38*/

//0x00,0x00,0x00,0x00,0x00,0x00,0x00,0x00,0x00,0x00,0x00,0x00,0x00,0x00,0x00,0x00,
//0x00,0x00,0x00,0x9F,0x01,0xC0,0xF1,0x01,0x60,0xC0,0x01,0x70,0xC0,0x01,0x38,0x80,
//0x03,0x18,0x00,0x03,0x1C,0x00,0x03,0x1C,0x00,0x00,0x0C,0x00,0x00,0x0E,0x00,0x00,
//0x0E,0x00,0x00,0x0E,0x00,0x00,0x0E,0x00,0x00,0x0E,0x00,0x00,0x0E,0x00,0x00,0x0E,
//0xF0,0x1F,0x0E,0x80,0x03,0x0E,0x80,0x03,0x1C,0x80,0x03,0x1C,0x80,0x03,0x1C,0x80,
//0x03,0x18,0x80,0x03,0x38,0x80,0x03,0x70,0x80,0x03,0x70,0x80,0x03,0xE0,0xE1,0x00,
//0x80,0x3F,0x00,0x00,0x00,0x00,0x00,0x00,0x00,0x00,0x00,0x00,0x00,0x00,0x00,0x00,
//0x00,0x00,/*"G",39*/

//0x00,0x00,0x00,0x00,0x00,0x00,0x00,0x00,0x00,0x00,0x00,0x00,0x00,0x00,0x00,0x00,
//0x00,0x00,0xFE,0xE0,0x0F,0x38,0x80,0x03,0x38,0x80,0x03,0x38,0x80,0x03,0x38,0x80,
//0x03,0x38,0x80,0x03,0x38,0x80,0x03,0x38,0x80,0x03,0x38,0x80,0x03,0x38,0x80,0x03,
//0x38,0x80,0x03,0x38,0x80,0x03,0xF8,0xFF,0x03,0x38,0x80,0x03,0x38,0x80,0x03,0x38,
//0x80,0x03,0x38,0x80,0x03,0x38,0x80,0x03,0x38,0x80,0x03,0x38,0x80,0x03,0x38,0x80,
//0x03,0x38,0x80,0x03,0x38,0x80,0x03,0x38,0x80,0x03,0x38,0x80,0x03,0x38,0x80,0x03,
//0xFE,0xE0,0x0F,0x00,0x00,0x00,0x00,0x00,0x00,0x00,0x00,0x00,0x00,0x00,0x00,0x00,
//0x00,0x00,/*"H",40*/

//0x00,0x00,0x00,0x00,0x00,0x00,0x00,0x00,0x00,0x00,0x00,0x00,0x00,0x00,0x00,0x00,
//0x00,0x00,0xF0,0xFF,0x01,0x00,0x0E,0x00,0x00,0x0E,0x00,0x00,0x0E,0x00,0x00,0x0E,
//0x00,0x00,0x0E,0x00,0x00,0x0E,0x00,0x00,0x0E,0x00,0x00,0x0E,0x00,0x00,0x0E,0x00,
//0x00,0x0E,0x00,0x00,0x0E,0x00,0x00,0x0E,0x00,0x00,0x0E,0x00,0x00,0x0E,0x00,0x00,
//0x0E,0x00,0x00,0x0E,0x00,0x00,0x0E,0x00,0x00,0x0E,0x00,0x00,0x0E,0x00,0x00,0x0E,
//0x00,0x00,0x0E,0x00,0x00,0x0E,0x00,0x00,0x0E,0x00,0x00,0x0E,0x00,0x00,0x0E,0x00,
//0xF0,0xFF,0x01,0x00,0x00,0x00,0x00,0x00,0x00,0x00,0x00,0x00,0x00,0x00,0x00,0x00,
//0x00,0x00,/*"I",41*/

//0x00,0x00,0x00,0x00,0x00,0x00,0x00,0x00,0x00,0x00,0x00,0x00,0x00,0x00,0x00,0x00,
//0x00,0x00,0x80,0xFF,0x0F,0x00,0x70,0x00,0x00,0x70,0x00,0x00,0x70,0x00,0x00,0x70,
//0x00,0x00,0x70,0x00,0x00,0x70,0x00,0x00,0x70,0x00,0x00,0x70,0x00,0x00,0x70,0x00,
//0x00,0x70,0x00,0x00,0x70,0x00,0x00,0x70,0x00,0x00,0x70,0x00,0x00,0x70,0x00,0x00,
//0x70,0x00,0x00,0x70,0x00,0x00,0x70,0x00,0x00,0x70,0x00,0x00,0x70,0x00,0x00,0x70,
//0x00,0x00,0x70,0x00,0x00,0x70,0x00,0x00,0x70,0x00,0x00,0x70,0x00,0x00,0x70,0x00,
//0x00,0x70,0x00,0x1E,0x70,0x00,0x1E,0x38,0x00,0x1E,0x18,0x00,0x1C,0x0E,0x00,0xF8,
//0x03,0x00,/*"J",42*/

//0x00,0x00,0x00,0x00,0x00,0x00,0x00,0x00,0x00,0x00,0x00,0x00,0x00,0x00,0x00,0x00,
//0x00,0x00,0xFE,0xF8,0x07,0x38,0xE0,0x01,0x38,0xE0,0x00,0x38,0x60,0x00,0x38,0x30,
//0x00,0x38,0x38,0x00,0x38,0x1C,0x00,0x38,0x0C,0x00,0x38,0x06,0x00,0x38,0x07,0x00,
//0x38,0x07,0x00,0xB8,0x07,0x00,0xF8,0x0F,0x00,0xF8,0x0F,0x00,0x78,0x1E,0x00,0x38,
//0x1E,0x00,0x38,0x3C,0x00,0x38,0x3C,0x00,0x38,0x78,0x00,0x38,0x78,0x00,0x38,0xF0,
//0x00,0x38,0xF0,0x00,0x38,0xE0,0x00,0x38,0xE0,0x01,0x38,0xC0,0x01,0x38,0xC0,0x03,
//0xFE,0xE0,0x0F,0x00,0x00,0x00,0x00,0x00,0x00,0x00,0x00,0x00,0x00,0x00,0x00,0x00,
//0x00,0x00,/*"K",43*/

//0x00,0x00,0x00,0x00,0x00,0x00,0x00,0x00,0x00,0x00,0x00,0x00,0x00,0x00,0x00,0x00,
//0x00,0x00,0xFC,0x03,0x00,0x70,0x00,0x00,0x70,0x00,0x00,0x70,0x00,0x00,0x70,0x00,
//0x00,0x70,0x00,0x00,0x70,0x00,0x00,0x70,0x00,0x00,0x70,0x00,0x00,0x70,0x00,0x00,
//0x70,0x00,0x00,0x70,0x00,0x00,0x70,0x00,0x00,0x70,0x00,0x00,0x70,0x00,0x00,0x70,
//0x00,0x00,0x70,0x00,0x00,0x70,0x00,0x00,0x70,0x00,0x00,0x70,0x00,0x00,0x70,0x00,
//0x00,0x70,0x00,0x0C,0x70,0x00,0x0C,0x70,0x00,0x06,0x70,0x00,0x07,0x70,0x80,0x07,
//0xFE,0xFF,0x07,0x00,0x00,0x00,0x00,0x00,0x00,0x00,0x00,0x00,0x00,0x00,0x00,0x00,
//0x00,0x00,/*"L",44*/

//0x00,0x00,0x00,0x00,0x00,0x00,0x00,0x00,0x00,0x00,0x00,0x00,0x00,0x00,0x00,0x00,
//0x00,0x00,0x3F,0xC0,0x0F,0x3C,0xC0,0x03,0x3C,0xC0,0x03,0x3C,0xC0,0x03,0x7C,0xE0,
//0x03,0x7C,0xE0,0x03,0x7C,0xE0,0x03,0x7C,0xE0,0x03,0x7C,0xE0,0x03,0xEC,0xB0,0x03,
//0xEC,0xB0,0x03,0xEC,0xB0,0x03,0xEC,0xB0,0x03,0xEC,0x99,0x03,0xCC,0x99,0x03,0xCC,
//0x99,0x03,0xCC,0x99,0x03,0xCC,0x8D,0x03,0xCC,0x8F,0x03,0x8C,0x8F,0x03,0x8C,0x8F,
//0x03,0x8C,0x8F,0x03,0x8C,0x87,0x03,0x0C,0x87,0x03,0x0C,0x87,0x03,0x0C,0x87,0x03,
//0x3F,0xE3,0x0F,0x00,0x00,0x00,0x00,0x00,0x00,0x00,0x00,0x00,0x00,0x00,0x00,0x00,
//0x00,0x00,/*"M",45*/

//0x00,0x00,0x00,0x00,0x00,0x00,0x00,0x00,0x00,0x00,0x00,0x00,0x00,0x00,0x00,0x00,
//0x00,0x00,0x3E,0xE0,0x1F,0x78,0x00,0x03,0x78,0x00,0x03,0xF8,0x00,0x03,0xF8,0x00,
//0x03,0xD8,0x01,0x03,0xD8,0x01,0x03,0x98,0x03,0x03,0x98,0x03,0x03,0x18,0x07,0x03,
//0x18,0x07,0x03,0x18,0x0E,0x03,0x18,0x0E,0x03,0x18,0x1C,0x03,0x18,0x1C,0x03,0x18,
//0x3C,0x03,0x18,0x38,0x03,0x18,0x78,0x03,0x18,0x70,0x03,0x18,0xF0,0x03,0x18,0xE0,
//0x03,0x18,0xE0,0x03,0x18,0xC0,0x03,0x18,0xC0,0x03,0x18,0x80,0x03,0x18,0x80,0x03,
//0xFF,0x00,0x03,0x00,0x00,0x00,0x00,0x00,0x00,0x00,0x00,0x00,0x00,0x00,0x00,0x00,
//0x00,0x00,/*"N",46*/

//0x00,0x00,0x00,0x00,0x00,0x00,0x00,0x00,0x00,0x00,0x00,0x00,0x00,0x00,0x00,0x00,
//0x00,0x00,0x80,0x3F,0x00,0xC0,0x61,0x00,0x70,0xC0,0x01,0x30,0x80,0x01,0x38,0x80,
//0x03,0x1C,0x00,0x03,0x1C,0x00,0x07,0x1C,0x00,0x07,0x0C,0x00,0x06,0x0E,0x00,0x0E,
//0x0E,0x00,0x0E,0x0E,0x00,0x0E,0x0E,0x00,0x0E,0x0E,0x00,0x0E,0x0E,0x00,0x0E,0x0E,
//0x00,0x0E,0x0E,0x00,0x0E,0x0E,0x00,0x0E,0x0C,0x00,0x06,0x1C,0x00,0x07,0x1C,0x00,
//0x07,0x18,0x00,0x07,0x38,0x80,0x03,0x30,0x80,0x01,0x60,0xC0,0x01,0xC0,0x71,0x00,
//0x80,0x3F,0x00,0x00,0x00,0x00,0x00,0x00,0x00,0x00,0x00,0x00,0x00,0x00,0x00,0x00,
//0x00,0x00,/*"O",47*/

//0x00,0x00,0x00,0x00,0x00,0x00,0x00,0x00,0x00,0x00,0x00,0x00,0x00,0x00,0x00,0x00,
//0x00,0x00,0xFE,0x3F,0x00,0x38,0xE0,0x00,0x38,0xC0,0x01,0x38,0x80,0x03,0x38,0x00,
//0x07,0x38,0x00,0x07,0x38,0x00,0x07,0x38,0x00,0x07,0x38,0x00,0x07,0x38,0x00,0x07,
//0x38,0x80,0x03,0x38,0xC0,0x01,0x38,0xF0,0x00,0xF8,0x3F,0x00,0x38,0x00,0x00,0x38,
//0x00,0x00,0x38,0x00,0x00,0x38,0x00,0x00,0x38,0x00,0x00,0x38,0x00,0x00,0x38,0x00,
//0x00,0x38,0x00,0x00,0x38,0x00,0x00,0x38,0x00,0x00,0x38,0x00,0x00,0x38,0x00,0x00,
//0xFF,0x01,0x00,0x00,0x00,0x00,0x00,0x00,0x00,0x00,0x00,0x00,0x00,0x00,0x00,0x00,
//0x00,0x00,/*"P",48*/

//0x00,0x00,0x00,0x00,0x00,0x00,0x00,0x00,0x00,0x00,0x00,0x00,0x00,0x00,0x00,0x00,
//0x00,0x00,0x80,0x3F,0x00,0xE0,0xE1,0x00,0x70,0xC0,0x01,0x30,0x80,0x01,0x38,0x00,
//0x03,0x1C,0x00,0x07,0x1C,0x00,0x07,0x1C,0x00,0x07,0x0E,0x00,0x0E,0x0E,0x00,0x0E,
//0x0E,0x00,0x0E,0x0E,0x00,0x0E,0x0E,0x00,0x0E,0x0E,0x00,0x0E,0x0E,0x00,0x0E,0x0E,
//0x00,0x0E,0x0E,0x00,0x0E,0x0E,0x00,0x0E,0x0E,0x00,0x0E,0xCC,0x0F,0x06,0xFC,0x1F,
//0x07,0xFC,0x3C,0x07,0x78,0x78,0x03,0x38,0xF8,0x03,0x70,0xF8,0x01,0xE0,0xF0,0x00,
//0x80,0xFF,0x00,0x00,0xF0,0x0F,0x00,0xE0,0x07,0x00,0xC0,0x03,0x00,0x00,0x00,0x00,
//0x00,0x00,/*"Q",49*/

//0x00,0x00,0x00,0x00,0x00,0x00,0x00,0x00,0x00,0x00,0x00,0x00,0x00,0x00,0x00,0x00,
//0x00,0x00,0xFC,0x3F,0x00,0x70,0xF0,0x00,0x70,0xC0,0x01,0x70,0xC0,0x03,0x70,0x80,
//0x03,0x70,0x80,0x03,0x70,0x80,0x03,0x70,0x80,0x03,0x70,0x80,0x03,0x70,0xC0,0x01,
//0x70,0xC0,0x01,0x70,0xF0,0x00,0xF0,0x3F,0x00,0x70,0x1C,0x00,0x70,0x1C,0x00,0x70,
//0x3C,0x00,0x70,0x38,0x00,0x70,0x78,0x00,0x70,0x78,0x00,0x70,0x70,0x00,0x70,0xF0,
//0x00,0x70,0xE0,0x00,0x70,0xE0,0x01,0x70,0xE0,0x01,0x70,0xC0,0x01,0x70,0xC0,0x03,
//0xFC,0xC1,0x0F,0x00,0x00,0x00,0x00,0x00,0x00,0x00,0x00,0x00,0x00,0x00,0x00,0x00,
//0x00,0x00,/*"R",50*/

//0x00,0x00,0x00,0x00,0x00,0x00,0x00,0x00,0x00,0x00,0x00,0x00,0x00,0x00,0x00,0x00,
//0x00,0x00,0xC0,0x3F,0x00,0xE0,0xF0,0x01,0x30,0xC0,0x03,0x38,0xC0,0x03,0x1C,0x80,
//0x03,0x1C,0x00,0x03,0x1C,0x00,0x03,0x1C,0x00,0x00,0x3C,0x00,0x00,0x78,0x00,0x00,
//0xF8,0x00,0x00,0xE0,0x03,0x00,0x80,0x1F,0x00,0x00,0x7E,0x00,0x00,0xF8,0x00,0x00,
//0xE0,0x01,0x00,0xC0,0x03,0x00,0x80,0x07,0x00,0x00,0x07,0x0C,0x00,0x07,0x0C,0x00,
//0x07,0x1C,0x00,0x07,0x18,0x00,0x07,0x38,0x80,0x03,0x78,0x80,0x01,0xF8,0xE1,0x00,
//0x18,0x7F,0x00,0x00,0x00,0x00,0x00,0x00,0x00,0x00,0x00,0x00,0x00,0x00,0x00,0x00,
//0x00,0x00,/*"S",51*/

//0x00,0x00,0x00,0x00,0x00,0x00,0x00,0x00,0x00,0x00,0x00,0x00,0x00,0x00,0x00,0x00,
//0x00,0x00,0xFC,0xFF,0x07,0x3C,0x0E,0x07,0x1C,0x0E,0x06,0x0C,0x0E,0x06,0x0E,0x0E,
//0x0C,0x06,0x0E,0x0C,0x00,0x0E,0x00,0x00,0x0E,0x00,0x00,0x0E,0x00,0x00,0x0E,0x00,
//0x00,0x0E,0x00,0x00,0x0E,0x00,0x00,0x0E,0x00,0x00,0x0E,0x00,0x00,0x0E,0x00,0x00,
//0x0E,0x00,0x00,0x0E,0x00,0x00,0x0E,0x00,0x00,0x0E,0x00,0x00,0x0E,0x00,0x00,0x0E,
//0x00,0x00,0x0E,0x00,0x00,0x0E,0x00,0x00,0x0E,0x00,0x00,0x0E,0x00,0x00,0x0E,0x00,
//0xC0,0x7F,0x00,0x00,0x00,0x00,0x00,0x00,0x00,0x00,0x00,0x00,0x00,0x00,0x00,0x00,
//0x00,0x00,/*"T",52*/

//0x00,0x00,0x00,0x00,0x00,0x00,0x00,0x00,0x00,0x00,0x00,0x00,0x00,0x00,0x00,0x00,
//0x00,0x00,0xFE,0xC0,0x0F,0x38,0x00,0x03,0x38,0x00,0x03,0x38,0x00,0x03,0x38,0x00,
//0x03,0x38,0x00,0x03,0x38,0x00,0x03,0x38,0x00,0x03,0x38,0x00,0x03,0x38,0x00,0x03,
//0x38,0x00,0x03,0x38,0x00,0x03,0x38,0x00,0x03,0x38,0x00,0x03,0x38,0x00,0x03,0x38,
//0x00,0x03,0x38,0x00,0x03,0x38,0x00,0x03,0x38,0x00,0x03,0x38,0x00,0x03,0x38,0x00,
//0x03,0x38,0x00,0x03,0x38,0x00,0x03,0x30,0x80,0x01,0x70,0xC0,0x01,0xE0,0xE0,0x00,
//0x80,0x3F,0x00,0x00,0x00,0x00,0x00,0x00,0x00,0x00,0x00,0x00,0x00,0x00,0x00,0x00,
//0x00,0x00,/*"U",53*/

//0x00,0x00,0x00,0x00,0x00,0x00,0x00,0x00,0x00,0x00,0x00,0x00,0x00,0x00,0x00,0x00,
//0x00,0x00,0xFE,0xE1,0x0F,0x78,0x80,0x03,0x78,0x80,0x03,0x70,0x80,0x01,0x70,0x80,
//0x01,0xF0,0x80,0x01,0xF0,0xC0,0x01,0xF0,0xC0,0x00,0xE0,0xC0,0x00,0xE0,0xC1,0x00,
//0xE0,0x61,0x00,0xE0,0x61,0x00,0xC0,0x61,0x00,0xC0,0x61,0x00,0xC0,0x33,0x00,0xC0,
//0x33,0x00,0x80,0x33,0x00,0x80,0x3B,0x00,0x80,0x1F,0x00,0x80,0x1F,0x00,0x00,0x1F,
//0x00,0x00,0x1F,0x00,0x00,0x0F,0x00,0x00,0x0F,0x00,0x00,0x0E,0x00,0x00,0x06,0x00,
//0x00,0x06,0x00,0x00,0x00,0x00,0x00,0x00,0x00,0x00,0x00,0x00,0x00,0x00,0x00,0x00,
//0x00,0x00,/*"V",54*/

//0x00,0x00,0x00,0x00,0x00,0x00,0x00,0x00,0x00,0x00,0x00,0x00,0x00,0x00,0x00,0x00,
//0x00,0x00,0xFF,0xBF,0x1F,0x1E,0x0E,0x06,0x1C,0x0E,0x06,0x1C,0x0E,0x06,0x1C,0x1E,
//0x06,0x1C,0x1E,0x07,0x3C,0x1C,0x03,0x3C,0x1E,0x03,0x38,0x1E,0x03,0x38,0x1E,0x03,
//0x38,0x1E,0x03,0x38,0xBF,0x01,0x38,0xBF,0x01,0x78,0xBB,0x01,0x70,0xBB,0x01,0x70,
//0xBB,0x01,0xF0,0xFB,0x01,0xF0,0xF9,0x00,0xF0,0xF9,0x00,0xF0,0xF1,0x00,0xF0,0xF1,
//0x00,0xE0,0xF1,0x00,0xE0,0xF0,0x00,0xE0,0x70,0x00,0xE0,0x70,0x00,0xE0,0x60,0x00,
//0xE0,0x60,0x00,0x00,0x00,0x00,0x00,0x00,0x00,0x00,0x00,0x00,0x00,0x00,0x00,0x00,
//0x00,0x00,/*"W",55*/

//0x00,0x00,0x00,0x00,0x00,0x00,0x00,0x00,0x00,0x00,0x00,0x00,0x00,0x00,0x00,0x00,
//0x00,0x00,0xFE,0xF1,0x07,0x78,0xC0,0x01,0x70,0xC0,0x01,0xF0,0xC0,0x00,0xE0,0xE0,
//0x00,0xE0,0x61,0x00,0xC0,0x71,0x00,0xC0,0x33,0x00,0x80,0x3B,0x00,0x80,0x1F,0x00,
//0x00,0x1F,0x00,0x00,0x0F,0x00,0x00,0x0E,0x00,0x00,0x0E,0x00,0x00,0x1E,0x00,0x00,
//0x1F,0x00,0x00,0x3F,0x00,0x80,0x3B,0x00,0x80,0x79,0x00,0xC0,0x71,0x00,0xC0,0xF0,
//0x00,0xE0,0xF0,0x00,0x60,0xE0,0x01,0x70,0xE0,0x01,0x30,0xC0,0x01,0x38,0xC0,0x03,
//0xFE,0xF0,0x0F,0x00,0x00,0x00,0x00,0x00,0x00,0x00,0x00,0x00,0x00,0x00,0x00,0x00,
//0x00,0x00,/*"X",56*/

//0x00,0x00,0x00,0x00,0x00,0x00,0x00,0x00,0x00,0x00,0x00,0x00,0x00,0x00,0x00,0x00,
//0x00,0x00,0xFE,0xE1,0x0F,0x78,0x80,0x03,0x78,0x80,0x01,0x70,0x80,0x01,0xF0,0xC0,
//0x01,0xF0,0xC0,0x00,0xE0,0xE0,0x00,0xE0,0x61,0x00,0xC0,0x61,0x00,0xC0,0x31,0x00,
//0x80,0x33,0x00,0x80,0x3B,0x00,0x80,0x1F,0x00,0x00,0x1F,0x00,0x00,0x0F,0x00,0x00,
//0x0E,0x00,0x00,0x0E,0x00,0x00,0x0E,0x00,0x00,0x0E,0x00,0x00,0x0E,0x00,0x00,0x0E,
//0x00,0x00,0x0E,0x00,0x00,0x0E,0x00,0x00,0x0E,0x00,0x00,0x0E,0x00,0x00,0x0E,0x00,
//0xC0,0x7F,0x00,0x00,0x00,0x00,0x00,0x00,0x00,0x00,0x00,0x00,0x00,0x00,0x00,0x00,
//0x00,0x00,/*"Y",57*/

//0x00,0x00,0x00,0x00,0x00,0x00,0x00,0x00,0x00,0x00,0x00,0x00,0x00,0x00,0x00,0x00,
//0x00,0x00,0xF0,0xFF,0x07,0xF8,0x80,0x03,0x38,0xC0,0x03,0x38,0xC0,0x01,0x1C,0xE0,
//0x01,0x0C,0xF0,0x00,0x00,0xF0,0x00,0x00,0x78,0x00,0x00,0x38,0x00,0x00,0x3C,0x00,
//0x00,0x1C,0x00,0x00,0x1E,0x00,0x00,0x0E,0x00,0x00,0x0F,0x00,0x00,0x07,0x00,0x80,
//0x07,0x00,0x80,0x03,0x00,0xC0,0x03,0x00,0xC0,0x01,0x00,0xE0,0x01,0x00,0xF0,0x00,
//0x00,0xF0,0x00,0x06,0x78,0x00,0x07,0x38,0x00,0x03,0x3C,0x80,0x03,0x1C,0xE0,0x03,
//0xFE,0xFF,0x01,0x00,0x00,0x00,0x00,0x00,0x00,0x00,0x00,0x00,0x00,0x00,0x00,0x00,
//0x00,0x00,/*"Z",58*/

//0x00,0x00,0x00,0x00,0xFF,0x03,0x00,0x03,0x00,0x00,0x03,0x00,0x00,0x03,0x00,0x00,
//0x03,0x00,0x00,0x03,0x00,0x00,0x03,0x00,0x00,0x03,0x00,0x00,0x03,0x00,0x00,0x03,
//0x00,0x00,0x03,0x00,0x00,0x03,0x00,0x00,0x03,0x00,0x00,0x03,0x00,0x00,0x03,0x00,
//0x00,0x03,0x00,0x00,0x03,0x00,0x00,0x03,0x00,0x00,0x03,0x00,0x00,0x03,0x00,0x00,
//0x03,0x00,0x00,0x03,0x00,0x00,0x03,0x00,0x00,0x03,0x00,0x00,0x03,0x00,0x00,0x03,
//0x00,0x00,0x03,0x00,0x00,0x03,0x00,0x00,0x03,0x00,0x00,0x03,0x00,0x00,0x03,0x00,
//0x00,0x03,0x00,0x00,0x03,0x00,0x00,0x03,0x00,0x00,0xFF,0x03,0x00,0x00,0x00,0x00,
//0x00,0x00,/*"[",59*/

//0x00,0x00,0x00,0x00,0x00,0x00,0x00,0x00,0x00,0x00,0x00,0x00,0x38,0x00,0x00,0x70,
//0x00,0x00,0x70,0x00,0x00,0x70,0x00,0x00,0xE0,0x00,0x00,0xE0,0x00,0x00,0xC0,0x01,
//0x00,0xC0,0x01,0x00,0xC0,0x01,0x00,0x80,0x03,0x00,0x80,0x03,0x00,0x00,0x07,0x00,
//0x00,0x07,0x00,0x00,0x07,0x00,0x00,0x0E,0x00,0x00,0x0E,0x00,0x00,0x0C,0x00,0x00,
//0x1C,0x00,0x00,0x1C,0x00,0x00,0x38,0x00,0x00,0x38,0x00,0x00,0x30,0x00,0x00,0x70,
//0x00,0x00,0x70,0x00,0x00,0xE0,0x00,0x00,0xE0,0x00,0x00,0xE0,0x00,0x00,0xC0,0x01,
//0x00,0xC0,0x01,0x00,0x80,0x03,0x00,0x80,0x03,0x00,0x80,0x03,0x00,0x00,0x07,0x00,
//0x00,0x00,/*"\",60*/

//0x00,0x00,0x00,0xF8,0x1F,0x00,0x00,0x1C,0x00,0x00,0x1C,0x00,0x00,0x1C,0x00,0x00,
//0x1C,0x00,0x00,0x1C,0x00,0x00,0x1C,0x00,0x00,0x1C,0x00,0x00,0x1C,0x00,0x00,0x1C,
//0x00,0x00,0x1C,0x00,0x00,0x1C,0x00,0x00,0x1C,0x00,0x00,0x1C,0x00,0x00,0x1C,0x00,
//0x00,0x1C,0x00,0x00,0x1C,0x00,0x00,0x1C,0x00,0x00,0x1C,0x00,0x00,0x1C,0x00,0x00,
//0x1C,0x00,0x00,0x1C,0x00,0x00,0x1C,0x00,0x00,0x1C,0x00,0x00,0x1C,0x00,0x00,0x1C,
//0x00,0x00,0x1C,0x00,0x00,0x1C,0x00,0x00,0x1C,0x00,0x00,0x1C,0x00,0x00,0x1C,0x00,
//0x00,0x1C,0x00,0x00,0x1C,0x00,0x00,0x1C,0x00,0xF8,0x1F,0x00,0x00,0x00,0x00,0x00,
//0x00,0x00,/*"]",61*/

//0x00,0x1F,0x00,0x80,0x3F,0x00,0x80,0x7B,0x00,0xC0,0x71,0x00,0x60,0xC0,0x00,0x00,
//0x00,0x00,0x00,0x00,0x00,0x00,0x00,0x00,0x00,0x00,0x00,0x00,0x00,0x00,0x00,0x00,
//0x00,0x00,0x00,0x00,0x00,0x00,0x00,0x00,0x00,0x00,0x00,0x00,0x00,0x00,0x00,0x00,
//0x00,0x00,0x00,0x00,0x00,0x00,0x00,0x00,0x00,0x00,0x00,0x00,0x00,0x00,0x00,0x00,
//0x00,0x00,0x00,0x00,0x00,0x00,0x00,0x00,0x00,0x00,0x00,0x00,0x00,0x00,0x00,0x00,
//0x00,0x00,0x00,0x00,0x00,0x00,0x00,0x00,0x00,0x00,0x00,0x00,0x00,0x00,0x00,0x00,
//0x00,0x00,0x00,0x00,0x00,0x00,0x00,0x00,0x00,0x00,0x00,0x00,0x00,0x00,0x00,0x00,
//0x00,0x00,/*"^",62*/

//0x00,0x00,0x00,0x00,0x00,0x00,0x00,0x00,0x00,0x00,0x00,0x00,0x00,0x00,0x00,0x00,
//0x00,0x00,0x00,0x00,0x00,0x00,0x00,0x00,0x00,0x00,0x00,0x00,0x00,0x00,0x00,0x00,
//0x00,0x00,0x00,0x00,0x00,0x00,0x00,0x00,0x00,0x00,0x00,0x00,0x00,0x00,0x00,0x00,
//0x00,0x00,0x00,0x00,0x00,0x00,0x00,0x00,0x00,0x00,0x00,0x00,0x00,0x00,0x00,0x00,
//0x00,0x00,0x00,0x00,0x00,0x00,0x00,0x00,0x00,0x00,0x00,0x00,0x00,0x00,0x00,0x00,
//0x00,0x00,0x00,0x00,0x00,0x00,0x00,0x00,0x00,0x00,0x00,0x00,0x00,0x00,0x00,0x00,
//0x00,0x00,0x00,0x00,0x00,0x00,0x00,0x00,0x00,0x00,0x00,0x00,0x00,0x00,0x00,0xFF,
//0xFF,0x1F,/*"_",63*/

//0x00,0x00,0x00,0xF8,0x01,0x00,0xE0,0x03,0x00,0x00,0x07,0x00,0x00,0x0C,0x00,0x00,
//0x00,0x00,0x00,0x00,0x00,0x00,0x00,0x00,0x00,0x00,0x00,0x00,0x00,0x00,0x00,0x00,
//0x00,0x00,0x00,0x00,0x00,0x00,0x00,0x00,0x00,0x00,0x00,0x00,0x00,0x00,0x00,0x00,
//0x00,0x00,0x00,0x00,0x00,0x00,0x00,0x00,0x00,0x00,0x00,0x00,0x00,0x00,0x00,0x00,
//0x00,0x00,0x00,0x00,0x00,0x00,0x00,0x00,0x00,0x00,0x00,0x00,0x00,0x00,0x00,0x00,
//0x00,0x00,0x00,0x00,0x00,0x00,0x00,0x00,0x00,0x00,0x00,0x00,0x00,0x00,0x00,0x00,
//0x00,0x00,0x00,0x00,0x00,0x00,0x00,0x00,0x00,0x00,0x00,0x00,0x00,0x00,0x00,0x00,
//0x00,0x00,/*"`",64*/

//0x00,0x00,0x00,0x00,0x00,0x00,0x00,0x00,0x00,0x00,0x00,0x00,0x00,0x00,0x00,0x00,
//0x00,0x00,0x00,0x00,0x00,0x00,0x00,0x00,0x00,0x00,0x00,0x00,0x00,0x00,0x00,0x00,
//0x00,0x00,0x00,0x00,0x00,0x00,0x00,0x00,0x00,0x00,0x00,0x00,0x00,0xC0,0x3F,0x00,
//0x70,0xE0,0x00,0x38,0xC0,0x01,0x38,0xC0,0x01,0x38,0xC0,0x01,0x00,0xC0,0x01,0x00,
//0xE0,0x01,0x00,0xFF,0x01,0xE0,0xC1,0x01,0x70,0xC0,0x01,0x38,0xC0,0x01,0x1C,0xC0,
//0x01,0x1C,0xC0,0x01,0x1C,0xC0,0x01,0x1C,0xC0,0x0D,0x38,0xE0,0x0D,0x78,0xF8,0x0D,
//0xE0,0x8F,0x07,0x00,0x00,0x00,0x00,0x00,0x00,0x00,0x00,0x00,0x00,0x00,0x00,0x00,
//0x00,0x00,/*"a",65*/

//0x00,0x00,0x00,0x00,0x00,0x00,0x00,0x00,0x00,0x00,0x00,0x00,0x30,0x00,0x00,0x3E,
//0x00,0x00,0x38,0x00,0x00,0x38,0x00,0x00,0x38,0x00,0x00,0x38,0x00,0x00,0x38,0x00,
//0x00,0x38,0x00,0x00,0x38,0x00,0x00,0x38,0x00,0x00,0x38,0x00,0x00,0x38,0x7E,0x00,
//0xB8,0xE3,0x01,0xF8,0x80,0x01,0x78,0x80,0x03,0x78,0x80,0x03,0x38,0x00,0x07,0x38,
//0x00,0x07,0x38,0x00,0x07,0x38,0x00,0x07,0x38,0x00,0x07,0x38,0x00,0x07,0x38,0x00,
//0x07,0x38,0x00,0x07,0x38,0x80,0x03,0x38,0x80,0x03,0x78,0xC0,0x01,0xF8,0xE0,0x00,
//0x98,0x3F,0x00,0x00,0x00,0x00,0x00,0x00,0x00,0x00,0x00,0x00,0x00,0x00,0x00,0x00,
//0x00,0x00,/*"b",66*/

//0x00,0x00,0x00,0x00,0x00,0x00,0x00,0x00,0x00,0x00,0x00,0x00,0x00,0x00,0x00,0x00,
//0x00,0x00,0x00,0x00,0x00,0x00,0x00,0x00,0x00,0x00,0x00,0x00,0x00,0x00,0x00,0x00,
//0x00,0x00,0x00,0x00,0x00,0x00,0x00,0x00,0x00,0x00,0x00,0x00,0x00,0x80,0x3F,0x00,
//0xC0,0xE1,0x00,0xF0,0xC0,0x00,0x70,0xC0,0x01,0x38,0xC0,0x01,0x38,0xC0,0x01,0x1C,
//0x00,0x00,0x1C,0x00,0x00,0x1C,0x00,0x00,0x1C,0x00,0x00,0x1C,0x00,0x00,0x1C,0x00,
//0x00,0x1C,0x00,0x03,0x38,0x00,0x03,0x38,0x80,0x01,0x70,0xC0,0x01,0xE0,0xE0,0x00,
//0x80,0x3F,0x00,0x00,0x00,0x00,0x00,0x00,0x00,0x00,0x00,0x00,0x00,0x00,0x00,0x00,
//0x00,0x00,/*"c",67*/

//0x00,0x00,0x00,0x00,0x00,0x00,0x00,0x00,0x00,0x00,0x00,0x00,0x00,0x00,0x03,0x00,
//0xF0,0x03,0x00,0x80,0x03,0x00,0x80,0x03,0x00,0x80,0x03,0x00,0x80,0x03,0x00,0x80,
//0x03,0x00,0x80,0x03,0x00,0x80,0x03,0x00,0x80,0x03,0x00,0x80,0x03,0x80,0xBF,0x03,
//0xE0,0xF0,0x03,0x70,0xC0,0x03,0x30,0x80,0x03,0x38,0x80,0x03,0x38,0x80,0x03,0x1C,
//0x80,0x03,0x1C,0x80,0x03,0x1C,0x80,0x03,0x1C,0x80,0x03,0x1C,0x80,0x03,0x1C,0x80,
//0x03,0x1C,0x80,0x03,0x38,0x80,0x03,0x38,0xC0,0x03,0x70,0xE0,0x03,0xE0,0xF0,0x0F,
//0x80,0x9F,0x01,0x00,0x00,0x00,0x00,0x00,0x00,0x00,0x00,0x00,0x00,0x00,0x00,0x00,
//0x00,0x00,/*"d",68*/

//0x00,0x00,0x00,0x00,0x00,0x00,0x00,0x00,0x00,0x00,0x00,0x00,0x00,0x00,0x00,0x00,
//0x00,0x00,0x00,0x00,0x00,0x00,0x00,0x00,0x00,0x00,0x00,0x00,0x00,0x00,0x00,0x00,
//0x00,0x00,0x00,0x00,0x00,0x00,0x00,0x00,0x00,0x00,0x00,0x00,0x00,0x00,0x3F,0x00,
//0xC0,0xE1,0x00,0xE0,0xC0,0x01,0x60,0x80,0x03,0x70,0x00,0x03,0x30,0x00,0x07,0x38,
//0x00,0x07,0x38,0x00,0x07,0xF8,0xFF,0x07,0x38,0x00,0x00,0x38,0x00,0x00,0x38,0x00,
//0x00,0x38,0x00,0x00,0x70,0x00,0x06,0x70,0x00,0x03,0xE0,0x80,0x03,0xC0,0xC3,0x01,
//0x00,0x7F,0x00,0x00,0x00,0x00,0x00,0x00,0x00,0x00,0x00,0x00,0x00,0x00,0x00,0x00,
//0x00,0x00,/*"e",69*/

//0x00,0x00,0x00,0x00,0x00,0x00,0x00,0x00,0x00,0x00,0x00,0x00,0x00,0x00,0x00,0x00,
//0xF8,0x03,0x00,0x1E,0x06,0x00,0x07,0x0E,0x00,0x07,0x0E,0x80,0x03,0x0E,0x80,0x03,
//0x00,0x80,0x03,0x00,0x80,0x03,0x00,0x80,0x03,0x00,0x80,0x03,0x00,0xFC,0xFF,0x01,
//0x80,0x03,0x00,0x80,0x03,0x00,0x80,0x03,0x00,0x80,0x03,0x00,0x80,0x03,0x00,0x80,
//0x03,0x00,0x80,0x03,0x00,0x80,0x03,0x00,0x80,0x03,0x00,0x80,0x03,0x00,0x80,0x03,
//0x00,0x80,0x03,0x00,0x80,0x03,0x00,0x80,0x03,0x00,0x80,0x03,0x00,0x80,0x03,0x00,
//0xF8,0x7F,0x00,0x00,0x00,0x00,0x00,0x00,0x00,0x00,0x00,0x00,0x00,0x00,0x00,0x00,
//0x00,0x00,/*"f",70*/

//0x00,0x00,0x00,0x00,0x00,0x00,0x00,0x00,0x00,0x00,0x00,0x00,0x00,0x00,0x00,0x00,
//0x00,0x00,0x00,0x00,0x00,0x00,0x00,0x00,0x00,0x00,0x00,0x00,0x00,0x00,0x00,0x00,
//0x00,0x00,0x00,0x00,0x00,0x00,0x00,0x00,0x00,0x00,0x00,0x00,0x00,0x80,0x3F,0x0F,
//0xE0,0xF0,0x0F,0x70,0xE0,0x0E,0x38,0xC0,0x01,0x38,0xC0,0x01,0x38,0xC0,0x01,0x38,
//0xC0,0x01,0x38,0xC0,0x01,0x70,0xE0,0x00,0xE0,0x70,0x00,0xF0,0x3F,0x00,0x38,0x00,
//0x00,0x38,0x00,0x00,0xF8,0x03,0x00,0xF0,0xFF,0x00,0x70,0xFE,0x03,0x38,0x80,0x07,
//0x1C,0x00,0x07,0x1C,0x00,0x07,0x1C,0x00,0x07,0x38,0x80,0x03,0xF0,0xC0,0x01,0xC0,
//0x7F,0x00,/*"g",71*/

//0x00,0x00,0x00,0x00,0x00,0x00,0x00,0x00,0x00,0x00,0x00,0x00,0x30,0x00,0x00,0x3E,
//0x00,0x00,0x38,0x00,0x00,0x38,0x00,0x00,0x38,0x00,0x00,0x38,0x00,0x00,0x38,0x00,
//0x00,0x38,0x00,0x00,0x38,0x00,0x00,0x38,0x00,0x00,0x38,0x00,0x00,0x38,0x7E,0x00,
//0xB8,0xE3,0x01,0xF8,0xC0,0x01,0x78,0x80,0x03,0x38,0x80,0x03,0x38,0x80,0x03,0x38,
//0x80,0x03,0x38,0x80,0x03,0x38,0x80,0x03,0x38,0x80,0x03,0x38,0x80,0x03,0x38,0x80,
//0x03,0x38,0x80,0x03,0x38,0x80,0x03,0x38,0x80,0x03,0x38,0x80,0x03,0x38,0x80,0x03,
//0xFE,0xE0,0x0F,0x00,0x00,0x00,0x00,0x00,0x00,0x00,0x00,0x00,0x00,0x00,0x00,0x00,
//0x00,0x00,/*"h",72*/

//0x00,0x00,0x00,0x00,0x00,0x00,0x00,0x00,0x00,0x00,0x00,0x00,0x00,0x00,0x00,0x00,
//0x0E,0x00,0x00,0x1F,0x00,0x00,0x1F,0x00,0x00,0x0E,0x00,0x00,0x00,0x00,0x00,0x00,
//0x00,0x00,0x00,0x00,0x00,0x00,0x00,0x00,0x00,0x00,0x00,0x0C,0x00,0xF0,0x0F,0x00,
//0x00,0x0E,0x00,0x00,0x0E,0x00,0x00,0x0E,0x00,0x00,0x0E,0x00,0x00,0x0E,0x00,0x00,
//0x0E,0x00,0x00,0x0E,0x00,0x00,0x0E,0x00,0x00,0x0E,0x00,0x00,0x0E,0x00,0x00,0x0E,
//0x00,0x00,0x0E,0x00,0x00,0x0E,0x00,0x00,0x0E,0x00,0x00,0x0E,0x00,0x00,0x0E,0x00,
//0xF0,0xFF,0x01,0x00,0x00,0x00,0x00,0x00,0x00,0x00,0x00,0x00,0x00,0x00,0x00,0x00,
//0x00,0x00,/*"i",73*/

//0x00,0x00,0x00,0x00,0x00,0x00,0x00,0x00,0x00,0x00,0x00,0x00,0x00,0x00,0x00,0x00,
//0xE0,0x00,0x00,0xF0,0x01,0x00,0xF0,0x01,0x00,0xE0,0x00,0x00,0x00,0x00,0x00,0x00,
//0x00,0x00,0x00,0x00,0x00,0x00,0x00,0x00,0x00,0x00,0x00,0xC0,0x00,0x00,0xFF,0x00,
//0x00,0xE0,0x00,0x00,0xE0,0x00,0x00,0xE0,0x00,0x00,0xE0,0x00,0x00,0xE0,0x00,0x00,
//0xE0,0x00,0x00,0xE0,0x00,0x00,0xE0,0x00,0x00,0xE0,0x00,0x00,0xE0,0x00,0x00,0xE0,
//0x00,0x00,0xE0,0x00,0x00,0xE0,0x00,0x00,0xE0,0x00,0x00,0xE0,0x00,0x00,0xE0,0x00,
//0x00,0xE0,0x00,0x00,0xE0,0x00,0x38,0x70,0x00,0x38,0x70,0x00,0x78,0x1C,0x00,0xE0,
//0x0F,0x00,/*"j",74*/

//0x00,0x00,0x00,0x00,0x00,0x00,0x00,0x00,0x00,0x00,0x00,0x00,0x60,0x00,0x00,0x7C,
//0x00,0x00,0x70,0x00,0x00,0x70,0x00,0x00,0x70,0x00,0x00,0x70,0x00,0x00,0x70,0x00,
//0x00,0x70,0x00,0x00,0x70,0x00,0x00,0x70,0x00,0x00,0x70,0x00,0x00,0x70,0xF8,0x07,
//0x70,0xE0,0x00,0x70,0x60,0x00,0x70,0x30,0x00,0x70,0x38,0x00,0x70,0x1C,0x00,0x70,
//0x0E,0x00,0x70,0x0F,0x00,0xF0,0x1F,0x00,0xF0,0x3D,0x00,0xF0,0x38,0x00,0x70,0x78,
//0x00,0x70,0xF0,0x00,0x70,0xE0,0x00,0x70,0xE0,0x01,0x70,0xC0,0x01,0x70,0xC0,0x03,
//0xFC,0xE1,0x0F,0x00,0x00,0x00,0x00,0x00,0x00,0x00,0x00,0x00,0x00,0x00,0x00,0x00,
//0x00,0x00,/*"k",75*/

//0x00,0x00,0x00,0x00,0x00,0x00,0x00,0x00,0x00,0x00,0x00,0x00,0x00,0x0E,0x00,0xF0,
//0x0F,0x00,0x00,0x0E,0x00,0x00,0x0E,0x00,0x00,0x0E,0x00,0x00,0x0E,0x00,0x00,0x0E,
//0x00,0x00,0x0E,0x00,0x00,0x0E,0x00,0x00,0x0E,0x00,0x00,0x0E,0x00,0x00,0x0E,0x00,
//0x00,0x0E,0x00,0x00,0x0E,0x00,0x00,0x0E,0x00,0x00,0x0E,0x00,0x00,0x0E,0x00,0x00,
//0x0E,0x00,0x00,0x0E,0x00,0x00,0x0E,0x00,0x00,0x0E,0x00,0x00,0x0E,0x00,0x00,0x0E,
//0x00,0x00,0x0E,0x00,0x00,0x0E,0x00,0x00,0x0E,0x00,0x00,0x0E,0x00,0x00,0x0E,0x00,
//0xF0,0xFF,0x01,0x00,0x00,0x00,0x00,0x00,0x00,0x00,0x00,0x00,0x00,0x00,0x00,0x00,
//0x00,0x00,/*"l",76*/

//0x00,0x00,0x00,0x00,0x00,0x00,0x00,0x00,0x00,0x00,0x00,0x00,0x00,0x00,0x00,0x00,
//0x00,0x00,0x00,0x00,0x00,0x00,0x00,0x00,0x00,0x00,0x00,0x00,0x00,0x00,0x00,0x00,
//0x00,0x00,0x00,0x00,0x00,0x00,0x00,0x00,0x00,0x00,0x18,0x00,0x00,0xDE,0xE7,0x03,
//0x7C,0x3E,0x07,0x3C,0x1E,0x07,0x1C,0x0E,0x07,0x1C,0x0E,0x07,0x1C,0x0E,0x07,0x1C,
//0x0E,0x07,0x1C,0x0E,0x07,0x1C,0x0E,0x07,0x1C,0x0E,0x07,0x1C,0x0E,0x07,0x1C,0x0E,
//0x07,0x1C,0x0E,0x07,0x1C,0x0E,0x07,0x1C,0x0E,0x07,0x1C,0x0E,0x07,0x1C,0x0E,0x07,
//0xFF,0xFF,0x1F,0x00,0x00,0x00,0x00,0x00,0x00,0x00,0x00,0x00,0x00,0x00,0x00,0x00,
//0x00,0x00,/*"m",77*/

//0x00,0x00,0x00,0x00,0x00,0x00,0x00,0x00,0x00,0x00,0x00,0x00,0x00,0x00,0x00,0x00,
//0x00,0x00,0x00,0x00,0x00,0x00,0x00,0x00,0x00,0x00,0x00,0x00,0x00,0x00,0x00,0x00,
//0x00,0x00,0x00,0x00,0x00,0x00,0x00,0x00,0x00,0x00,0x00,0x00,0x00,0x30,0x7E,0x00,
//0xBE,0xE3,0x01,0xF8,0xC0,0x01,0x78,0x80,0x03,0x38,0x80,0x03,0x38,0x80,0x03,0x38,
//0x80,0x03,0x38,0x80,0x03,0x38,0x80,0x03,0x38,0x80,0x03,0x38,0x80,0x03,0x38,0x80,
//0x03,0x38,0x80,0x03,0x38,0x80,0x03,0x38,0x80,0x03,0x38,0x80,0x03,0x38,0x80,0x03,
//0xFE,0xE0,0x0F,0x00,0x00,0x00,0x00,0x00,0x00,0x00,0x00,0x00,0x00,0x00,0x00,0x00,
//0x00,0x00,/*"n",78*/

//0x00,0x00,0x00,0x00,0x00,0x00,0x00,0x00,0x00,0x00,0x00,0x00,0x00,0x00,0x00,0x00,
//0x00,0x00,0x00,0x00,0x00,0x00,0x00,0x00,0x00,0x00,0x00,0x00,0x00,0x00,0x00,0x00,
//0x00,0x00,0x00,0x00,0x00,0x00,0x00,0x00,0x00,0x00,0x00,0x00,0x00,0x80,0x3F,0x00,
//0xC0,0xF1,0x00,0x70,0xC0,0x01,0x70,0x80,0x01,0x38,0x80,0x03,0x38,0x00,0x03,0x1C,
//0x00,0x07,0x1C,0x00,0x07,0x1C,0x00,0x07,0x1C,0x00,0x07,0x1C,0x00,0x07,0x1C,0x00,
//0x07,0x18,0x00,0x03,0x38,0x80,0x03,0x30,0x80,0x01,0x70,0xC0,0x01,0xE0,0xF1,0x00,
//0x80,0x3F,0x00,0x00,0x00,0x00,0x00,0x00,0x00,0x00,0x00,0x00,0x00,0x00,0x00,0x00,
//0x00,0x00,/*"o",79*/

//0x00,0x00,0x00,0x00,0x00,0x00,0x00,0x00,0x00,0x00,0x00,0x00,0x00,0x00,0x00,0x00,
//0x00,0x00,0x00,0x00,0x00,0x00,0x00,0x00,0x00,0x00,0x00,0x00,0x00,0x00,0x00,0x00,
//0x00,0x00,0x00,0x00,0x00,0x00,0x00,0x00,0x00,0x00,0x00,0x00,0x00,0x30,0x3F,0x00,
//0xFE,0xE3,0x00,0xF8,0xC0,0x01,0x78,0x80,0x03,0x38,0x80,0x03,0x38,0x00,0x07,0x38,
//0x00,0x07,0x38,0x00,0x07,0x38,0x00,0x07,0x38,0x00,0x07,0x38,0x00,0x07,0x38,0x00,
//0x07,0x38,0x00,0x07,0x38,0x80,0x03,0x38,0x80,0x03,0x78,0xC0,0x01,0xF8,0xF1,0x00,
//0xB8,0x3F,0x00,0x38,0x00,0x00,0x38,0x00,0x00,0x38,0x00,0x00,0x38,0x00,0x00,0xFE,
//0x01,0x00,/*"p",80*/

//0x00,0x00,0x00,0x00,0x00,0x00,0x00,0x00,0x00,0x00,0x00,0x00,0x00,0x00,0x00,0x00,
//0x00,0x00,0x00,0x00,0x00,0x00,0x00,0x00,0x00,0x00,0x00,0x00,0x00,0x00,0x00,0x00,
//0x00,0x00,0x00,0x00,0x00,0x00,0x00,0x00,0x00,0x00,0x00,0x00,0x00,0x80,0x9F,0x01,
//0xE0,0xB0,0x01,0x70,0xE0,0x01,0x38,0xC0,0x01,0x38,0xC0,0x01,0x1C,0xC0,0x01,0x1C,
//0xC0,0x01,0x1C,0xC0,0x01,0x1C,0xC0,0x01,0x1C,0xC0,0x01,0x1C,0xC0,0x01,0x1C,0xC0,
//0x01,0x1C,0xC0,0x01,0x18,0xC0,0x01,0x38,0xC0,0x01,0x70,0xE0,0x01,0xE0,0xF8,0x01,
//0xC0,0xDF,0x01,0x00,0xC0,0x01,0x00,0xC0,0x01,0x00,0xC0,0x01,0x00,0xC0,0x01,0x00,
//0xF8,0x07,/*"q",81*/

//0x00,0x00,0x00,0x00,0x00,0x00,0x00,0x00,0x00,0x00,0x00,0x00,0x00,0x00,0x00,0x00,
//0x00,0x00,0x00,0x00,0x00,0x00,0x00,0x00,0x00,0x00,0x00,0x00,0x00,0x00,0x00,0x00,
//0x00,0x00,0x00,0x00,0x00,0x00,0x00,0x00,0x00,0x00,0x00,0x00,0x00,0xC0,0xE1,0x03,
//0xFC,0x39,0x07,0xC0,0x1D,0x07,0xC0,0x0F,0x07,0xC0,0x07,0x00,0xC0,0x03,0x00,0xC0,
//0x01,0x00,0xC0,0x01,0x00,0xC0,0x01,0x00,0xC0,0x01,0x00,0xC0,0x01,0x00,0xC0,0x01,
//0x00,0xC0,0x01,0x00,0xC0,0x01,0x00,0xC0,0x01,0x00,0xC0,0x01,0x00,0xC0,0x01,0x00,
//0xFE,0x3F,0x00,0x00,0x00,0x00,0x00,0x00,0x00,0x00,0x00,0x00,0x00,0x00,0x00,0x00,
//0x00,0x00,/*"r",82*/

//0x00,0x00,0x00,0x00,0x00,0x00,0x00,0x00,0x00,0x00,0x00,0x00,0x00,0x00,0x00,0x00,
//0x00,0x00,0x00,0x00,0x00,0x00,0x00,0x00,0x00,0x00,0x00,0x00,0x00,0x00,0x00,0x00,
//0x00,0x00,0x00,0x00,0x00,0x00,0x00,0x00,0x00,0x00,0x00,0x00,0x00,0x80,0x3F,0x00,
//0xC0,0xE1,0x03,0x60,0xC0,0x03,0x70,0x80,0x03,0x70,0x00,0x03,0x70,0x00,0x00,0xF0,
//0x00,0x00,0xE0,0x07,0x00,0x80,0x3F,0x00,0x00,0xFE,0x00,0x00,0xF0,0x01,0x00,0xC0,
//0x03,0x18,0x80,0x03,0x18,0x80,0x03,0x38,0x80,0x03,0x78,0x80,0x01,0xF8,0xE0,0x01,
//0x98,0x7F,0x00,0x00,0x00,0x00,0x00,0x00,0x00,0x00,0x00,0x00,0x00,0x00,0x00,0x00,
//0x00,0x00,/*"s",83*/

//0x00,0x00,0x00,0x00,0x00,0x00,0x00,0x00,0x00,0x00,0x00,0x00,0x00,0x00,0x00,0x00,
//0x00,0x00,0x00,0x00,0x00,0x00,0x00,0x00,0x00,0x00,0x00,0x00,0x03,0x00,0x00,0x03,
//0x00,0x00,0x03,0x00,0x80,0x03,0x00,0x80,0x03,0x00,0xC0,0x03,0x00,0xFC,0xFF,0x01,
//0x80,0x03,0x00,0x80,0x03,0x00,0x80,0x03,0x00,0x80,0x03,0x00,0x80,0x03,0x00,0x80,
//0x03,0x00,0x80,0x03,0x00,0x80,0x03,0x00,0x80,0x03,0x00,0x80,0x03,0x00,0x80,0x03,
//0x00,0x80,0x03,0x00,0x80,0x03,0x03,0x80,0x03,0x03,0x00,0x83,0x01,0x00,0xC7,0x00,
//0x00,0x7E,0x00,0x00,0x00,0x00,0x00,0x00,0x00,0x00,0x00,0x00,0x00,0x00,0x00,0x00,
//0x00,0x00,/*"t",84*/

//0x00,0x00,0x00,0x00,0x00,0x00,0x00,0x00,0x00,0x00,0x00,0x00,0x00,0x00,0x00,0x00,
//0x00,0x00,0x00,0x00,0x00,0x00,0x00,0x00,0x00,0x00,0x00,0x00,0x00,0x00,0x00,0x00,
//0x00,0x00,0x00,0x00,0x00,0x00,0x00,0x00,0x00,0x00,0x30,0x80,0x01,0x3E,0xF0,0x01,
//0x38,0xC0,0x01,0x38,0xC0,0x01,0x38,0xC0,0x01,0x38,0xC0,0x01,0x38,0xC0,0x01,0x38,
//0xC0,0x01,0x38,0xC0,0x01,0x38,0xC0,0x01,0x38,0xC0,0x01,0x38,0xC0,0x01,0x38,0xC0,
//0x01,0x38,0xC0,0x01,0x38,0xC0,0x01,0x38,0xE0,0x01,0x70,0xE0,0x01,0xF0,0xF8,0x07,
//0xC0,0xCF,0x00,0x00,0x00,0x00,0x00,0x00,0x00,0x00,0x00,0x00,0x00,0x00,0x00,0x00,
//0x00,0x00,/*"u",85*/

//0x00,0x00,0x00,0x00,0x00,0x00,0x00,0x00,0x00,0x00,0x00,0x00,0x00,0x00,0x00,0x00,
//0x00,0x00,0x00,0x00,0x00,0x00,0x00,0x00,0x00,0x00,0x00,0x00,0x00,0x00,0x00,0x00,
//0x00,0x00,0x00,0x00,0x00,0x00,0x00,0x00,0x00,0x00,0x00,0x00,0x00,0xFE,0xF1,0x07,
//0x78,0xC0,0x01,0x70,0xC0,0x01,0x70,0xC0,0x00,0xF0,0xE0,0x00,0xE0,0x60,0x00,0xE0,
//0x60,0x00,0xE0,0x71,0x00,0xC0,0x31,0x00,0xC0,0x31,0x00,0xC0,0x3B,0x00,0x80,0x1B,
//0x00,0x80,0x1B,0x00,0x80,0x0F,0x00,0x00,0x0F,0x00,0x00,0x0F,0x00,0x00,0x07,0x00,
//0x00,0x06,0x00,0x00,0x00,0x00,0x00,0x00,0x00,0x00,0x00,0x00,0x00,0x00,0x00,0x00,
//0x00,0x00,/*"v",86*/

//0x00,0x00,0x00,0x00,0x00,0x00,0x00,0x00,0x00,0x00,0x00,0x00,0x00,0x00,0x00,0x00,
//0x00,0x00,0x00,0x00,0x00,0x00,0x00,0x00,0x00,0x00,0x00,0x00,0x00,0x00,0x00,0x00,
//0x00,0x00,0x00,0x00,0x00,0x00,0x00,0x00,0x00,0x00,0x00,0x00,0x00,0xFF,0x9F,0x1F,
//0x1E,0x0E,0x06,0x1C,0x0E,0x06,0x1C,0x0E,0x03,0x3C,0x1E,0x03,0x38,0x1E,0x03,0x38,
//0x9E,0x03,0x38,0x9F,0x01,0x78,0xBF,0x01,0x70,0xBB,0x01,0x70,0xFB,0x01,0xF0,0xF9,
//0x00,0xF0,0xF9,0x00,0xE0,0xF1,0x00,0xE0,0xF1,0x00,0xE0,0x70,0x00,0xE0,0x70,0x00,
//0xC0,0x60,0x00,0x00,0x00,0x00,0x00,0x00,0x00,0x00,0x00,0x00,0x00,0x00,0x00,0x00,
//0x00,0x00,/*"w",87*/

//0x00,0x00,0x00,0x00,0x00,0x00,0x00,0x00,0x00,0x00,0x00,0x00,0x00,0x00,0x00,0x00,
//0x00,0x00,0x00,0x00,0x00,0x00,0x00,0x00,0x00,0x00,0x00,0x00,0x00,0x00,0x00,0x00,
//0x00,0x00,0x00,0x00,0x00,0x00,0x00,0x00,0x00,0x00,0x00,0x00,0x00,0xFC,0xFB,0x03,
//0xF0,0xE0,0x00,0xE0,0x60,0x00,0xE0,0x71,0x00,0xC0,0x33,0x00,0x80,0x1B,0x00,0x80,
//0x1F,0x00,0x00,0x0F,0x00,0x00,0x0F,0x00,0x00,0x1F,0x00,0x00,0x1F,0x00,0x80,0x3D,
//0x00,0xC0,0x39,0x00,0xC0,0x70,0x00,0x60,0xF0,0x00,0x70,0xE0,0x00,0x78,0xE0,0x01,
//0xFE,0xF8,0x07,0x00,0x00,0x00,0x00,0x00,0x00,0x00,0x00,0x00,0x00,0x00,0x00,0x00,
//0x00,0x00,/*"x",88*/

//0x00,0x00,0x00,0x00,0x00,0x00,0x00,0x00,0x00,0x00,0x00,0x00,0x00,0x00,0x00,0x00,
//0x00,0x00,0x00,0x00,0x00,0x00,0x00,0x00,0x00,0x00,0x00,0x00,0x00,0x00,0x00,0x00,
//0x00,0x00,0x00,0x00,0x00,0x00,0x00,0x00,0x00,0x00,0x00,0x00,0x00,0xFC,0xF3,0x0F,
//0xF0,0xC0,0x03,0xE0,0x80,0x01,0xE0,0xC0,0x01,0xE0,0xC1,0x00,0xC0,0xE1,0x00,0xC0,
//0xE1,0x00,0x80,0x63,0x00,0x80,0x73,0x00,0x80,0x33,0x00,0x00,0x37,0x00,0x00,0x3F,
//0x00,0x00,0x1E,0x00,0x00,0x1E,0x00,0x00,0x1E,0x00,0x00,0x0C,0x00,0x00,0x0C,0x00,
//0x00,0x0E,0x00,0x00,0x06,0x00,0x00,0x06,0x00,0x78,0x03,0x00,0xF8,0x03,0x00,0xF0,
//0x00,0x00,/*"y",89*/

//0x00,0x00,0x00,0x00,0x00,0x00,0x00,0x00,0x00,0x00,0x00,0x00,0x00,0x00,0x00,0x00,
//0x00,0x00,0x00,0x00,0x00,0x00,0x00,0x00,0x00,0x00,0x00,0x00,0x00,0x00,0x00,0x00,
//0x00,0x00,0x00,0x00,0x00,0x00,0x00,0x00,0x00,0x00,0x00,0x00,0x00,0xF0,0xFF,0x01,
//0x78,0xE0,0x01,0x38,0xF0,0x00,0x38,0x70,0x00,0x18,0x78,0x00,0x18,0x3C,0x00,0x00,
//0x1C,0x00,0x00,0x1E,0x00,0x00,0x0F,0x00,0x00,0x0F,0x00,0x80,0x07,0x00,0x80,0x03,
//0x00,0xC0,0x03,0x03,0xE0,0x01,0x03,0xE0,0x80,0x03,0xF0,0x80,0x01,0x78,0xC0,0x01,
//0xF8,0xFF,0x01,0x00,0x00,0x00,0x00,0x00,0x00,0x00,0x00,0x00,0x00,0x00,0x00,0x00,
//0x00,0x00,/*"z",90*/

//0x00,0x00,0x00,0x00,0xC0,0x03,0x00,0xE0,0x00,0x00,0x60,0x00,0x00,0x30,0x00,0x00,
//0x30,0x00,0x00,0x30,0x00,0x00,0x30,0x00,0x00,0x30,0x00,0x00,0x30,0x00,0x00,0x30,
//0x00,0x00,0x30,0x00,0x00,0x30,0x00,0x00,0x30,0x00,0x00,0x30,0x00,0x00,0x30,0x00,
//0x00,0x30,0x00,0x00,0x1C,0x00,0x00,0x06,0x00,0x00,0x1C,0x00,0x00,0x18,0x00,0x00,
//0x30,0x00,0x00,0x30,0x00,0x00,0x30,0x00,0x00,0x30,0x00,0x00,0x30,0x00,0x00,0x30,
//0x00,0x00,0x30,0x00,0x00,0x30,0x00,0x00,0x30,0x00,0x00,0x30,0x00,0x00,0x30,0x00,
//0x00,0x30,0x00,0x00,0x60,0x00,0x00,0xE0,0x00,0x00,0xC0,0x03,0x00,0x00,0x00,0x00,
//0x00,0x00,/*"",91*/

//0x00,0x06,0x00,0x00,0x06,0x00,0x00,0x06,0x00,0x00,0x06,0x00,0x00,0x06,0x00,0x00,
//0x06,0x00,0x00,0x06,0x00,0x00,0x06,0x00,0x00,0x06,0x00,0x00,0x06,0x00,0x00,0x06,
//0x00,0x00,0x06,0x00,0x00,0x06,0x00,0x00,0x06,0x00,0x00,0x06,0x00,0x00,0x06,0x00,
//0x00,0x06,0x00,0x00,0x06,0x00,0x00,0x06,0x00,0x00,0x06,0x00,0x00,0x06,0x00,0x00,
//0x06,0x00,0x00,0x06,0x00,0x00,0x06,0x00,0x00,0x06,0x00,0x00,0x06,0x00,0x00,0x06,
//0x00,0x00,0x06,0x00,0x00,0x06,0x00,0x00,0x06,0x00,0x00,0x06,0x00,0x00,0x06,0x00,
//0x00,0x06,0x00,0x00,0x06,0x00,0x00,0x06,0x00,0x00,0x06,0x00,0x00,0x06,0x00,0x00,
//0x06,0x00,/*"|",92*/

//0x00,0x00,0x00,0x78,0x00,0x00,0xE0,0x00,0x00,0xC0,0x00,0x00,0x80,0x01,0x00,0x80,
//0x01,0x00,0x80,0x01,0x00,0x80,0x01,0x00,0x80,0x01,0x00,0x80,0x01,0x00,0x80,0x01,
//0x00,0x80,0x01,0x00,0x80,0x01,0x00,0x80,0x01,0x00,0x80,0x01,0x00,0x80,0x01,0x00,
//0x80,0x03,0x00,0x00,0x07,0x00,0x00,0x0C,0x00,0x00,0x07,0x00,0x80,0x03,0x00,0x80,
//0x01,0x00,0x80,0x01,0x00,0x80,0x01,0x00,0x80,0x01,0x00,0x80,0x01,0x00,0x80,0x01,
//0x00,0x80,0x01,0x00,0x80,0x01,0x00,0x80,0x01,0x00,0x80,0x01,0x00,0x80,0x01,0x00,
//0x80,0x01,0x00,0xC0,0x00,0x00,0xE0,0x00,0x00,0x78,0x00,0x00,0x00,0x00,0x00,0x00,
//0x00,0x00,/*"",93*/

//0xB8,0x07,0x00,0x18,0x0F,0x0C,0x0C,0x1E,0x0C,0x0C,0x3C,0x06,0x00,0x78,0x03,0x00,
//0xE0,0x01,0x00,0x00,0x00,0x00,0x00,0x00,0x00,0x00,0x00,0x00,0x00,0x00,0x00,0x00,
//0x00,0x00,0x00,0x00,0x00,0x00,0x00,0x00,0x00,0x00,0x00,0x00,0x00,0x00,0x00,0x00,
//0x00,0x00,0x00,0x00,0x00,0x00,0x00,0x00,0x00,0x00,0x00,0x00,0x00,0x00,0x00,0x00,
//0x00,0x00,0x00,0x00,0x00,0x00,0x00,0x00,0x00,0x00,0x00,0x00,0x00,0x00,0x00,0x00,
//0x00,0x00,0x00,0x00,0x00,0x00,0x00,0x00,0x00,0x00,0x00,0x00,0x00,0x00,0x00,0x00,
//0x00,0x00,0x00,0x00,0x00,0x00,0x00,0x00,0x00,0x00,0x00,0x00,0x00,0x00,0x00,0x00,
//0x00,0x00,/*"~",94*/

0x00,0x00,0x00,0x00,0x00,0x00,0x00,0x00,0x00,0x00,0x00,0x00,0x00,0x00,0x00,0x00,
0x00,0x00,0x00,0x00,0x00,0x00,0x00,0x00,0x00,0x00,0x00,0x00,0x00,0x00,0x00,0x00,
0x00,0x00,0x00,0x00,0x00,0x00,0x00,0x00,0x00,0x00,0x00,0x00,0x00,0x00,0x00,0x00,
0x00,0x00,0x00,0x00,0x00,0x00,0x00,0x00,0x00,0x00,0x00,0x00,0x00,0x00,0x00,0x00,
0x00,0x00,0x00,0x00,0x00,0x00,0x00,0x00,0x00,0x00,0x00,0x00,0x00,0x00,0x00,0x00,
0x00,0x00,0x00,0x00,0x00,0x00,0x00,0x00,0x00,0x00,0x00,0x00,0x00,0x00,0x00,0x00,
0x00,0x00,0x00,0x00,0x00,0x00,0x00,0x00,0x00,0x00,0x00,0x00,0x00,0x00,0x00,0x00,
0x00,0x00,0x00,0x00,0x00,0x00,0x00,0x00,0x00,0x00,0x00,0x00,0x00,0x00,0x00,0x00,
0x00,0x00,0x00,0x00,0x00,0x00,0x00,0x00,0x00,0x00,0x00,0x00,0x00,0x00,0x00,0x00,
0x00,0x00,0x00,0x00,0x00,0x00,0x00,0x00,0x00,0x00,0x00,0x00,0x00,0x00,0x00,0x00,
0x00,0x00,0x00,0x00,0x00,0x00,0x00,0x00,0x00,0x00,0x00,0x00,0x00,0x00,0x00,0x00,
0x00,0x00,0x00,0x00,0x00,0x00,0x00,0x00,0x00,0x00,0x00,0x00,0x00,0x00,0x00,0x00,/*" ",0*/

0x00,0x00,0x00,0x00,0x00,0x00,0x00,0x00,0x00,0x00,0x00,0x00,0x00,0x00,0x00,0x00,
0x00,0x00,0x00,0x00,0x00,0x00,0x00,0x00,0x00,0x00,0x00,0x00,0x00,0x70,0x00,0x00,
0x00,0x78,0x00,0x00,0x00,0x78,0x00,0x00,0x00,0x78,0x00,0x00,0x00,0x78,0x00,0x00,
0x00,0x78,0x00,0x00,0x00,0x78,0x00,0x00,0x00,0x78,0x00,0x00,0x00,0x78,0x00,0x00,
0x00,0x78,0x00,0x00,0x00,0x78,0x00,0x00,0x00,0x70,0x00,0x00,0x00,0x30,0x00,0x00,
0x00,0x30,0x00,0x00,0x00,0x30,0x00,0x00,0x00,0x30,0x00,0x00,0x00,0x30,0x00,0x00,
0x00,0x30,0x00,0x00,0x00,0x30,0x00,0x00,0x00,0x30,0x00,0x00,0x00,0x30,0x00,0x00,
0x00,0x30,0x00,0x00,0x00,0x30,0x00,0x00,0x00,0x30,0x00,0x00,0x00,0x00,0x00,0x00,
0x00,0x00,0x00,0x00,0x00,0x00,0x00,0x00,0x00,0x00,0x00,0x00,0x00,0x00,0x00,0x00,
0x00,0x00,0x00,0x00,0x00,0x78,0x00,0x00,0x00,0xFC,0x00,0x00,0x00,0xFC,0x00,0x00,
0x00,0xFC,0x00,0x00,0x00,0x78,0x00,0x00,0x00,0x00,0x00,0x00,0x00,0x00,0x00,0x00,
0x00,0x00,0x00,0x00,0x00,0x00,0x00,0x00,0x00,0x00,0x00,0x00,0x00,0x00,0x00,0x00,/*"!",1*/

0x00,0x00,0x00,0x00,0x00,0x00,0x00,0x00,0x00,0x38,0x38,0x00,0x00,0x7C,0x7C,0x00,
0x00,0x7E,0x7E,0x00,0x00,0x7E,0x7E,0x00,0x00,0x3F,0x3F,0x00,0x80,0x8F,0x0F,0x00,
0x80,0x87,0x07,0x00,0xC0,0xC3,0x03,0x00,0xC0,0xC1,0x01,0x00,0xE0,0xE0,0x00,0x00,
0x70,0x70,0x00,0x00,0x30,0x30,0x00,0x00,0x00,0x00,0x00,0x00,0x00,0x00,0x00,0x00,
0x00,0x00,0x00,0x00,0x00,0x00,0x00,0x00,0x00,0x00,0x00,0x00,0x00,0x00,0x00,0x00,
0x00,0x00,0x00,0x00,0x00,0x00,0x00,0x00,0x00,0x00,0x00,0x00,0x00,0x00,0x00,0x00,
0x00,0x00,0x00,0x00,0x00,0x00,0x00,0x00,0x00,0x00,0x00,0x00,0x00,0x00,0x00,0x00,
0x00,0x00,0x00,0x00,0x00,0x00,0x00,0x00,0x00,0x00,0x00,0x00,0x00,0x00,0x00,0x00,
0x00,0x00,0x00,0x00,0x00,0x00,0x00,0x00,0x00,0x00,0x00,0x00,0x00,0x00,0x00,0x00,
0x00,0x00,0x00,0x00,0x00,0x00,0x00,0x00,0x00,0x00,0x00,0x00,0x00,0x00,0x00,0x00,
0x00,0x00,0x00,0x00,0x00,0x00,0x00,0x00,0x00,0x00,0x00,0x00,0x00,0x00,0x00,0x00,
0x00,0x00,0x00,0x00,0x00,0x00,0x00,0x00,0x00,0x00,0x00,0x00,0x00,0x00,0x00,0x00,/*""",2*/

0x00,0x00,0x00,0x00,0x00,0x00,0x00,0x00,0x00,0x00,0x00,0x00,0x00,0x00,0x00,0x00,
0x00,0x00,0x00,0x00,0x00,0x00,0x00,0x00,0x00,0x00,0x00,0x00,0x00,0x07,0x1C,0x00,
0x00,0x07,0x1C,0x00,0x00,0x07,0x1C,0x00,0x00,0x03,0x1C,0x00,0x00,0x03,0x0C,0x00,
0x00,0x03,0x0C,0x00,0x80,0x03,0x0C,0x00,0x80,0x03,0x0C,0x00,0xFC,0xFF,0xFF,0x00,
0xFC,0xFF,0xFF,0x00,0xFC,0xFF,0xFF,0x00,0xFC,0xFF,0xFF,0x00,0x80,0x03,0x0E,0x00,
0x80,0x03,0x0E,0x00,0x80,0x03,0x0E,0x00,0x80,0x01,0x0E,0x00,0x80,0x01,0x0E,0x00,
0xC0,0x01,0x0E,0x00,0xC0,0x01,0x0E,0x00,0xC0,0x01,0x0E,0x00,0xC0,0x01,0x06,0x00,
0xC0,0x01,0x06,0x00,0xFC,0xFF,0xFF,0x00,0xFC,0xFF,0xFF,0x00,0xFC,0xFF,0xFF,0x00,
0xFC,0xFF,0xFF,0x00,0xC0,0x00,0x07,0x00,0xC0,0x00,0x07,0x00,0xE0,0x00,0x07,0x00,
0xE0,0x00,0x07,0x00,0xE0,0x00,0x07,0x00,0xE0,0x00,0x07,0x00,0xE0,0x00,0x07,0x00,
0xE0,0x00,0x07,0x00,0xE0,0x00,0x07,0x00,0x00,0x00,0x00,0x00,0x00,0x00,0x00,0x00,
0x00,0x00,0x00,0x00,0x00,0x00,0x00,0x00,0x00,0x00,0x00,0x00,0x00,0x00,0x00,0x00,/*"#",3*/

0x00,0x00,0x00,0x00,0x00,0x00,0x00,0x00,0x00,0x00,0x00,0x00,0x00,0x00,0x00,0x00,
0x00,0x70,0x00,0x00,0x00,0x70,0x00,0x00,0x00,0x70,0x00,0x00,0x00,0x70,0x00,0x00,
0x00,0xFC,0x03,0x00,0x00,0x77,0x0F,0x00,0x80,0x73,0x1E,0x00,0xC0,0x71,0x1C,0x00,
0xE0,0x70,0x3C,0x00,0xF0,0x70,0x3C,0x00,0xF0,0x70,0x3E,0x00,0xF0,0x70,0x3E,0x00,
0xF0,0x70,0x1E,0x00,0xF0,0x71,0x00,0x00,0xE0,0x73,0x00,0x00,0xE0,0x77,0x00,0x00,
0xC0,0x7F,0x00,0x00,0x80,0x7F,0x00,0x00,0x00,0x7F,0x00,0x00,0x00,0xFE,0x00,0x00,
0x00,0xFC,0x01,0x00,0x00,0xF0,0x03,0x00,0x00,0xF0,0x07,0x00,0x00,0xF0,0x0F,0x00,
0x00,0x70,0x1F,0x00,0x00,0x70,0x1F,0x00,0x00,0x70,0x3E,0x00,0x00,0x70,0x3E,0x00,
0xF0,0x70,0x3C,0x00,0xF8,0x70,0x3C,0x00,0xF8,0x70,0x3C,0x00,0xF8,0x70,0x3C,0x00,
0x78,0x70,0x3C,0x00,0x70,0x70,0x1C,0x00,0x70,0x70,0x1E,0x00,0xE0,0x70,0x0E,0x00,
0xC0,0xF3,0x07,0x00,0x00,0xFE,0x01,0x00,0x00,0x70,0x00,0x00,0x00,0x70,0x00,0x00,
0x00,0x70,0x00,0x00,0x00,0x70,0x00,0x00,0x00,0x70,0x00,0x00,0x00,0x00,0x00,0x00,/*"$",4*/

0x00,0x00,0x00,0x00,0x00,0x00,0x00,0x00,0x00,0x00,0x00,0x00,0x00,0x00,0x00,0x00,
0x00,0x00,0x00,0x00,0x00,0x00,0x00,0x00,0x00,0x00,0x00,0x00,0xE0,0x03,0x1C,0x00,
0x38,0x07,0x1C,0x00,0x38,0x07,0x0C,0x00,0x1C,0x0E,0x0E,0x00,0x1C,0x0E,0x06,0x00,
0x1E,0x1E,0x07,0x00,0x1E,0x1E,0x07,0x00,0x1E,0x1E,0x03,0x00,0x1E,0x9E,0x03,0x00,
0x1E,0x9E,0x01,0x00,0x1E,0xDE,0x01,0x00,0x1E,0xDE,0x01,0x00,0x1E,0xDE,0x00,0x00,
0x1C,0xEE,0x00,0x00,0x1C,0x6E,0x00,0x00,0x3C,0x6F,0x00,0x00,0x78,0x77,0x00,0x00,
0xF0,0x33,0x1E,0x00,0x00,0xB8,0x77,0x00,0x00,0x98,0x73,0x00,0x00,0xD8,0xE3,0x00,
0x00,0xDC,0xE1,0x00,0x00,0xEC,0xE1,0x01,0x00,0xEE,0xE1,0x01,0x00,0xE6,0xE1,0x01,
0x00,0xE6,0xE1,0x01,0x00,0xE7,0xE1,0x01,0x00,0xE3,0xE1,0x01,0x80,0xE3,0xE1,0x01,
0x80,0xE1,0xE1,0x01,0x80,0xC1,0xE1,0x00,0xC0,0xC1,0xE1,0x00,0xC0,0x80,0xF3,0x00,
0xE0,0x80,0x73,0x00,0x60,0x00,0x3E,0x00,0x00,0x00,0x00,0x00,0x00,0x00,0x00,0x00,
0x00,0x00,0x00,0x00,0x00,0x00,0x00,0x00,0x00,0x00,0x00,0x00,0x00,0x00,0x00,0x00,/*"%",5*/

0x00,0x00,0x00,0x00,0x00,0x00,0x00,0x00,0x00,0x00,0x00,0x00,0x00,0x00,0x00,0x00,
0x00,0x00,0x00,0x00,0x00,0x00,0x00,0x00,0x00,0x00,0x00,0x00,0x00,0x3F,0x00,0x00,
0x80,0x7B,0x00,0x00,0xC0,0x73,0x00,0x00,0xC0,0xF1,0x00,0x00,0xE0,0xF1,0x00,0x00,
0xE0,0xF1,0x00,0x00,0xE0,0xF1,0x00,0x00,0xE0,0xF1,0x00,0x00,0xE0,0xF1,0x00,0x00,
0xE0,0xF1,0x00,0x00,0xE0,0x71,0x00,0x00,0xE0,0x7B,0x00,0x00,0xE0,0x3B,0x00,0x00,
0xC0,0x3F,0x00,0x00,0xC0,0x0F,0x00,0x00,0xC0,0x07,0x00,0x00,0xC0,0xC7,0x7F,0x00,
0xE0,0x07,0x1E,0x00,0xF0,0x0F,0x0E,0x00,0x38,0x0F,0x0E,0x00,0x3C,0x1F,0x0E,0x00,
0x1C,0x1F,0x0E,0x00,0x1C,0x1E,0x06,0x00,0x1E,0x3E,0x06,0x00,0x1E,0x3C,0x06,0x00,
0x1E,0x7C,0x07,0x00,0x1E,0xF8,0x03,0x00,0x1E,0xF8,0x03,0x00,0x1E,0xF0,0x03,0x00,
0x3C,0xE0,0x03,0x00,0x3C,0xE0,0x83,0x01,0x78,0xE0,0xC7,0x01,0xF8,0xF0,0xCF,0x00,
0xF0,0x3F,0xFF,0x00,0xC0,0x0F,0x3C,0x00,0x00,0x00,0x00,0x00,0x00,0x00,0x00,0x00,
0x00,0x00,0x00,0x00,0x00,0x00,0x00,0x00,0x00,0x00,0x00,0x00,0x00,0x00,0x00,0x00,/*"&",6*/

0x00,0x00,0x00,0x00,0x00,0x00,0x00,0x00,0xE0,0x01,0x00,0x00,0xF0,0x03,0x00,0x00,
0xF0,0x07,0x00,0x00,0xF0,0x07,0x00,0x00,0xE0,0x07,0x00,0x00,0xC0,0x07,0x00,0x00,
0x80,0x07,0x00,0x00,0x80,0x03,0x00,0x00,0x80,0x03,0x00,0x00,0xC0,0x01,0x00,0x00,
0xE0,0x01,0x00,0x00,0x70,0x00,0x00,0x00,0x38,0x00,0x00,0x00,0x00,0x00,0x00,0x00,
0x00,0x00,0x00,0x00,0x00,0x00,0x00,0x00,0x00,0x00,0x00,0x00,0x00,0x00,0x00,0x00,
0x00,0x00,0x00,0x00,0x00,0x00,0x00,0x00,0x00,0x00,0x00,0x00,0x00,0x00,0x00,0x00,
0x00,0x00,0x00,0x00,0x00,0x00,0x00,0x00,0x00,0x00,0x00,0x00,0x00,0x00,0x00,0x00,
0x00,0x00,0x00,0x00,0x00,0x00,0x00,0x00,0x00,0x00,0x00,0x00,0x00,0x00,0x00,0x00,
0x00,0x00,0x00,0x00,0x00,0x00,0x00,0x00,0x00,0x00,0x00,0x00,0x00,0x00,0x00,0x00,
0x00,0x00,0x00,0x00,0x00,0x00,0x00,0x00,0x00,0x00,0x00,0x00,0x00,0x00,0x00,0x00,
0x00,0x00,0x00,0x00,0x00,0x00,0x00,0x00,0x00,0x00,0x00,0x00,0x00,0x00,0x00,0x00,
0x00,0x00,0x00,0x00,0x00,0x00,0x00,0x00,0x00,0x00,0x00,0x00,0x00,0x00,0x00,0x00,/*"'",7*/

0x00,0x00,0x00,0x00,0x00,0x00,0x00,0x00,0x00,0x00,0xE0,0x00,0x00,0x00,0x70,0x00,
0x00,0x00,0x78,0x00,0x00,0x00,0x38,0x00,0x00,0x00,0x1C,0x00,0x00,0x00,0x0E,0x00,
0x00,0x00,0x0F,0x00,0x00,0x00,0x07,0x00,0x00,0x80,0x03,0x00,0x00,0xC0,0x03,0x00,
0x00,0xC0,0x01,0x00,0x00,0xE0,0x01,0x00,0x00,0xE0,0x01,0x00,0x00,0xF0,0x00,0x00,
0x00,0xF0,0x00,0x00,0x00,0xF0,0x00,0x00,0x00,0xF0,0x00,0x00,0x00,0x78,0x00,0x00,
0x00,0x78,0x00,0x00,0x00,0x78,0x00,0x00,0x00,0x78,0x00,0x00,0x00,0x78,0x00,0x00,
0x00,0x78,0x00,0x00,0x00,0x78,0x00,0x00,0x00,0x78,0x00,0x00,0x00,0x78,0x00,0x00,
0x00,0x78,0x00,0x00,0x00,0xF0,0x00,0x00,0x00,0xF0,0x00,0x00,0x00,0xF0,0x00,0x00,
0x00,0xF0,0x00,0x00,0x00,0xE0,0x01,0x00,0x00,0xE0,0x01,0x00,0x00,0xC0,0x01,0x00,
0x00,0xC0,0x03,0x00,0x00,0x80,0x03,0x00,0x00,0x80,0x07,0x00,0x00,0x00,0x0F,0x00,
0x00,0x00,0x0E,0x00,0x00,0x00,0x1C,0x00,0x00,0x00,0x3C,0x00,0x00,0x00,0x78,0x00,
0x00,0x00,0xF0,0x00,0x00,0x00,0xE0,0x00,0x00,0x00,0x00,0x00,0x00,0x00,0x00,0x00,/*"(",8*/

0x00,0x00,0x00,0x00,0x00,0x00,0x00,0x00,0x1C,0x00,0x00,0x00,0x38,0x00,0x00,0x00,
0x78,0x00,0x00,0x00,0x70,0x00,0x00,0x00,0xE0,0x00,0x00,0x00,0xC0,0x01,0x00,0x00,
0xC0,0x03,0x00,0x00,0x80,0x07,0x00,0x00,0x00,0x07,0x00,0x00,0x00,0x0F,0x00,0x00,
0x00,0x0E,0x00,0x00,0x00,0x1E,0x00,0x00,0x00,0x1E,0x00,0x00,0x00,0x3C,0x00,0x00,
0x00,0x3C,0x00,0x00,0x00,0x3C,0x00,0x00,0x00,0x3C,0x00,0x00,0x00,0x78,0x00,0x00,
0x00,0x78,0x00,0x00,0x00,0x78,0x00,0x00,0x00,0x78,0x00,0x00,0x00,0x78,0x00,0x00,
0x00,0x78,0x00,0x00,0x00,0x78,0x00,0x00,0x00,0x78,0x00,0x00,0x00,0x78,0x00,0x00,
0x00,0x78,0x00,0x00,0x00,0x3C,0x00,0x00,0x00,0x3C,0x00,0x00,0x00,0x3C,0x00,0x00,
0x00,0x3C,0x00,0x00,0x00,0x1E,0x00,0x00,0x00,0x1E,0x00,0x00,0x00,0x0E,0x00,0x00,
0x00,0x0F,0x00,0x00,0x00,0x07,0x00,0x00,0x80,0x07,0x00,0x00,0xC0,0x03,0x00,0x00,
0xC0,0x01,0x00,0x00,0xE0,0x00,0x00,0x00,0xF0,0x00,0x00,0x00,0x78,0x00,0x00,0x00,
0x3C,0x00,0x00,0x00,0x1C,0x00,0x00,0x00,0x00,0x00,0x00,0x00,0x00,0x00,0x00,0x00,/*")",9*/

0x00,0x00,0x00,0x00,0x00,0x00,0x00,0x00,0x00,0x00,0x00,0x00,0x00,0x00,0x00,0x00,
0x00,0x00,0x00,0x00,0x00,0x00,0x00,0x00,0x00,0x00,0x00,0x00,0x00,0x00,0x00,0x00,
0x00,0x00,0x00,0x00,0x00,0x00,0x00,0x00,0x00,0x00,0x00,0x00,0x00,0x78,0x00,0x00,
0x00,0x78,0x00,0x00,0x00,0x78,0x00,0x00,0x00,0x78,0x00,0x00,0x00,0x78,0x00,0x00,
0x38,0x78,0x70,0x00,0xFC,0x78,0xFC,0x00,0xFC,0x71,0xFE,0x00,0xF8,0x33,0x7F,0x00,
0xE0,0xB7,0x3F,0x00,0x80,0xFF,0x07,0x00,0x00,0xFE,0x01,0x00,0x00,0x30,0x00,0x00,
0x00,0xFE,0x01,0x00,0x80,0xFF,0x07,0x00,0xF0,0xB7,0x3F,0x00,0xF8,0x33,0x7F,0x00,
0xFC,0x39,0xFE,0x00,0xFC,0x78,0xFC,0x00,0x3C,0x78,0xF0,0x00,0x00,0x78,0x00,0x00,
0x00,0x78,0x00,0x00,0x00,0x78,0x00,0x00,0x00,0x78,0x00,0x00,0x00,0x78,0x00,0x00,
0x00,0x00,0x00,0x00,0x00,0x00,0x00,0x00,0x00,0x00,0x00,0x00,0x00,0x00,0x00,0x00,
0x00,0x00,0x00,0x00,0x00,0x00,0x00,0x00,0x00,0x00,0x00,0x00,0x00,0x00,0x00,0x00,
0x00,0x00,0x00,0x00,0x00,0x00,0x00,0x00,0x00,0x00,0x00,0x00,0x00,0x00,0x00,0x00,/*"*",10*/

0x00,0x00,0x00,0x00,0x00,0x00,0x00,0x00,0x00,0x00,0x00,0x00,0x00,0x00,0x00,0x00,
0x00,0x00,0x00,0x00,0x00,0x00,0x00,0x00,0x00,0x00,0x00,0x00,0x00,0x00,0x00,0x00,
0x00,0x00,0x00,0x00,0x00,0x00,0x00,0x00,0x00,0x00,0x00,0x00,0x00,0x00,0x00,0x00,
0x00,0x70,0x00,0x00,0x00,0x70,0x00,0x00,0x00,0x70,0x00,0x00,0x00,0x70,0x00,0x00,
0x00,0x70,0x00,0x00,0x00,0x70,0x00,0x00,0x00,0x70,0x00,0x00,0x00,0x70,0x00,0x00,
0x00,0x70,0x00,0x00,0x00,0x70,0x00,0x00,0x00,0x70,0x00,0x00,0xFC,0xFF,0xFF,0x01,
0xFC,0xFF,0xFF,0x01,0x00,0x70,0x00,0x00,0x00,0x70,0x00,0x00,0x00,0x70,0x00,0x00,
0x00,0x70,0x00,0x00,0x00,0x70,0x00,0x00,0x00,0x70,0x00,0x00,0x00,0x70,0x00,0x00,
0x00,0x70,0x00,0x00,0x00,0x70,0x00,0x00,0x00,0x70,0x00,0x00,0x00,0x70,0x00,0x00,
0x00,0x00,0x00,0x00,0x00,0x00,0x00,0x00,0x00,0x00,0x00,0x00,0x00,0x00,0x00,0x00,
0x00,0x00,0x00,0x00,0x00,0x00,0x00,0x00,0x00,0x00,0x00,0x00,0x00,0x00,0x00,0x00,
0x00,0x00,0x00,0x00,0x00,0x00,0x00,0x00,0x00,0x00,0x00,0x00,0x00,0x00,0x00,0x00,/*"+",11*/

0x00,0x00,0x00,0x00,0x00,0x00,0x00,0x00,0x00,0x00,0x00,0x00,0x00,0x00,0x00,0x00,
0x00,0x00,0x00,0x00,0x00,0x00,0x00,0x00,0x00,0x00,0x00,0x00,0x00,0x00,0x00,0x00,
0x00,0x00,0x00,0x00,0x00,0x00,0x00,0x00,0x00,0x00,0x00,0x00,0x00,0x00,0x00,0x00,
0x00,0x00,0x00,0x00,0x00,0x00,0x00,0x00,0x00,0x00,0x00,0x00,0x00,0x00,0x00,0x00,
0x00,0x00,0x00,0x00,0x00,0x00,0x00,0x00,0x00,0x00,0x00,0x00,0x00,0x00,0x00,0x00,
0x00,0x00,0x00,0x00,0x00,0x00,0x00,0x00,0x00,0x00,0x00,0x00,0x00,0x00,0x00,0x00,
0x00,0x00,0x00,0x00,0x00,0x00,0x00,0x00,0x00,0x00,0x00,0x00,0x00,0x00,0x00,0x00,
0x00,0x00,0x00,0x00,0x00,0x00,0x00,0x00,0x00,0x00,0x00,0x00,0x00,0x00,0x00,0x00,
0x00,0x00,0x00,0x00,0x00,0x00,0x00,0x00,0x00,0x00,0x00,0x00,0xE0,0x01,0x00,0x00,
0xF0,0x03,0x00,0x00,0xF0,0x07,0x00,0x00,0xF0,0x07,0x00,0x00,0xE0,0x07,0x00,0x00,
0xC0,0x07,0x00,0x00,0x80,0x07,0x00,0x00,0x80,0x03,0x00,0x00,0x80,0x03,0x00,0x00,
0xC0,0x01,0x00,0x00,0xE0,0x01,0x00,0x00,0x70,0x00,0x00,0x00,0x38,0x00,0x00,0x00,/*",",12*/

0x00,0x00,0x00,0x00,0x00,0x00,0x00,0x00,0x00,0x00,0x00,0x00,0x00,0x00,0x00,0x00,
0x00,0x00,0x00,0x00,0x00,0x00,0x00,0x00,0x00,0x00,0x00,0x00,0x00,0x00,0x00,0x00,
0x00,0x00,0x00,0x00,0x00,0x00,0x00,0x00,0x00,0x00,0x00,0x00,0x00,0x00,0x00,0x00,
0x00,0x00,0x00,0x00,0x00,0x00,0x00,0x00,0x00,0x00,0x00,0x00,0x00,0x00,0x00,0x00,
0x00,0x00,0x00,0x00,0x00,0x00,0x00,0x00,0x00,0x00,0x00,0x00,0x00,0x00,0x00,0x00,
0x00,0x00,0x00,0x00,0x00,0x00,0x00,0x00,0x00,0x00,0x00,0x00,0xFC,0xFF,0xFF,0x00,
0xFC,0xFF,0xFF,0x00,0x00,0x00,0x00,0x00,0x00,0x00,0x00,0x00,0x00,0x00,0x00,0x00,
0x00,0x00,0x00,0x00,0x00,0x00,0x00,0x00,0x00,0x00,0x00,0x00,0x00,0x00,0x00,0x00,
0x00,0x00,0x00,0x00,0x00,0x00,0x00,0x00,0x00,0x00,0x00,0x00,0x00,0x00,0x00,0x00,
0x00,0x00,0x00,0x00,0x00,0x00,0x00,0x00,0x00,0x00,0x00,0x00,0x00,0x00,0x00,0x00,
0x00,0x00,0x00,0x00,0x00,0x00,0x00,0x00,0x00,0x00,0x00,0x00,0x00,0x00,0x00,0x00,
0x00,0x00,0x00,0x00,0x00,0x00,0x00,0x00,0x00,0x00,0x00,0x00,0x00,0x00,0x00,0x00,/*"-",13*/

0x00,0x00,0x00,0x00,0x00,0x00,0x00,0x00,0x00,0x00,0x00,0x00,0x00,0x00,0x00,0x00,
0x00,0x00,0x00,0x00,0x00,0x00,0x00,0x00,0x00,0x00,0x00,0x00,0x00,0x00,0x00,0x00,
0x00,0x00,0x00,0x00,0x00,0x00,0x00,0x00,0x00,0x00,0x00,0x00,0x00,0x00,0x00,0x00,
0x00,0x00,0x00,0x00,0x00,0x00,0x00,0x00,0x00,0x00,0x00,0x00,0x00,0x00,0x00,0x00,
0x00,0x00,0x00,0x00,0x00,0x00,0x00,0x00,0x00,0x00,0x00,0x00,0x00,0x00,0x00,0x00,
0x00,0x00,0x00,0x00,0x00,0x00,0x00,0x00,0x00,0x00,0x00,0x00,0x00,0x00,0x00,0x00,
0x00,0x00,0x00,0x00,0x00,0x00,0x00,0x00,0x00,0x00,0x00,0x00,0x00,0x00,0x00,0x00,
0x00,0x00,0x00,0x00,0x00,0x00,0x00,0x00,0x00,0x00,0x00,0x00,0x00,0x00,0x00,0x00,
0x00,0x00,0x00,0x00,0x00,0x00,0x00,0x00,0x00,0x00,0x00,0x00,0x00,0x00,0x00,0x00,
0xF0,0x01,0x00,0x00,0xF8,0x03,0x00,0x00,0xF8,0x03,0x00,0x00,0xF8,0x03,0x00,0x00,
0xF8,0x03,0x00,0x00,0xF0,0x01,0x00,0x00,0x00,0x00,0x00,0x00,0x00,0x00,0x00,0x00,
0x00,0x00,0x00,0x00,0x00,0x00,0x00,0x00,0x00,0x00,0x00,0x00,0x00,0x00,0x00,0x00,/*".",14*/

0x00,0x00,0x00,0x00,0x00,0x00,0x00,0x00,0x00,0x00,0x00,0x00,0x00,0x00,0xC0,0x00,
0x00,0x00,0xE0,0x00,0x00,0x00,0x60,0x00,0x00,0x00,0x70,0x00,0x00,0x00,0x30,0x00,
0x00,0x00,0x38,0x00,0x00,0x00,0x18,0x00,0x00,0x00,0x1C,0x00,0x00,0x00,0x0C,0x00,
0x00,0x00,0x0E,0x00,0x00,0x00,0x06,0x00,0x00,0x00,0x06,0x00,0x00,0x00,0x03,0x00,
0x00,0x00,0x03,0x00,0x00,0x80,0x03,0x00,0x00,0x80,0x01,0x00,0x00,0xC0,0x01,0x00,
0x00,0xC0,0x00,0x00,0x00,0xE0,0x00,0x00,0x00,0x60,0x00,0x00,0x00,0x70,0x00,0x00,
0x00,0x30,0x00,0x00,0x00,0x38,0x00,0x00,0x00,0x18,0x00,0x00,0x00,0x1C,0x00,0x00,
0x00,0x0C,0x00,0x00,0x00,0x0E,0x00,0x00,0x00,0x06,0x00,0x00,0x00,0x07,0x00,0x00,
0x00,0x03,0x00,0x00,0x00,0x03,0x00,0x00,0x80,0x01,0x00,0x00,0x80,0x01,0x00,0x00,
0xC0,0x01,0x00,0x00,0xC0,0x00,0x00,0x00,0xE0,0x00,0x00,0x00,0x60,0x00,0x00,0x00,
0x70,0x00,0x00,0x00,0x30,0x00,0x00,0x00,0x38,0x00,0x00,0x00,0x18,0x00,0x00,0x00,
0x1C,0x00,0x00,0x00,0x0C,0x00,0x00,0x00,0x00,0x00,0x00,0x00,0x00,0x00,0x00,0x00,/*"/",15*/

0x00,0x00,0x00,0x00,0x00,0x00,0x00,0x00,0x00,0x00,0x00,0x00,0x00,0x00,0x00,0x00,
0x00,0x00,0x00,0x00,0x00,0x00,0x00,0x00,0x00,0x00,0x00,0x00,0x00,0x00,0x00,0x00,
0x00,0xFE,0x00,0x00,0x00,0xC7,0x03,0x00,0xC0,0x03,0x07,0x00,0xC0,0x01,0x0F,0x00,
0xE0,0x00,0x0E,0x00,0xF0,0x00,0x1E,0x00,0xF0,0x00,0x1C,0x00,0x78,0x00,0x3C,0x00,
0x78,0x00,0x3C,0x00,0x78,0x00,0x3C,0x00,0x38,0x00,0x38,0x00,0x3C,0x00,0x78,0x00,
0x3C,0x00,0x78,0x00,0x3C,0x00,0x78,0x00,0x3C,0x00,0x78,0x00,0x3C,0x00,0x78,0x00,
0x3C,0x00,0x78,0x00,0x3C,0x00,0x78,0x00,0x3C,0x00,0x78,0x00,0x3C,0x00,0x78,0x00,
0x3C,0x00,0x78,0x00,0x3C,0x00,0x78,0x00,0x3C,0x00,0x78,0x00,0x38,0x00,0x38,0x00,
0x78,0x00,0x3C,0x00,0x78,0x00,0x3C,0x00,0x78,0x00,0x3C,0x00,0xF0,0x00,0x1C,0x00,
0xF0,0x00,0x1E,0x00,0xE0,0x00,0x0E,0x00,0xC0,0x01,0x07,0x00,0xC0,0x83,0x07,0x00,
0x00,0xC7,0x03,0x00,0x00,0xFE,0x00,0x00,0x00,0x00,0x00,0x00,0x00,0x00,0x00,0x00,
0x00,0x00,0x00,0x00,0x00,0x00,0x00,0x00,0x00,0x00,0x00,0x00,0x00,0x00,0x00,0x00,/*"0",16*/

0x00,0x00,0x00,0x00,0x00,0x00,0x00,0x00,0x00,0x00,0x00,0x00,0x00,0x00,0x00,0x00,
0x00,0x00,0x00,0x00,0x00,0x00,0x00,0x00,0x00,0x00,0x00,0x00,0x00,0x00,0x00,0x00,
0x00,0x60,0x00,0x00,0x00,0x70,0x00,0x00,0x00,0x78,0x00,0x00,0xC0,0x7F,0x00,0x00,
0x00,0x78,0x00,0x00,0x00,0x78,0x00,0x00,0x00,0x78,0x00,0x00,0x00,0x78,0x00,0x00,
0x00,0x78,0x00,0x00,0x00,0x78,0x00,0x00,0x00,0x78,0x00,0x00,0x00,0x78,0x00,0x00,
0x00,0x78,0x00,0x00,0x00,0x78,0x00,0x00,0x00,0x78,0x00,0x00,0x00,0x78,0x00,0x00,
0x00,0x78,0x00,0x00,0x00,0x78,0x00,0x00,0x00,0x78,0x00,0x00,0x00,0x78,0x00,0x00,
0x00,0x78,0x00,0x00,0x00,0x78,0x00,0x00,0x00,0x78,0x00,0x00,0x00,0x78,0x00,0x00,
0x00,0x78,0x00,0x00,0x00,0x78,0x00,0x00,0x00,0x78,0x00,0x00,0x00,0x78,0x00,0x00,
0x00,0x78,0x00,0x00,0x00,0x78,0x00,0x00,0x00,0x78,0x00,0x00,0x00,0x78,0x00,0x00,
0x00,0xFC,0x00,0x00,0xC0,0xFF,0x1F,0x00,0x00,0x00,0x00,0x00,0x00,0x00,0x00,0x00,
0x00,0x00,0x00,0x00,0x00,0x00,0x00,0x00,0x00,0x00,0x00,0x00,0x00,0x00,0x00,0x00,/*"1",17*/

0x00,0x00,0x00,0x00,0x00,0x00,0x00,0x00,0x00,0x00,0x00,0x00,0x00,0x00,0x00,0x00,
0x00,0x00,0x00,0x00,0x00,0x00,0x00,0x00,0x00,0x00,0x00,0x00,0x00,0x00,0x00,0x00,
0x00,0xFC,0x03,0x00,0x00,0x0F,0x0F,0x00,0xC0,0x03,0x1E,0x00,0xE0,0x01,0x3C,0x00,
0xE0,0x01,0x3C,0x00,0xF0,0x01,0x78,0x00,0xF0,0x01,0x78,0x00,0xF0,0x01,0x78,0x00,
0xF0,0x03,0x78,0x00,0xF0,0x03,0x78,0x00,0xE0,0x01,0x78,0x00,0x00,0x00,0x3C,0x00,
0x00,0x00,0x3C,0x00,0x00,0x00,0x3C,0x00,0x00,0x00,0x1E,0x00,0x00,0x00,0x0F,0x00,
0x00,0x00,0x07,0x00,0x00,0x80,0x03,0x00,0x00,0xC0,0x01,0x00,0x00,0xE0,0x00,0x00,
0x00,0x70,0x00,0x00,0x00,0x38,0x00,0x00,0x00,0x1C,0x00,0x00,0x00,0x0E,0x00,0x00,
0x00,0x07,0x00,0x00,0x80,0x03,0x00,0x00,0xC0,0x01,0x60,0x00,0xE0,0x00,0x70,0x00,
0xE0,0x00,0x70,0x00,0x70,0x00,0x38,0x00,0x38,0x00,0x3C,0x00,0xF8,0xFF,0x3F,0x00,
0xF8,0xFF,0x3F,0x00,0xF8,0xFF,0x3F,0x00,0x00,0x00,0x00,0x00,0x00,0x00,0x00,0x00,
0x00,0x00,0x00,0x00,0x00,0x00,0x00,0x00,0x00,0x00,0x00,0x00,0x00,0x00,0x00,0x00,/*"2",18*/

0x00,0x00,0x00,0x00,0x00,0x00,0x00,0x00,0x00,0x00,0x00,0x00,0x00,0x00,0x00,0x00,
0x00,0x00,0x00,0x00,0x00,0x00,0x00,0x00,0x00,0x00,0x00,0x00,0x00,0x00,0x00,0x00,
0x00,0xFE,0x01,0x00,0x80,0xC3,0x07,0x00,0xC0,0x00,0x0F,0x00,0x60,0x00,0x1E,0x00,
0x70,0x00,0x1E,0x00,0x70,0x00,0x3C,0x00,0xF0,0x00,0x3C,0x00,0xF0,0x00,0x3C,0x00,
0xE0,0x00,0x3C,0x00,0x00,0x00,0x3C,0x00,0x00,0x00,0x1C,0x00,0x00,0x00,0x1E,0x00,
0x00,0x00,0x0E,0x00,0x00,0x00,0x07,0x00,0x00,0xC0,0x03,0x00,0x00,0xFC,0x00,0x00,
0x00,0xC0,0x03,0x00,0x00,0x00,0x0F,0x00,0x00,0x00,0x1E,0x00,0x00,0x00,0x3C,0x00,
0x00,0x00,0x3C,0x00,0x00,0x00,0x38,0x00,0x00,0x00,0x78,0x00,0x00,0x00,0x78,0x00,
0x00,0x00,0x78,0x00,0x70,0x00,0x78,0x00,0xF8,0x00,0x78,0x00,0xF8,0x00,0x78,0x00,
0xF8,0x00,0x3C,0x00,0x78,0x00,0x3C,0x00,0x70,0x00,0x1E,0x00,0xE0,0x00,0x0F,0x00,
0xC0,0x81,0x07,0x00,0x00,0xFF,0x00,0x00,0x00,0x00,0x00,0x00,0x00,0x00,0x00,0x00,
0x00,0x00,0x00,0x00,0x00,0x00,0x00,0x00,0x00,0x00,0x00,0x00,0x00,0x00,0x00,0x00,/*"3",19*/

0x00,0x00,0x00,0x00,0x00,0x00,0x00,0x00,0x00,0x00,0x00,0x00,0x00,0x00,0x00,0x00,
0x00,0x00,0x00,0x00,0x00,0x00,0x00,0x00,0x00,0x00,0x00,0x00,0x00,0x00,0x00,0x00,
0x00,0x00,0x07,0x00,0x00,0x80,0x07,0x00,0x00,0x80,0x07,0x00,0x00,0xC0,0x07,0x00,
0x00,0xE0,0x07,0x00,0x00,0xE0,0x07,0x00,0x00,0xB0,0x07,0x00,0x00,0xB0,0x07,0x00,
0x00,0x98,0x07,0x00,0x00,0x9C,0x07,0x00,0x00,0x8C,0x07,0x00,0x00,0x86,0x07,0x00,
0x00,0x87,0x07,0x00,0x00,0x83,0x07,0x00,0x80,0x83,0x07,0x00,0x80,0x81,0x07,0x00,
0xC0,0x81,0x07,0x00,0xE0,0x80,0x07,0x00,0x60,0x80,0x07,0x00,0x70,0x80,0x07,0x00,
0x30,0x80,0x07,0x00,0x38,0x80,0x07,0x00,0x1C,0x80,0x07,0x00,0xFC,0xFF,0xFF,0x00,
0x00,0x80,0x07,0x00,0x00,0x80,0x07,0x00,0x00,0x80,0x07,0x00,0x00,0x80,0x07,0x00,
0x00,0x80,0x07,0x00,0x00,0x80,0x07,0x00,0x00,0x80,0x07,0x00,0x00,0x80,0x07,0x00,
0x00,0xC0,0x0F,0x00,0x00,0xFC,0xFF,0x00,0x00,0x00,0x00,0x00,0x00,0x00,0x00,0x00,
0x00,0x00,0x00,0x00,0x00,0x00,0x00,0x00,0x00,0x00,0x00,0x00,0x00,0x00,0x00,0x00,/*"4",20*/

0x00,0x00,0x00,0x00,0x00,0x00,0x00,0x00,0x00,0x00,0x00,0x00,0x00,0x00,0x00,0x00,
0x00,0x00,0x00,0x00,0x00,0x00,0x00,0x00,0x00,0x00,0x00,0x00,0x00,0x00,0x00,0x00,
0xE0,0xFF,0x3F,0x00,0xE0,0xFF,0x3F,0x00,0xE0,0xFF,0x3F,0x00,0x60,0x00,0x00,0x00,
0x60,0x00,0x00,0x00,0x60,0x00,0x00,0x00,0x60,0x00,0x00,0x00,0x60,0x00,0x00,0x00,
0x60,0x00,0x00,0x00,0x70,0x00,0x00,0x00,0x70,0x00,0x00,0x00,0x70,0x00,0x00,0x00,
0x70,0xFC,0x01,0x00,0x70,0xFF,0x07,0x00,0xF0,0x87,0x0F,0x00,0xF0,0x01,0x1E,0x00,
0xF0,0x00,0x3E,0x00,0x70,0x00,0x3C,0x00,0x00,0x00,0x3C,0x00,0x00,0x00,0x78,0x00,
0x00,0x00,0x78,0x00,0x00,0x00,0x78,0x00,0x00,0x00,0x78,0x00,0x00,0x00,0x78,0x00,
0x70,0x00,0x78,0x00,0xF8,0x00,0x78,0x00,0xF8,0x00,0x78,0x00,0xF8,0x00,0x3C,0x00,
0x78,0x00,0x3C,0x00,0x70,0x00,0x1C,0x00,0x70,0x00,0x1E,0x00,0xE0,0x00,0x0F,0x00,
0x80,0x83,0x07,0x00,0x00,0xFE,0x01,0x00,0x00,0x00,0x00,0x00,0x00,0x00,0x00,0x00,
0x00,0x00,0x00,0x00,0x00,0x00,0x00,0x00,0x00,0x00,0x00,0x00,0x00,0x00,0x00,0x00,/*"5",21*/

0x00,0x00,0x00,0x00,0x00,0x00,0x00,0x00,0x00,0x00,0x00,0x00,0x00,0x00,0x00,0x00,
0x00,0x00,0x00,0x00,0x00,0x00,0x00,0x00,0x00,0x00,0x00,0x00,0x00,0x00,0x00,0x00,
0x00,0xF8,0x03,0x00,0x00,0x0E,0x07,0x00,0x80,0x03,0x0F,0x00,0xC0,0x01,0x1F,0x00,
0xE0,0x00,0x1F,0x00,0xE0,0x00,0x1F,0x00,0x70,0x00,0x0E,0x00,0x70,0x00,0x00,0x00,
0x78,0x00,0x00,0x00,0x78,0x00,0x00,0x00,0x38,0x00,0x00,0x00,0x38,0x00,0x00,0x00,
0x3C,0xFC,0x01,0x00,0x3C,0xFF,0x07,0x00,0xBC,0x87,0x0F,0x00,0xFC,0x01,0x1E,0x00,
0xFC,0x00,0x3E,0x00,0xFC,0x00,0x3C,0x00,0x7C,0x00,0x3C,0x00,0x3C,0x00,0x78,0x00,
0x3C,0x00,0x78,0x00,0x3C,0x00,0x78,0x00,0x3C,0x00,0x78,0x00,0x3C,0x00,0x78,0x00,
0x38,0x00,0x78,0x00,0x78,0x00,0x78,0x00,0x78,0x00,0x78,0x00,0x78,0x00,0x38,0x00,
0xF0,0x00,0x3C,0x00,0xF0,0x00,0x1C,0x00,0xE0,0x01,0x1C,0x00,0xC0,0x03,0x0E,0x00,
0x80,0x87,0x07,0x00,0x00,0xFE,0x01,0x00,0x00,0x00,0x00,0x00,0x00,0x00,0x00,0x00,
0x00,0x00,0x00,0x00,0x00,0x00,0x00,0x00,0x00,0x00,0x00,0x00,0x00,0x00,0x00,0x00,/*"6",22*/

0x00,0x00,0x00,0x00,0x00,0x00,0x00,0x00,0x00,0x00,0x00,0x00,0x00,0x00,0x00,0x00,
0x00,0x00,0x00,0x00,0x00,0x00,0x00,0x00,0x00,0x00,0x00,0x00,0x00,0x00,0x00,0x00,
0xF0,0xFF,0x7F,0x00,0xF0,0xFF,0x7F,0x00,0xF0,0xFF,0x3F,0x00,0xF0,0x00,0x38,0x00,
0x70,0x00,0x1C,0x00,0x38,0x00,0x1C,0x00,0x38,0x00,0x0E,0x00,0x18,0x00,0x06,0x00,
0x00,0x00,0x07,0x00,0x00,0x00,0x03,0x00,0x00,0x80,0x03,0x00,0x00,0x80,0x03,0x00,
0x00,0xC0,0x01,0x00,0x00,0xC0,0x01,0x00,0x00,0xE0,0x00,0x00,0x00,0xE0,0x00,0x00,
0x00,0xE0,0x00,0x00,0x00,0x70,0x00,0x00,0x00,0x70,0x00,0x00,0x00,0x78,0x00,0x00,
0x00,0x38,0x00,0x00,0x00,0x38,0x00,0x00,0x00,0x3C,0x00,0x00,0x00,0x3C,0x00,0x00,
0x00,0x3C,0x00,0x00,0x00,0x3C,0x00,0x00,0x00,0x3E,0x00,0x00,0x00,0x3E,0x00,0x00,
0x00,0x3E,0x00,0x00,0x00,0x3E,0x00,0x00,0x00,0x3E,0x00,0x00,0x00,0x3E,0x00,0x00,
0x00,0x3E,0x00,0x00,0x00,0x1C,0x00,0x00,0x00,0x00,0x00,0x00,0x00,0x00,0x00,0x00,
0x00,0x00,0x00,0x00,0x00,0x00,0x00,0x00,0x00,0x00,0x00,0x00,0x00,0x00,0x00,0x00,/*"7",23*/

0x00,0x00,0x00,0x00,0x00,0x00,0x00,0x00,0x00,0x00,0x00,0x00,0x00,0x00,0x00,0x00,
0x00,0x00,0x00,0x00,0x00,0x00,0x00,0x00,0x00,0x00,0x00,0x00,0x00,0x00,0x00,0x00,
0x00,0xFE,0x01,0x00,0x80,0x87,0x07,0x00,0xE0,0x01,0x1E,0x00,0xF0,0x00,0x3C,0x00,
0xF0,0x00,0x3C,0x00,0x78,0x00,0x78,0x00,0x78,0x00,0x78,0x00,0x78,0x00,0x78,0x00,
0x78,0x00,0x78,0x00,0xF8,0x00,0x78,0x00,0xF8,0x00,0x38,0x00,0xF0,0x01,0x3C,0x00,
0xF0,0x03,0x1C,0x00,0xE0,0x0F,0x0E,0x00,0xC0,0xBF,0x07,0x00,0x00,0xFF,0x01,0x00,
0x80,0xFF,0x01,0x00,0xC0,0xF3,0x07,0x00,0xE0,0xE1,0x0F,0x00,0xF0,0x80,0x1F,0x00,
0x78,0x00,0x3F,0x00,0x78,0x00,0x3E,0x00,0x3C,0x00,0x7C,0x00,0x3C,0x00,0x7C,0x00,
0x3C,0x00,0x78,0x00,0x3C,0x00,0x78,0x00,0x3C,0x00,0x78,0x00,0x3C,0x00,0x78,0x00,
0x38,0x00,0x38,0x00,0x78,0x00,0x3C,0x00,0xF0,0x00,0x1C,0x00,0xE0,0x01,0x0E,0x00,
0xC0,0x83,0x07,0x00,0x00,0xFE,0x01,0x00,0x00,0x00,0x00,0x00,0x00,0x00,0x00,0x00,
0x00,0x00,0x00,0x00,0x00,0x00,0x00,0x00,0x00,0x00,0x00,0x00,0x00,0x00,0x00,0x00,/*"8",24*/

0x00,0x00,0x00,0x00,0x00,0x00,0x00,0x00,0x00,0x00,0x00,0x00,0x00,0x00,0x00,0x00,
0x00,0x00,0x00,0x00,0x00,0x00,0x00,0x00,0x00,0x00,0x00,0x00,0x00,0x00,0x00,0x00,
0x00,0xFF,0x00,0x00,0xC0,0x83,0x03,0x00,0xE0,0x01,0x07,0x00,0xF0,0x00,0x0E,0x00,
0x70,0x00,0x1C,0x00,0x78,0x00,0x1C,0x00,0x38,0x00,0x3C,0x00,0x3C,0x00,0x38,0x00,
0x3C,0x00,0x38,0x00,0x3C,0x00,0x78,0x00,0x3C,0x00,0x78,0x00,0x3C,0x00,0x78,0x00,
0x3C,0x00,0x78,0x00,0x3C,0x00,0x78,0x00,0x7C,0x00,0x7C,0x00,0x78,0x00,0x7E,0x00,
0xF8,0x00,0x7E,0x00,0xF0,0x80,0x7F,0x00,0xF0,0xC3,0x7B,0x00,0xC0,0xFF,0x79,0x00,
0x00,0x7F,0x78,0x00,0x00,0x00,0x3C,0x00,0x00,0x00,0x3C,0x00,0x00,0x00,0x3C,0x00,
0x00,0x00,0x3C,0x00,0x00,0x00,0x1C,0x00,0x00,0x00,0x1E,0x00,0xE0,0x00,0x0E,0x00,
0xF0,0x01,0x0E,0x00,0xF0,0x01,0x07,0x00,0xF0,0x81,0x07,0x00,0xE0,0xC1,0x03,0x00,
0xE0,0xE3,0x00,0x00,0x80,0x3F,0x00,0x00,0x00,0x00,0x00,0x00,0x00,0x00,0x00,0x00,
0x00,0x00,0x00,0x00,0x00,0x00,0x00,0x00,0x00,0x00,0x00,0x00,0x00,0x00,0x00,0x00,/*"9",25*/

0x00,0x00,0x00,0x00,0x00,0x00,0x00,0x00,0x00,0x00,0x00,0x00,0x00,0x00,0x00,0x00,
0x00,0x00,0x00,0x00,0x00,0x00,0x00,0x00,0x00,0x00,0x00,0x00,0x00,0x00,0x00,0x00,
0x00,0x00,0x00,0x00,0x00,0x00,0x00,0x00,0x00,0x00,0x00,0x00,0x00,0x00,0x00,0x00,
0x00,0x00,0x00,0x00,0x00,0x00,0x00,0x00,0x00,0x00,0x00,0x00,0x00,0x00,0x00,0x00,
0x00,0x00,0x00,0x00,0x00,0x00,0x00,0x00,0x00,0x3C,0x00,0x00,0x00,0x7E,0x00,0x00,
0x00,0x7E,0x00,0x00,0x00,0x7E,0x00,0x00,0x00,0x3C,0x00,0x00,0x00,0x00,0x00,0x00,
0x00,0x00,0x00,0x00,0x00,0x00,0x00,0x00,0x00,0x00,0x00,0x00,0x00,0x00,0x00,0x00,
0x00,0x00,0x00,0x00,0x00,0x00,0x00,0x00,0x00,0x00,0x00,0x00,0x00,0x00,0x00,0x00,
0x00,0x00,0x00,0x00,0x00,0x00,0x00,0x00,0x00,0x00,0x00,0x00,0x00,0x00,0x00,0x00,
0x00,0x00,0x00,0x00,0x00,0x3C,0x00,0x00,0x00,0x7E,0x00,0x00,0x00,0x7E,0x00,0x00,
0x00,0x7E,0x00,0x00,0x00,0x3C,0x00,0x00,0x00,0x00,0x00,0x00,0x00,0x00,0x00,0x00,
0x00,0x00,0x00,0x00,0x00,0x00,0x00,0x00,0x00,0x00,0x00,0x00,0x00,0x00,0x00,0x00,/*":",26*/

0x00,0x00,0x00,0x00,0x00,0x00,0x00,0x00,0x00,0x00,0x00,0x00,0x00,0x00,0x00,0x00,
0x00,0x00,0x00,0x00,0x00,0x00,0x00,0x00,0x00,0x00,0x00,0x00,0x00,0x00,0x00,0x00,
0x00,0x00,0x00,0x00,0x00,0x00,0x00,0x00,0x00,0x00,0x00,0x00,0x00,0x00,0x00,0x00,
0x00,0x00,0x00,0x00,0x00,0x00,0x00,0x00,0x00,0x00,0x00,0x00,0x00,0x00,0x00,0x00,
0x00,0x00,0x00,0x00,0x00,0x00,0x00,0x00,0x00,0x00,0x00,0x00,0x00,0x00,0x00,0x00,
0x00,0xFC,0x00,0x00,0x00,0xFC,0x00,0x00,0x00,0xFC,0x00,0x00,0x00,0xFC,0x00,0x00,
0x00,0x00,0x00,0x00,0x00,0x00,0x00,0x00,0x00,0x00,0x00,0x00,0x00,0x00,0x00,0x00,
0x00,0x00,0x00,0x00,0x00,0x00,0x00,0x00,0x00,0x00,0x00,0x00,0x00,0x00,0x00,0x00,
0x00,0x00,0x00,0x00,0x00,0x00,0x00,0x00,0x00,0x00,0x00,0x00,0x00,0x00,0x00,0x00,
0x00,0x00,0x00,0x00,0x00,0x00,0x00,0x00,0x00,0xFC,0x00,0x00,0x00,0xFC,0x00,0x00,
0x00,0xFC,0x00,0x00,0x00,0xFC,0x00,0x00,0x00,0xF0,0x00,0x00,0x00,0x78,0x00,0x00,
0x00,0x78,0x00,0x00,0x00,0x38,0x00,0x00,0x00,0x1C,0x00,0x00,0x00,0x00,0x00,0x00,/*";",27*/

0x00,0x00,0x00,0x00,0x00,0x00,0x00,0x00,0x00,0x00,0x00,0x00,0x00,0x00,0x00,0x00,
0x00,0x00,0x00,0x00,0x00,0x00,0x00,0x00,0x00,0x00,0x00,0x00,0x00,0x00,0x30,0x00,
0x00,0x00,0x78,0x00,0x00,0x00,0x3C,0x00,0x00,0x00,0x1E,0x00,0x00,0x00,0x0F,0x00,
0x00,0x80,0x07,0x00,0x00,0xC0,0x03,0x00,0x00,0xE0,0x01,0x00,0x00,0xF0,0x00,0x00,
0x00,0x78,0x00,0x00,0x00,0x1C,0x00,0x00,0x00,0x0E,0x00,0x00,0x00,0x07,0x00,0x00,
0x80,0x03,0x00,0x00,0xC0,0x01,0x00,0x00,0xE0,0x00,0x00,0x00,0x70,0x00,0x00,0x00,
0x38,0x00,0x00,0x00,0x70,0x00,0x00,0x00,0xE0,0x00,0x00,0x00,0xC0,0x01,0x00,0x00,
0x80,0x03,0x00,0x00,0x00,0x07,0x00,0x00,0x00,0x0E,0x00,0x00,0x00,0x1C,0x00,0x00,
0x00,0x78,0x00,0x00,0x00,0xF0,0x00,0x00,0x00,0xE0,0x01,0x00,0x00,0xC0,0x03,0x00,
0x00,0x80,0x07,0x00,0x00,0x00,0x0F,0x00,0x00,0x00,0x1E,0x00,0x00,0x00,0x3C,0x00,
0x00,0x00,0x78,0x00,0x00,0x00,0x30,0x00,0x00,0x00,0x00,0x00,0x00,0x00,0x00,0x00,
0x00,0x00,0x00,0x00,0x00,0x00,0x00,0x00,0x00,0x00,0x00,0x00,0x00,0x00,0x00,0x00,/*"<",28*/

0x00,0x00,0x00,0x00,0x00,0x00,0x00,0x00,0x00,0x00,0x00,0x00,0x00,0x00,0x00,0x00,
0x00,0x00,0x00,0x00,0x00,0x00,0x00,0x00,0x00,0x00,0x00,0x00,0x00,0x00,0x00,0x00,
0x00,0x00,0x00,0x00,0x00,0x00,0x00,0x00,0x00,0x00,0x00,0x00,0x00,0x00,0x00,0x00,
0x00,0x00,0x00,0x00,0x00,0x00,0x00,0x00,0x00,0x00,0x00,0x00,0x00,0x00,0x00,0x00,
0x00,0x00,0x00,0x00,0x00,0x00,0x00,0x00,0xFC,0xFF,0xFF,0x00,0xFC,0xFF,0xFF,0x00,
0x00,0x00,0x00,0x00,0x00,0x00,0x00,0x00,0x00,0x00,0x00,0x00,0x00,0x00,0x00,0x00,
0x00,0x00,0x00,0x00,0x00,0x00,0x00,0x00,0x00,0x00,0x00,0x00,0x00,0x00,0x00,0x00,
0xFC,0xFF,0xFF,0x00,0xFC,0xFF,0xFF,0x00,0x00,0x00,0x00,0x00,0x00,0x00,0x00,0x00,
0x00,0x00,0x00,0x00,0x00,0x00,0x00,0x00,0x00,0x00,0x00,0x00,0x00,0x00,0x00,0x00,
0x00,0x00,0x00,0x00,0x00,0x00,0x00,0x00,0x00,0x00,0x00,0x00,0x00,0x00,0x00,0x00,
0x00,0x00,0x00,0x00,0x00,0x00,0x00,0x00,0x00,0x00,0x00,0x00,0x00,0x00,0x00,0x00,
0x00,0x00,0x00,0x00,0x00,0x00,0x00,0x00,0x00,0x00,0x00,0x00,0x00,0x00,0x00,0x00,/*"=",29*/

0x00,0x00,0x00,0x00,0x00,0x00,0x00,0x00,0x00,0x00,0x00,0x00,0x00,0x00,0x00,0x00,
0x00,0x00,0x00,0x00,0x00,0x00,0x00,0x00,0x00,0x00,0x00,0x00,0x30,0x00,0x00,0x00,
0x78,0x00,0x00,0x00,0xF0,0x00,0x00,0x00,0xE0,0x01,0x00,0x00,0xC0,0x03,0x00,0x00,
0x80,0x07,0x00,0x00,0x00,0x0F,0x00,0x00,0x00,0x1E,0x00,0x00,0x00,0x3C,0x00,0x00,
0x00,0x78,0x00,0x00,0x00,0xE0,0x00,0x00,0x00,0xC0,0x01,0x00,0x00,0x80,0x03,0x00,
0x00,0x00,0x07,0x00,0x00,0x00,0x0E,0x00,0x00,0x00,0x1C,0x00,0x00,0x00,0x38,0x00,
0x00,0x00,0x70,0x00,0x00,0x00,0x38,0x00,0x00,0x00,0x1C,0x00,0x00,0x00,0x0E,0x00,
0x00,0x00,0x07,0x00,0x00,0x80,0x03,0x00,0x00,0xC0,0x01,0x00,0x00,0xE0,0x00,0x00,
0x00,0x78,0x00,0x00,0x00,0x3C,0x00,0x00,0x00,0x1E,0x00,0x00,0x00,0x0F,0x00,0x00,
0x80,0x07,0x00,0x00,0xC0,0x03,0x00,0x00,0xE0,0x01,0x00,0x00,0xF0,0x00,0x00,0x00,
0x78,0x00,0x00,0x00,0x30,0x00,0x00,0x00,0x00,0x00,0x00,0x00,0x00,0x00,0x00,0x00,
0x00,0x00,0x00,0x00,0x00,0x00,0x00,0x00,0x00,0x00,0x00,0x00,0x00,0x00,0x00,0x00,/*">",30*/

0x00,0x00,0x00,0x00,0x00,0x00,0x00,0x00,0x00,0x00,0x00,0x00,0x00,0x00,0x00,0x00,
0x00,0x00,0x00,0x00,0x00,0x00,0x00,0x00,0x00,0x00,0x00,0x00,0x00,0xFE,0x01,0x00,
0x80,0xFF,0x07,0x00,0xE0,0x83,0x0F,0x00,0xF0,0x00,0x1F,0x00,0x70,0x00,0x3E,0x00,
0x78,0x00,0x3E,0x00,0x3C,0x00,0x7C,0x00,0x3C,0x00,0x7C,0x00,0x3C,0x00,0x7C,0x00,
0xFC,0x00,0x7C,0x00,0xFC,0x00,0x7C,0x00,0xFC,0x00,0x7C,0x00,0xF8,0x00,0x7C,0x00,
0x00,0x00,0x3E,0x00,0x00,0x00,0x3F,0x00,0x00,0x00,0x1F,0x00,0x00,0xC0,0x07,0x00,
0x00,0xE0,0x03,0x00,0x00,0xF0,0x01,0x00,0x00,0xF0,0x00,0x00,0x00,0x78,0x00,0x00,
0x00,0x38,0x00,0x00,0x00,0x38,0x00,0x00,0x00,0x38,0x00,0x00,0x00,0x38,0x00,0x00,
0x00,0x38,0x00,0x00,0x00,0x38,0x00,0x00,0x00,0x00,0x00,0x00,0x00,0x00,0x00,0x00,
0x00,0x00,0x00,0x00,0x00,0x3C,0x00,0x00,0x00,0x7E,0x00,0x00,0x00,0x7E,0x00,0x00,
0x00,0x7E,0x00,0x00,0x00,0x3C,0x00,0x00,0x00,0x00,0x00,0x00,0x00,0x00,0x00,0x00,
0x00,0x00,0x00,0x00,0x00,0x00,0x00,0x00,0x00,0x00,0x00,0x00,0x00,0x00,0x00,0x00,/*"?",31*/

0x00,0x00,0x00,0x00,0x00,0x00,0x00,0x00,0x00,0x00,0x00,0x00,0x00,0x00,0x00,0x00,
0x00,0x00,0x00,0x00,0x00,0x00,0x00,0x00,0x00,0x00,0x00,0x00,0x00,0xF8,0x03,0x00,
0x00,0x1E,0x0F,0x00,0x00,0x07,0x1C,0x00,0x80,0x03,0x38,0x00,0xC0,0x01,0x70,0x00,
0xE0,0x00,0x60,0x00,0xF0,0xC0,0xFF,0x00,0x70,0xE0,0xFE,0x00,0x70,0x70,0xDE,0x00,
0x78,0x38,0xDE,0x01,0x78,0x38,0xCE,0x01,0x38,0x3C,0xCE,0x01,0x3C,0x1C,0xCE,0x01,
0x3C,0x1E,0xCE,0x01,0x3C,0x1E,0xCF,0x01,0x3C,0x0E,0xCF,0x01,0x3C,0x0F,0xCF,0x01,
0x3C,0x0F,0xC7,0x01,0x3C,0x0F,0xC7,0x01,0x3C,0x0F,0xC7,0x01,0x3C,0x0F,0xE7,0x00,
0x3C,0x8F,0xE7,0x00,0x3C,0x8F,0xE7,0x00,0x38,0xCF,0x77,0x00,0x78,0xDE,0x77,0x00,
0x78,0x7E,0x3F,0x00,0x78,0x3C,0x1E,0x00,0xF0,0x00,0xC0,0x01,0xF0,0x00,0xC0,0x00,
0xE0,0x01,0xE0,0x00,0xE0,0x01,0x70,0x00,0xC0,0x03,0x38,0x00,0x80,0x0F,0x1E,0x00,
0x00,0xFF,0x0F,0x00,0x00,0xFC,0x03,0x00,0x00,0x00,0x00,0x00,0x00,0x00,0x00,0x00,
0x00,0x00,0x00,0x00,0x00,0x00,0x00,0x00,0x00,0x00,0x00,0x00,0x00,0x00,0x00,0x00,/*"@",32*/

0x00,0x00,0x00,0x00,0x00,0x00,0x00,0x00,0x00,0x00,0x00,0x00,0x00,0x00,0x00,0x00,
0x00,0x00,0x00,0x00,0x00,0x00,0x00,0x00,0x00,0x00,0x00,0x00,0x00,0x00,0x00,0x00,
0x00,0x7C,0x00,0x00,0x00,0x7C,0x00,0x00,0x00,0x7C,0x00,0x00,0x00,0x7C,0x00,0x00,
0x00,0xFE,0x00,0x00,0x00,0xFE,0x00,0x00,0x00,0xFE,0x00,0x00,0x00,0xE6,0x00,0x00,
0x00,0xE7,0x01,0x00,0x00,0xE7,0x01,0x00,0x00,0xE7,0x01,0x00,0x00,0xE3,0x01,0x00,
0x80,0xC3,0x03,0x00,0x80,0xC3,0x03,0x00,0x80,0xC3,0x03,0x00,0x80,0xC1,0x03,0x00,
0xC0,0x81,0x07,0x00,0xC0,0x81,0x07,0x00,0xC0,0x81,0x07,0x00,0xC0,0x80,0x07,0x00,
0xE0,0xFF,0x07,0x00,0xE0,0x00,0x0F,0x00,0x60,0x00,0x0F,0x00,0x60,0x00,0x0F,0x00,
0x70,0x00,0x0F,0x00,0x70,0x00,0x1E,0x00,0x30,0x00,0x1E,0x00,0x30,0x00,0x1E,0x00,
0x38,0x00,0x1E,0x00,0x38,0x00,0x3C,0x00,0x38,0x00,0x3C,0x00,0x38,0x00,0x3C,0x00,
0x3C,0x00,0x7C,0x00,0xFF,0x00,0xFF,0x01,0x00,0x00,0x00,0x00,0x00,0x00,0x00,0x00,
0x00,0x00,0x00,0x00,0x00,0x00,0x00,0x00,0x00,0x00,0x00,0x00,0x00,0x00,0x00,0x00,/*"A",33*/

0x00,0x00,0x00,0x00,0x00,0x00,0x00,0x00,0x00,0x00,0x00,0x00,0x00,0x00,0x00,0x00,
0x00,0x00,0x00,0x00,0x00,0x00,0x00,0x00,0x00,0x00,0x00,0x00,0x00,0x00,0x00,0x00,
0xFE,0xFF,0x01,0x00,0xF0,0xC0,0x07,0x00,0xF0,0x00,0x0F,0x00,0xF0,0x00,0x1E,0x00,
0xF0,0x00,0x3C,0x00,0xF0,0x00,0x3C,0x00,0xF0,0x00,0x3C,0x00,0xF0,0x00,0x3C,0x00,
0xF0,0x00,0x3C,0x00,0xF0,0x00,0x3C,0x00,0xF0,0x00,0x3C,0x00,0xF0,0x00,0x1E,0x00,
0xF0,0x00,0x1E,0x00,0xF0,0x00,0x0F,0x00,0xF0,0xC0,0x03,0x00,0xF0,0xFF,0x01,0x00,
0xF0,0x80,0x07,0x00,0xF0,0x00,0x1E,0x00,0xF0,0x00,0x3C,0x00,0xF0,0x00,0x78,0x00,
0xF0,0x00,0x78,0x00,0xF0,0x00,0x70,0x00,0xF0,0x00,0xF0,0x00,0xF0,0x00,0xF0,0x00,
0xF0,0x00,0xF0,0x00,0xF0,0x00,0xF0,0x00,0xF0,0x00,0xF0,0x00,0xF0,0x00,0xF0,0x00,
0xF0,0x00,0x78,0x00,0xF0,0x00,0x78,0x00,0xF0,0x00,0x3C,0x00,0xF0,0x00,0x1E,0x00,
0xF0,0x00,0x0F,0x00,0xFE,0xFF,0x03,0x00,0x00,0x00,0x00,0x00,0x00,0x00,0x00,0x00,
0x00,0x00,0x00,0x00,0x00,0x00,0x00,0x00,0x00,0x00,0x00,0x00,0x00,0x00,0x00,0x00,/*"B",34*/

0x00,0x00,0x00,0x00,0x00,0x00,0x00,0x00,0x00,0x00,0x00,0x00,0x00,0x00,0x00,0x00,
0x00,0x00,0x00,0x00,0x00,0x00,0x00,0x00,0x00,0x00,0x00,0x00,0x00,0x00,0x00,0x00,
0x00,0xF8,0x03,0x00,0x00,0x0E,0x7F,0x00,0x80,0x03,0x7C,0x00,0xC0,0x03,0x78,0x00,
0xC0,0x01,0x70,0x00,0xE0,0x00,0x70,0x00,0xF0,0x00,0xE0,0x00,0x70,0x00,0xE0,0x00,
0x78,0x00,0xC0,0x00,0x78,0x00,0x00,0x00,0x78,0x00,0x00,0x00,0x38,0x00,0x00,0x00,
0x3C,0x00,0x00,0x00,0x3C,0x00,0x00,0x00,0x3C,0x00,0x00,0x00,0x3C,0x00,0x00,0x00,
0x3C,0x00,0x00,0x00,0x3C,0x00,0x00,0x00,0x3C,0x00,0x00,0x00,0x3C,0x00,0x00,0x00,
0x3C,0x00,0x00,0x00,0x3C,0x00,0x00,0x00,0x3C,0x00,0x00,0x00,0x78,0x00,0x00,0x00,
0x78,0x00,0xC0,0x00,0x78,0x00,0xE0,0x00,0x78,0x00,0x60,0x00,0xF0,0x00,0x70,0x00,
0xF0,0x00,0x70,0x00,0xE0,0x01,0x38,0x00,0xC0,0x03,0x1C,0x00,0x80,0x0F,0x0F,0x00,
0x00,0xFF,0x07,0x00,0x00,0xFC,0x01,0x00,0x00,0x00,0x00,0x00,0x00,0x00,0x00,0x00,
0x00,0x00,0x00,0x00,0x00,0x00,0x00,0x00,0x00,0x00,0x00,0x00,0x00,0x00,0x00,0x00,/*"C",35*/

0x00,0x00,0x00,0x00,0x00,0x00,0x00,0x00,0x00,0x00,0x00,0x00,0x00,0x00,0x00,0x00,
0x00,0x00,0x00,0x00,0x00,0x00,0x00,0x00,0x00,0x00,0x00,0x00,0x00,0x00,0x00,0x00,
0xFE,0x7F,0x00,0x00,0xF0,0xE1,0x01,0x00,0xF0,0x80,0x07,0x00,0xF0,0x00,0x0F,0x00,
0xF0,0x00,0x1E,0x00,0xF0,0x00,0x3C,0x00,0xF0,0x00,0x3C,0x00,0xF0,0x00,0x78,0x00,
0xF0,0x00,0x78,0x00,0xF0,0x00,0x78,0x00,0xF0,0x00,0x70,0x00,0xF0,0x00,0xF0,0x00,
0xF0,0x00,0xF0,0x00,0xF0,0x00,0xF0,0x00,0xF0,0x00,0xF0,0x00,0xF0,0x00,0xF0,0x00,
0xF0,0x00,0xF0,0x00,0xF0,0x00,0xF0,0x00,0xF0,0x00,0xF0,0x00,0xF0,0x00,0xF0,0x00,
0xF0,0x00,0xF0,0x00,0xF0,0x00,0xF0,0x00,0xF0,0x00,0xF0,0x00,0xF0,0x00,0x78,0x00,
0xF0,0x00,0x78,0x00,0xF0,0x00,0x78,0x00,0xF0,0x00,0x38,0x00,0xF0,0x00,0x3C,0x00,
0xF0,0x00,0x1C,0x00,0xF0,0x00,0x1E,0x00,0xF0,0x00,0x0F,0x00,0xF0,0x80,0x07,0x00,
0xF0,0xE0,0x01,0x00,0xFE,0x7F,0x00,0x00,0x00,0x00,0x00,0x00,0x00,0x00,0x00,0x00,
0x00,0x00,0x00,0x00,0x00,0x00,0x00,0x00,0x00,0x00,0x00,0x00,0x00,0x00,0x00,0x00,/*"D",36*/

0x00,0x00,0x00,0x00,0x00,0x00,0x00,0x00,0x00,0x00,0x00,0x00,0x00,0x00,0x00,0x00,
0x00,0x00,0x00,0x00,0x00,0x00,0x00,0x00,0x00,0x00,0x00,0x00,0x00,0x00,0x00,0x00,
0xFE,0xFF,0x1F,0x00,0xF0,0x00,0x1F,0x00,0xF0,0x00,0x3C,0x00,0xF0,0x00,0x38,0x00,
0xF0,0x00,0x30,0x00,0xF0,0x00,0x70,0x00,0xF0,0x00,0x60,0x00,0xF0,0x00,0x00,0x00,
0xF0,0x00,0x00,0x00,0xF0,0x00,0x00,0x00,0xF0,0x00,0x06,0x00,0xF0,0x00,0x06,0x00,
0xF0,0x00,0x06,0x00,0xF0,0x00,0x07,0x00,0xF0,0x80,0x07,0x00,0xF0,0xFF,0x07,0x00,
0xF0,0x80,0x07,0x00,0xF0,0x00,0x07,0x00,0xF0,0x00,0x06,0x00,0xF0,0x00,0x06,0x00,
0xF0,0x00,0x06,0x00,0xF0,0x00,0x00,0x00,0xF0,0x00,0x00,0x00,0xF0,0x00,0x00,0x00,
0xF0,0x00,0x00,0x00,0xF0,0x00,0x00,0x00,0xF0,0x00,0xC0,0x00,0xF0,0x00,0xE0,0x00,
0xF0,0x00,0x60,0x00,0xF0,0x00,0x70,0x00,0xF0,0x00,0x70,0x00,0xF0,0x00,0x78,0x00,
0xF0,0x00,0x3E,0x00,0xFE,0xFF,0x3F,0x00,0x00,0x00,0x00,0x00,0x00,0x00,0x00,0x00,
0x00,0x00,0x00,0x00,0x00,0x00,0x00,0x00,0x00,0x00,0x00,0x00,0x00,0x00,0x00,0x00,/*"E",37*/

0x00,0x00,0x00,0x00,0x00,0x00,0x00,0x00,0x00,0x00,0x00,0x00,0x00,0x00,0x00,0x00,
0x00,0x00,0x00,0x00,0x00,0x00,0x00,0x00,0x00,0x00,0x00,0x00,0x00,0x00,0x00,0x00,
0xFE,0xFF,0x7F,0x00,0xF0,0x00,0x7E,0x00,0xF0,0x00,0x78,0x00,0xF0,0x00,0xF0,0x00,
0xF0,0x00,0xE0,0x00,0xF0,0x00,0xC0,0x00,0xF0,0x00,0x80,0x01,0xF0,0x00,0x00,0x00,
0xF0,0x00,0x00,0x00,0xF0,0x00,0x00,0x00,0xF0,0x00,0x00,0x00,0xF0,0x00,0x0C,0x00,
0xF0,0x00,0x0C,0x00,0xF0,0x00,0x0C,0x00,0xF0,0x00,0x0E,0x00,0xF0,0x00,0x0F,0x00,
0xF0,0xFF,0x0F,0x00,0xF0,0x00,0x0F,0x00,0xF0,0x00,0x0E,0x00,0xF0,0x00,0x0C,0x00,
0xF0,0x00,0x0C,0x00,0xF0,0x00,0x0C,0x00,0xF0,0x00,0x00,0x00,0xF0,0x00,0x00,0x00,
0xF0,0x00,0x00,0x00,0xF0,0x00,0x00,0x00,0xF0,0x00,0x00,0x00,0xF0,0x00,0x00,0x00,
0xF0,0x00,0x00,0x00,0xF0,0x00,0x00,0x00,0xF0,0x00,0x00,0x00,0xF0,0x00,0x00,0x00,
0xF0,0x00,0x00,0x00,0xFE,0x07,0x00,0x00,0x00,0x00,0x00,0x00,0x00,0x00,0x00,0x00,
0x00,0x00,0x00,0x00,0x00,0x00,0x00,0x00,0x00,0x00,0x00,0x00,0x00,0x00,0x00,0x00,/*"F",38*/

0x00,0x00,0x00,0x00,0x00,0x00,0x00,0x00,0x00,0x00,0x00,0x00,0x00,0x00,0x00,0x00,
0x00,0x00,0x00,0x00,0x00,0x00,0x00,0x00,0x00,0x00,0x00,0x00,0x00,0x00,0x00,0x00,
0x00,0xFC,0x18,0x00,0x00,0x87,0x1F,0x00,0xC0,0x03,0x1F,0x00,0xE0,0x01,0x1E,0x00,
0xE0,0x00,0x1C,0x00,0x70,0x00,0x18,0x00,0x78,0x00,0x38,0x00,0x38,0x00,0x38,0x00,
0x38,0x00,0x30,0x00,0x3C,0x00,0x00,0x00,0x3C,0x00,0x00,0x00,0x1C,0x00,0x00,0x00,
0x1E,0x00,0x00,0x00,0x1E,0x00,0x00,0x00,0x1E,0x00,0x00,0x00,0x1E,0x00,0x00,0x00,
0x1E,0x00,0x00,0x00,0x1E,0x00,0x00,0x00,0x1E,0x00,0x00,0x00,0x1E,0xC0,0xFF,0x01,
0x1E,0x00,0x7E,0x00,0x1E,0x00,0x3C,0x00,0x1E,0x00,0x3C,0x00,0x3C,0x00,0x3C,0x00,
0x3C,0x00,0x3C,0x00,0x3C,0x00,0x3C,0x00,0x38,0x00,0x3C,0x00,0x78,0x00,0x3C,0x00,
0x70,0x00,0x3C,0x00,0xF0,0x00,0x3C,0x00,0xE0,0x00,0x3C,0x00,0xC0,0x01,0x3E,0x00,
0x80,0x07,0x07,0x00,0x00,0xFE,0x01,0x00,0x00,0x00,0x00,0x00,0x00,0x00,0x00,0x00,
0x00,0x00,0x00,0x00,0x00,0x00,0x00,0x00,0x00,0x00,0x00,0x00,0x00,0x00,0x00,0x00,/*"G",39*/

0x00,0x00,0x00,0x00,0x00,0x00,0x00,0x00,0x00,0x00,0x00,0x00,0x00,0x00,0x00,0x00,
0x00,0x00,0x00,0x00,0x00,0x00,0x00,0x00,0x00,0x00,0x00,0x00,0x00,0x00,0x00,0x00,
0xFE,0x87,0xFF,0x01,0xF0,0x00,0x3C,0x00,0xF0,0x00,0x3C,0x00,0xF0,0x00,0x3C,0x00,
0xF0,0x00,0x3C,0x00,0xF0,0x00,0x3C,0x00,0xF0,0x00,0x3C,0x00,0xF0,0x00,0x3C,0x00,
0xF0,0x00,0x3C,0x00,0xF0,0x00,0x3C,0x00,0xF0,0x00,0x3C,0x00,0xF0,0x00,0x3C,0x00,
0xF0,0x00,0x3C,0x00,0xF0,0x00,0x3C,0x00,0xF0,0x00,0x3C,0x00,0xF0,0x00,0x3C,0x00,
0xF0,0xFF,0x3F,0x00,0xF0,0x00,0x3C,0x00,0xF0,0x00,0x3C,0x00,0xF0,0x00,0x3C,0x00,
0xF0,0x00,0x3C,0x00,0xF0,0x00,0x3C,0x00,0xF0,0x00,0x3C,0x00,0xF0,0x00,0x3C,0x00,
0xF0,0x00,0x3C,0x00,0xF0,0x00,0x3C,0x00,0xF0,0x00,0x3C,0x00,0xF0,0x00,0x3C,0x00,
0xF0,0x00,0x3C,0x00,0xF0,0x00,0x3C,0x00,0xF0,0x00,0x3C,0x00,0xF0,0x00,0x3C,0x00,
0xF0,0x00,0x3C,0x00,0xFE,0x87,0xFF,0x01,0x00,0x00,0x00,0x00,0x00,0x00,0x00,0x00,
0x00,0x00,0x00,0x00,0x00,0x00,0x00,0x00,0x00,0x00,0x00,0x00,0x00,0x00,0x00,0x00,/*"H",40*/

0x00,0x00,0x00,0x00,0x00,0x00,0x00,0x00,0x00,0x00,0x00,0x00,0x00,0x00,0x00,0x00,
0x00,0x00,0x00,0x00,0x00,0x00,0x00,0x00,0x00,0x00,0x00,0x00,0x00,0x00,0x00,0x00,
0xE0,0xFF,0x1F,0x00,0x00,0x78,0x00,0x00,0x00,0x78,0x00,0x00,0x00,0x78,0x00,0x00,
0x00,0x78,0x00,0x00,0x00,0x78,0x00,0x00,0x00,0x78,0x00,0x00,0x00,0x78,0x00,0x00,
0x00,0x78,0x00,0x00,0x00,0x78,0x00,0x00,0x00,0x78,0x00,0x00,0x00,0x78,0x00,0x00,
0x00,0x78,0x00,0x00,0x00,0x78,0x00,0x00,0x00,0x78,0x00,0x00,0x00,0x78,0x00,0x00,
0x00,0x78,0x00,0x00,0x00,0x78,0x00,0x00,0x00,0x78,0x00,0x00,0x00,0x78,0x00,0x00,
0x00,0x78,0x00,0x00,0x00,0x78,0x00,0x00,0x00,0x78,0x00,0x00,0x00,0x78,0x00,0x00,
0x00,0x78,0x00,0x00,0x00,0x78,0x00,0x00,0x00,0x78,0x00,0x00,0x00,0x78,0x00,0x00,
0x00,0x78,0x00,0x00,0x00,0x78,0x00,0x00,0x00,0x78,0x00,0x00,0x00,0x78,0x00,0x00,
0x00,0x78,0x00,0x00,0xE0,0xFF,0x1F,0x00,0x00,0x00,0x00,0x00,0x00,0x00,0x00,0x00,
0x00,0x00,0x00,0x00,0x00,0x00,0x00,0x00,0x00,0x00,0x00,0x00,0x00,0x00,0x00,0x00,/*"I",41*/

0x00,0x00,0x00,0x00,0x00,0x00,0x00,0x00,0x00,0x00,0x00,0x00,0x00,0x00,0x00,0x00,
0x00,0x00,0x00,0x00,0x00,0x00,0x00,0x00,0x00,0x00,0x00,0x00,0x00,0x00,0x00,0x00,
0x00,0xFF,0xFF,0x00,0x00,0xC0,0x03,0x00,0x00,0xC0,0x03,0x00,0x00,0xC0,0x03,0x00,
0x00,0xC0,0x03,0x00,0x00,0xC0,0x03,0x00,0x00,0xC0,0x03,0x00,0x00,0xC0,0x03,0x00,
0x00,0xC0,0x03,0x00,0x00,0xC0,0x03,0x00,0x00,0xC0,0x03,0x00,0x00,0xC0,0x03,0x00,
0x00,0xC0,0x03,0x00,0x00,0xC0,0x03,0x00,0x00,0xC0,0x03,0x00,0x00,0xC0,0x03,0x00,
0x00,0xC0,0x03,0x00,0x00,0xC0,0x03,0x00,0x00,0xC0,0x03,0x00,0x00,0xC0,0x03,0x00,
0x00,0xC0,0x03,0x00,0x00,0xC0,0x03,0x00,0x00,0xC0,0x03,0x00,0x00,0xC0,0x03,0x00,
0x00,0xC0,0x03,0x00,0x00,0xC0,0x03,0x00,0x00,0xC0,0x03,0x00,0x00,0xC0,0x03,0x00,
0x00,0xC0,0x03,0x00,0x00,0xC0,0x03,0x00,0x00,0xC0,0x03,0x00,0x00,0xC0,0x03,0x00,
0x00,0xC0,0x03,0x00,0x00,0xC0,0x03,0x00,0x38,0xC0,0x01,0x00,0x7C,0xE0,0x01,0x00,
0x7C,0xE0,0x00,0x00,0x7C,0x70,0x00,0x00,0x78,0x38,0x00,0x00,0xE0,0x0F,0x00,0x00,/*"J",42*/

0x00,0x00,0x00,0x00,0x00,0x00,0x00,0x00,0x00,0x00,0x00,0x00,0x00,0x00,0x00,0x00,
0x00,0x00,0x00,0x00,0x00,0x00,0x00,0x00,0x00,0x00,0x00,0x00,0x00,0x00,0x00,0x00,
0xFE,0x87,0xFF,0x00,0xF0,0x00,0x3E,0x00,0xF0,0x00,0x1E,0x00,0xF0,0x00,0x0E,0x00,
0xF0,0x00,0x07,0x00,0xF0,0x00,0x03,0x00,0xF0,0x80,0x01,0x00,0xF0,0xC0,0x01,0x00,
0xF0,0xE0,0x00,0x00,0xF0,0x60,0x00,0x00,0xF0,0x70,0x00,0x00,0xF0,0x38,0x00,0x00,
0xF0,0x18,0x00,0x00,0xF0,0x3C,0x00,0x00,0xF0,0x3E,0x00,0x00,0xF0,0x7E,0x00,0x00,
0xF0,0x7B,0x00,0x00,0xF0,0xFB,0x00,0x00,0xF0,0xF1,0x00,0x00,0xF0,0xF0,0x01,0x00,
0xF0,0xE0,0x01,0x00,0xF0,0xE0,0x01,0x00,0xF0,0xC0,0x03,0x00,0xF0,0xC0,0x03,0x00,
0xF0,0x80,0x07,0x00,0xF0,0x80,0x07,0x00,0xF0,0x00,0x0F,0x00,0xF0,0x00,0x0F,0x00,
0xF0,0x00,0x1E,0x00,0xF0,0x00,0x1E,0x00,0xF0,0x00,0x3C,0x00,0xF0,0x00,0x3C,0x00,
0xF0,0x00,0x7C,0x00,0xFE,0x07,0xFF,0x01,0x00,0x00,0x00,0x00,0x00,0x00,0x00,0x00,
0x00,0x00,0x00,0x00,0x00,0x00,0x00,0x00,0x00,0x00,0x00,0x00,0x00,0x00,0x00,0x00,/*"K",43*/

0x00,0x00,0x00,0x00,0x00,0x00,0x00,0x00,0x00,0x00,0x00,0x00,0x00,0x00,0x00,0x00,
0x00,0x00,0x00,0x00,0x00,0x00,0x00,0x00,0x00,0x00,0x00,0x00,0x00,0x00,0x00,0x00,
0xFC,0x0F,0x00,0x00,0xE0,0x01,0x00,0x00,0xE0,0x01,0x00,0x00,0xE0,0x01,0x00,0x00,
0xE0,0x01,0x00,0x00,0xE0,0x01,0x00,0x00,0xE0,0x01,0x00,0x00,0xE0,0x01,0x00,0x00,
0xE0,0x01,0x00,0x00,0xE0,0x01,0x00,0x00,0xE0,0x01,0x00,0x00,0xE0,0x01,0x00,0x00,
0xE0,0x01,0x00,0x00,0xE0,0x01,0x00,0x00,0xE0,0x01,0x00,0x00,0xE0,0x01,0x00,0x00,
0xE0,0x01,0x00,0x00,0xE0,0x01,0x00,0x00,0xE0,0x01,0x00,0x00,0xE0,0x01,0x00,0x00,
0xE0,0x01,0x00,0x00,0xE0,0x01,0x00,0x00,0xE0,0x01,0x00,0x00,0xE0,0x01,0x00,0x00,
0xE0,0x01,0x00,0x00,0xE0,0x01,0x00,0x00,0xE0,0x01,0xC0,0x00,0xE0,0x01,0xC0,0x00,
0xE0,0x01,0x60,0x00,0xE0,0x01,0x60,0x00,0xE0,0x01,0x70,0x00,0xE0,0x01,0x78,0x00,
0xE0,0x01,0x7E,0x00,0xFC,0xFF,0x3F,0x00,0x00,0x00,0x00,0x00,0x00,0x00,0x00,0x00,
0x00,0x00,0x00,0x00,0x00,0x00,0x00,0x00,0x00,0x00,0x00,0x00,0x00,0x00,0x00,0x00,/*"L",44*/

0x00,0x00,0x00,0x00,0x00,0x00,0x00,0x00,0x00,0x00,0x00,0x00,0x00,0x00,0x00,0x00,
0x00,0x00,0x00,0x00,0x00,0x00,0x00,0x00,0x00,0x00,0x00,0x00,0x00,0x00,0x00,0x00,
0x7F,0x00,0xFC,0x03,0x78,0x00,0x7C,0x00,0xF8,0x00,0x7C,0x00,0xF8,0x00,0x7C,0x00,
0xF8,0x00,0x7E,0x00,0xF8,0x00,0x7E,0x00,0xF8,0x00,0x7E,0x00,0xF8,0x01,0x7E,0x00,
0xF8,0x01,0x7F,0x00,0xF8,0x01,0x7B,0x00,0xF8,0x01,0x7B,0x00,0xF8,0x03,0x7B,0x00,
0xD8,0x83,0x7B,0x00,0xD8,0x83,0x79,0x00,0xD8,0x83,0x79,0x00,0xD8,0x83,0x79,0x00,
0x98,0xC7,0x79,0x00,0x98,0xC7,0x79,0x00,0x98,0xC7,0x78,0x00,0x98,0xC7,0x78,0x00,
0x18,0xEF,0x78,0x00,0x18,0xEF,0x78,0x00,0x18,0x6F,0x78,0x00,0x18,0x6F,0x78,0x00,
0x18,0x7F,0x78,0x00,0x18,0x7E,0x78,0x00,0x18,0x3E,0x78,0x00,0x18,0x3E,0x78,0x00,
0x18,0x3E,0x78,0x00,0x18,0x3C,0x78,0x00,0x18,0x3C,0x78,0x00,0x18,0x1C,0x78,0x00,
0x18,0x1C,0x78,0x00,0x7E,0x1C,0xFF,0x03,0x00,0x00,0x00,0x00,0x00,0x00,0x00,0x00,
0x00,0x00,0x00,0x00,0x00,0x00,0x00,0x00,0x00,0x00,0x00,0x00,0x00,0x00,0x00,0x00,/*"M",45*/

0x00,0x00,0x00,0x00,0x00,0x00,0x00,0x00,0x00,0x00,0x00,0x00,0x00,0x00,0x00,0x00,
0x00,0x00,0x00,0x00,0x00,0x00,0x00,0x00,0x00,0x00,0x00,0x00,0x00,0x00,0x00,0x00,
0xFE,0x00,0xFE,0x01,0xF0,0x00,0x30,0x00,0xF0,0x01,0x30,0x00,0xF0,0x01,0x30,0x00,
0xF0,0x03,0x30,0x00,0xF0,0x03,0x30,0x00,0xF0,0x07,0x30,0x00,0xB0,0x07,0x30,0x00,
0xB0,0x0F,0x30,0x00,0x30,0x0F,0x30,0x00,0x30,0x1F,0x30,0x00,0x30,0x1E,0x30,0x00,
0x30,0x3E,0x30,0x00,0x30,0x3C,0x30,0x00,0x30,0x7C,0x30,0x00,0x30,0x78,0x30,0x00,
0x30,0xF8,0x30,0x00,0x30,0xF0,0x30,0x00,0x30,0xF0,0x31,0x00,0x30,0xE0,0x31,0x00,
0x30,0xE0,0x33,0x00,0x30,0xC0,0x33,0x00,0x30,0xC0,0x37,0x00,0x30,0x80,0x37,0x00,
0x30,0x80,0x3F,0x00,0x30,0x00,0x3F,0x00,0x30,0x00,0x3F,0x00,0x30,0x00,0x3E,0x00,
0x30,0x00,0x3E,0x00,0x30,0x00,0x3C,0x00,0x30,0x00,0x3C,0x00,0x30,0x00,0x38,0x00,
0x30,0x00,0x38,0x00,0xFE,0x01,0x30,0x00,0x00,0x00,0x00,0x00,0x00,0x00,0x00,0x00,
0x00,0x00,0x00,0x00,0x00,0x00,0x00,0x00,0x00,0x00,0x00,0x00,0x00,0x00,0x00,0x00,/*"N",46*/

0x00,0x00,0x00,0x00,0x00,0x00,0x00,0x00,0x00,0x00,0x00,0x00,0x00,0x00,0x00,0x00,
0x00,0x00,0x00,0x00,0x00,0x00,0x00,0x00,0x00,0x00,0x00,0x00,0x00,0x00,0x00,0x00,
0x00,0xFC,0x01,0x00,0x00,0x0F,0x07,0x00,0x80,0x03,0x0E,0x00,0xC0,0x01,0x1C,0x00,
0xE0,0x00,0x38,0x00,0xE0,0x00,0x38,0x00,0x70,0x00,0x70,0x00,0x70,0x00,0x70,0x00,
0x78,0x00,0xF0,0x00,0x78,0x00,0xF0,0x00,0x38,0x00,0xE0,0x00,0x3C,0x00,0xE0,0x01,
0x3C,0x00,0xE0,0x01,0x3C,0x00,0xE0,0x01,0x3C,0x00,0xE0,0x01,0x3C,0x00,0xE0,0x01,
0x3C,0x00,0xE0,0x01,0x3C,0x00,0xE0,0x01,0x3C,0x00,0xE0,0x01,0x3C,0x00,0xE0,0x01,
0x3C,0x00,0xE0,0x01,0x3C,0x00,0xE0,0x01,0x3C,0x00,0xE0,0x01,0x38,0x00,0xE0,0x00,
0x78,0x00,0xF0,0x00,0x78,0x00,0xF0,0x00,0x70,0x00,0x70,0x00,0x70,0x00,0x70,0x00,
0xE0,0x00,0x38,0x00,0xE0,0x01,0x38,0x00,0xC0,0x01,0x1C,0x00,0x80,0x03,0x0E,0x00,
0x00,0x0F,0x07,0x00,0x00,0xFC,0x01,0x00,0x00,0x00,0x00,0x00,0x00,0x00,0x00,0x00,
0x00,0x00,0x00,0x00,0x00,0x00,0x00,0x00,0x00,0x00,0x00,0x00,0x00,0x00,0x00,0x00,/*"O",47*/

0x00,0x00,0x00,0x00,0x00,0x00,0x00,0x00,0x00,0x00,0x00,0x00,0x00,0x00,0x00,0x00,
0x00,0x00,0x00,0x00,0x00,0x00,0x00,0x00,0x00,0x00,0x00,0x00,0x00,0x00,0x00,0x00,
0xFE,0xFF,0x03,0x00,0xF0,0x00,0x0F,0x00,0xF0,0x00,0x1C,0x00,0xF0,0x00,0x38,0x00,
0xF0,0x00,0x78,0x00,0xF0,0x00,0x70,0x00,0xF0,0x00,0xF0,0x00,0xF0,0x00,0xF0,0x00,
0xF0,0x00,0xF0,0x00,0xF0,0x00,0xF0,0x00,0xF0,0x00,0xF0,0x00,0xF0,0x00,0xF0,0x00,
0xF0,0x00,0x78,0x00,0xF0,0x00,0x78,0x00,0xF0,0x00,0x3C,0x00,0xF0,0x00,0x1E,0x00,
0xF0,0x80,0x0F,0x00,0xF0,0xFF,0x03,0x00,0xF0,0x00,0x00,0x00,0xF0,0x00,0x00,0x00,
0xF0,0x00,0x00,0x00,0xF0,0x00,0x00,0x00,0xF0,0x00,0x00,0x00,0xF0,0x00,0x00,0x00,
0xF0,0x00,0x00,0x00,0xF0,0x00,0x00,0x00,0xF0,0x00,0x00,0x00,0xF0,0x00,0x00,0x00,
0xF0,0x00,0x00,0x00,0xF0,0x00,0x00,0x00,0xF0,0x00,0x00,0x00,0xF0,0x00,0x00,0x00,
0xF0,0x00,0x00,0x00,0xFE,0x07,0x00,0x00,0x00,0x00,0x00,0x00,0x00,0x00,0x00,0x00,
0x00,0x00,0x00,0x00,0x00,0x00,0x00,0x00,0x00,0x00,0x00,0x00,0x00,0x00,0x00,0x00,/*"P",48*/

0x00,0x00,0x00,0x00,0x00,0x00,0x00,0x00,0x00,0x00,0x00,0x00,0x00,0x00,0x00,0x00,
0x00,0x00,0x00,0x00,0x00,0x00,0x00,0x00,0x00,0x00,0x00,0x00,0x00,0x00,0x00,0x00,
0x00,0xFC,0x00,0x00,0x00,0x87,0x03,0x00,0xC0,0x03,0x06,0x00,0xC0,0x01,0x0E,0x00,
0xE0,0x00,0x1C,0x00,0xF0,0x00,0x3C,0x00,0x70,0x00,0x38,0x00,0x78,0x00,0x78,0x00,
0x78,0x00,0x78,0x00,0x78,0x00,0x78,0x00,0x38,0x00,0x70,0x00,0x3C,0x00,0xF0,0x00,
0x3C,0x00,0xF0,0x00,0x3C,0x00,0xF0,0x00,0x3C,0x00,0xF0,0x00,0x3C,0x00,0xF0,0x00,
0x3C,0x00,0xF0,0x00,0x3C,0x00,0xF0,0x00,0x3C,0x00,0xF0,0x00,0x3C,0x00,0xF0,0x00,
0x3C,0x00,0xF0,0x00,0x3C,0x00,0xF0,0x00,0x3C,0x00,0xF0,0x00,0x38,0x00,0xF0,0x00,
0x38,0x3E,0x70,0x00,0xF8,0xFF,0x78,0x00,0xF8,0xF3,0x78,0x00,0xF0,0xE1,0x39,0x00,
0xF0,0xE1,0x39,0x00,0xE0,0xC1,0x1F,0x00,0xC0,0xC1,0x1F,0x00,0x80,0xC3,0x0F,0x00,
0x00,0xC7,0x07,0x00,0x00,0xFC,0x07,0x00,0x00,0x80,0x67,0x00,0x00,0x80,0x3F,0x00,
0x00,0x00,0x3F,0x00,0x00,0x00,0x1E,0x00,0x00,0x00,0x00,0x00,0x00,0x00,0x00,0x00,/*"Q",49*/

0x00,0x00,0x00,0x00,0x00,0x00,0x00,0x00,0x00,0x00,0x00,0x00,0x00,0x00,0x00,0x00,
0x00,0x00,0x00,0x00,0x00,0x00,0x00,0x00,0x00,0x00,0x00,0x00,0x00,0x00,0x00,0x00,
0xFC,0xFF,0x03,0x00,0xE0,0x81,0x0F,0x00,0xE0,0x01,0x1E,0x00,0xE0,0x01,0x3C,0x00,
0xE0,0x01,0x3C,0x00,0xE0,0x01,0x78,0x00,0xE0,0x01,0x78,0x00,0xE0,0x01,0x78,0x00,
0xE0,0x01,0x78,0x00,0xE0,0x01,0x78,0x00,0xE0,0x01,0x78,0x00,0xE0,0x01,0x78,0x00,
0xE0,0x01,0x3C,0x00,0xE0,0x01,0x3C,0x00,0xE0,0x01,0x1E,0x00,0xE0,0x81,0x07,0x00,
0xE0,0xFF,0x03,0x00,0xE0,0xE1,0x00,0x00,0xE0,0xE1,0x01,0x00,0xE0,0xE1,0x01,0x00,
0xE0,0xC1,0x03,0x00,0xE0,0xC1,0x03,0x00,0xE0,0xC1,0x03,0x00,0xE0,0x81,0x07,0x00,
0xE0,0x81,0x07,0x00,0xE0,0x81,0x0F,0x00,0xE0,0x01,0x0F,0x00,0xE0,0x01,0x0F,0x00,
0xE0,0x01,0x1E,0x00,0xE0,0x01,0x1E,0x00,0xE0,0x01,0x1E,0x00,0xE0,0x01,0x3C,0x00,
0xE0,0x01,0x3C,0x00,0xFC,0x0F,0xFC,0x01,0x00,0x00,0x00,0x00,0x00,0x00,0x00,0x00,
0x00,0x00,0x00,0x00,0x00,0x00,0x00,0x00,0x00,0x00,0x00,0x00,0x00,0x00,0x00,0x00,/*"R",50*/

0x00,0x00,0x00,0x00,0x00,0x00,0x00,0x00,0x00,0x00,0x00,0x00,0x00,0x00,0x00,0x00,
0x00,0x00,0x00,0x00,0x00,0x00,0x00,0x00,0x00,0x00,0x00,0x00,0x00,0x00,0x00,0x00,
0x00,0xFF,0x01,0x00,0xC0,0x81,0x1F,0x00,0xE0,0x00,0x1F,0x00,0x70,0x00,0x3E,0x00,
0x78,0x00,0x3C,0x00,0x38,0x00,0x38,0x00,0x3C,0x00,0x38,0x00,0x3C,0x00,0x30,0x00,
0x3C,0x00,0x00,0x00,0x3C,0x00,0x00,0x00,0x7C,0x00,0x00,0x00,0xF8,0x00,0x00,0x00,
0xF8,0x01,0x00,0x00,0xF0,0x07,0x00,0x00,0xE0,0x1F,0x00,0x00,0x80,0x7F,0x00,0x00,
0x00,0xFE,0x01,0x00,0x00,0xF8,0x07,0x00,0x00,0xE0,0x0F,0x00,0x00,0x80,0x1F,0x00,
0x00,0x00,0x3F,0x00,0x00,0x00,0x3E,0x00,0x00,0x00,0x7C,0x00,0x00,0x00,0x78,0x00,
0x0C,0x00,0x78,0x00,0x1C,0x00,0x78,0x00,0x1C,0x00,0x78,0x00,0x18,0x00,0x78,0x00,
0x38,0x00,0x38,0x00,0x78,0x00,0x3C,0x00,0x78,0x00,0x1C,0x00,0xF8,0x01,0x0E,0x00,
0xF8,0x83,0x07,0x00,0x38,0xFE,0x01,0x00,0x00,0x00,0x00,0x00,0x00,0x00,0x00,0x00,
0x00,0x00,0x00,0x00,0x00,0x00,0x00,0x00,0x00,0x00,0x00,0x00,0x00,0x00,0x00,0x00,/*"S",51*/

0x00,0x00,0x00,0x00,0x00,0x00,0x00,0x00,0x00,0x00,0x00,0x00,0x00,0x00,0x00,0x00,
0x00,0x00,0x00,0x00,0x00,0x00,0x00,0x00,0x00,0x00,0x00,0x00,0x00,0x00,0x00,0x00,
0xF0,0xFF,0x7F,0x00,0x78,0x78,0x78,0x00,0x38,0x78,0x70,0x00,0x38,0x78,0x60,0x00,
0x18,0x78,0x60,0x00,0x1C,0x78,0xE0,0x00,0x0C,0x78,0xC0,0x00,0x00,0x78,0x00,0x00,
0x00,0x78,0x00,0x00,0x00,0x78,0x00,0x00,0x00,0x78,0x00,0x00,0x00,0x78,0x00,0x00,
0x00,0x78,0x00,0x00,0x00,0x78,0x00,0x00,0x00,0x78,0x00,0x00,0x00,0x78,0x00,0x00,
0x00,0x78,0x00,0x00,0x00,0x78,0x00,0x00,0x00,0x78,0x00,0x00,0x00,0x78,0x00,0x00,
0x00,0x78,0x00,0x00,0x00,0x78,0x00,0x00,0x00,0x78,0x00,0x00,0x00,0x78,0x00,0x00,
0x00,0x78,0x00,0x00,0x00,0x78,0x00,0x00,0x00,0x78,0x00,0x00,0x00,0x78,0x00,0x00,
0x00,0x78,0x00,0x00,0x00,0x78,0x00,0x00,0x00,0x78,0x00,0x00,0x00,0x78,0x00,0x00,
0x00,0x78,0x00,0x00,0x80,0xFF,0x07,0x00,0x00,0x00,0x00,0x00,0x00,0x00,0x00,0x00,
0x00,0x00,0x00,0x00,0x00,0x00,0x00,0x00,0x00,0x00,0x00,0x00,0x00,0x00,0x00,0x00,/*"T",52*/

0x00,0x00,0x00,0x00,0x00,0x00,0x00,0x00,0x00,0x00,0x00,0x00,0x00,0x00,0x00,0x00,
0x00,0x00,0x00,0x00,0x00,0x00,0x00,0x00,0x00,0x00,0x00,0x00,0x00,0x00,0x00,0x00,
0xFE,0x07,0xFE,0x01,0xF0,0x00,0x30,0x00,0xF0,0x00,0x30,0x00,0xF0,0x00,0x30,0x00,
0xF0,0x00,0x30,0x00,0xF0,0x00,0x30,0x00,0xF0,0x00,0x30,0x00,0xF0,0x00,0x30,0x00,
0xF0,0x00,0x30,0x00,0xF0,0x00,0x30,0x00,0xF0,0x00,0x30,0x00,0xF0,0x00,0x30,0x00,
0xF0,0x00,0x30,0x00,0xF0,0x00,0x30,0x00,0xF0,0x00,0x30,0x00,0xF0,0x00,0x30,0x00,
0xF0,0x00,0x30,0x00,0xF0,0x00,0x30,0x00,0xF0,0x00,0x30,0x00,0xF0,0x00,0x30,0x00,
0xF0,0x00,0x30,0x00,0xF0,0x00,0x30,0x00,0xF0,0x00,0x30,0x00,0xF0,0x00,0x30,0x00,
0xF0,0x00,0x30,0x00,0xF0,0x00,0x30,0x00,0xF0,0x00,0x30,0x00,0xF0,0x00,0x30,0x00,
0xF0,0x00,0x30,0x00,0xE0,0x00,0x18,0x00,0xE0,0x01,0x1C,0x00,0xC0,0x03,0x0E,0x00,
0x80,0x07,0x03,0x00,0x00,0xFE,0x01,0x00,0x00,0x00,0x00,0x00,0x00,0x00,0x00,0x00,
0x00,0x00,0x00,0x00,0x00,0x00,0x00,0x00,0x00,0x00,0x00,0x00,0x00,0x00,0x00,0x00,/*"U",53*/

0x00,0x00,0x00,0x00,0x00,0x00,0x00,0x00,0x00,0x00,0x00,0x00,0x00,0x00,0x00,0x00,
0x00,0x00,0x00,0x00,0x00,0x00,0x00,0x00,0x00,0x00,0x00,0x00,0x00,0x00,0x00,0x00,
0xFE,0x03,0xFE,0x01,0xF8,0x00,0x78,0x00,0xF0,0x00,0x38,0x00,0xF0,0x00,0x38,0x00,
0xF0,0x01,0x18,0x00,0xE0,0x01,0x18,0x00,0xE0,0x01,0x1C,0x00,0xE0,0x01,0x1C,0x00,
0xE0,0x03,0x0C,0x00,0xC0,0x03,0x0C,0x00,0xC0,0x03,0x0E,0x00,0xC0,0x03,0x0E,0x00,
0xC0,0x03,0x06,0x00,0xC0,0x07,0x06,0x00,0x80,0x07,0x07,0x00,0x80,0x07,0x07,0x00,
0x80,0x07,0x03,0x00,0x80,0x0F,0x03,0x00,0x00,0x8F,0x03,0x00,0x00,0x8F,0x01,0x00,
0x00,0x8F,0x01,0x00,0x00,0x9F,0x01,0x00,0x00,0xDE,0x01,0x00,0x00,0xDE,0x00,0x00,
0x00,0xDE,0x00,0x00,0x00,0xFE,0x00,0x00,0x00,0xFC,0x00,0x00,0x00,0x7C,0x00,0x00,
0x00,0x7C,0x00,0x00,0x00,0x7C,0x00,0x00,0x00,0x78,0x00,0x00,0x00,0x38,0x00,0x00,
0x00,0x38,0x00,0x00,0x00,0x38,0x00,0x00,0x00,0x00,0x00,0x00,0x00,0x00,0x00,0x00,
0x00,0x00,0x00,0x00,0x00,0x00,0x00,0x00,0x00,0x00,0x00,0x00,0x00,0x00,0x00,0x00,/*"V",54*/

0x00,0x00,0x00,0x00,0x00,0x00,0x00,0x00,0x00,0x00,0x00,0x00,0x00,0x00,0x00,0x00,
0x00,0x00,0x00,0x00,0x00,0x00,0x00,0x00,0x00,0x00,0x00,0x00,0x00,0x00,0x00,0x00,
0xFF,0xFE,0xF9,0x03,0x3C,0x78,0xE0,0x00,0x3C,0x78,0xE0,0x00,0x3C,0x78,0x60,0x00,
0x3C,0x70,0x60,0x00,0x3C,0xF0,0x60,0x00,0x38,0xF0,0x60,0x00,0x78,0xF0,0x70,0x00,
0x78,0xF0,0x70,0x00,0x78,0xF0,0x30,0x00,0x78,0xF8,0x30,0x00,0x78,0xF8,0x30,0x00,
0x70,0xF8,0x31,0x00,0x70,0xF8,0x39,0x00,0xF0,0xF8,0x39,0x00,0xF0,0xFC,0x19,0x00,
0xF0,0xFC,0x19,0x00,0xF0,0xEC,0x19,0x00,0xF0,0xCC,0x1D,0x00,0xE0,0xCC,0x1F,0x00,
0xE0,0xCE,0x0F,0x00,0xE0,0xCF,0x0F,0x00,0xE0,0xC7,0x0F,0x00,0xE0,0xC7,0x0F,0x00,
0xE0,0xC7,0x0F,0x00,0xC0,0x87,0x0F,0x00,0xC0,0x87,0x07,0x00,0xC0,0x83,0x07,0x00,
0xC0,0x83,0x07,0x00,0xC0,0x83,0x07,0x00,0xC0,0x83,0x07,0x00,0xC0,0x03,0x07,0x00,
0x80,0x01,0x03,0x00,0x80,0x01,0x03,0x00,0x00,0x00,0x00,0x00,0x00,0x00,0x00,0x00,
0x00,0x00,0x00,0x00,0x00,0x00,0x00,0x00,0x00,0x00,0x00,0x00,0x00,0x00,0x00,0x00,/*"W",55*/

0x00,0x00,0x00,0x00,0x00,0x00,0x00,0x00,0x00,0x00,0x00,0x00,0x00,0x00,0x00,0x00,
0x00,0x00,0x00,0x00,0x00,0x00,0x00,0x00,0x00,0x00,0x00,0x00,0x00,0x00,0x00,0x00,
0xFC,0x87,0xFF,0x00,0xF0,0x01,0x3C,0x00,0xF0,0x01,0x1C,0x00,0xE0,0x01,0x0C,0x00,
0xE0,0x01,0x0E,0x00,0xC0,0x03,0x06,0x00,0xC0,0x03,0x07,0x00,0x80,0x07,0x07,0x00,
0x80,0x87,0x03,0x00,0x00,0x8F,0x03,0x00,0x00,0xCF,0x01,0x00,0x00,0xDE,0x01,0x00,
0x00,0xFE,0x00,0x00,0x00,0xFC,0x00,0x00,0x00,0x7C,0x00,0x00,0x00,0x78,0x00,0x00,
0x00,0x78,0x00,0x00,0x00,0x78,0x00,0x00,0x00,0xFC,0x00,0x00,0x00,0xFC,0x00,0x00,
0x00,0xEC,0x01,0x00,0x00,0xEE,0x01,0x00,0x00,0xE6,0x03,0x00,0x00,0xC7,0x03,0x00,
0x00,0xC7,0x07,0x00,0x80,0x83,0x07,0x00,0x80,0x83,0x0F,0x00,0xC0,0x01,0x0F,0x00,
0xC0,0x01,0x1F,0x00,0xE0,0x00,0x1E,0x00,0xE0,0x00,0x1E,0x00,0x70,0x00,0x3C,0x00,
0xF8,0x00,0x7C,0x00,0xFE,0x03,0xFF,0x01,0x00,0x00,0x00,0x00,0x00,0x00,0x00,0x00,
0x00,0x00,0x00,0x00,0x00,0x00,0x00,0x00,0x00,0x00,0x00,0x00,0x00,0x00,0x00,0x00,/*"X",56*/

0x00,0x00,0x00,0x00,0x00,0x00,0x00,0x00,0x00,0x00,0x00,0x00,0x00,0x00,0x00,0x00,
0x00,0x00,0x00,0x00,0x00,0x00,0x00,0x00,0x00,0x00,0x00,0x00,0x00,0x00,0x00,0x00,
0xFE,0x07,0xFF,0x01,0xF8,0x00,0x78,0x00,0xF0,0x00,0x38,0x00,0xF0,0x00,0x18,0x00,
0xF0,0x01,0x1C,0x00,0xE0,0x01,0x1C,0x00,0xE0,0x01,0x0C,0x00,0xC0,0x03,0x0E,0x00,
0xC0,0x03,0x06,0x00,0xC0,0x07,0x07,0x00,0x80,0x07,0x07,0x00,0x80,0x07,0x03,0x00,
0x00,0x8F,0x03,0x00,0x00,0x8F,0x01,0x00,0x00,0xDF,0x01,0x00,0x00,0xDE,0x01,0x00,
0x00,0xDE,0x00,0x00,0x00,0xFC,0x00,0x00,0x00,0x7C,0x00,0x00,0x00,0x7C,0x00,0x00,
0x00,0x78,0x00,0x00,0x00,0x78,0x00,0x00,0x00,0x78,0x00,0x00,0x00,0x78,0x00,0x00,
0x00,0x78,0x00,0x00,0x00,0x78,0x00,0x00,0x00,0x78,0x00,0x00,0x00,0x78,0x00,0x00,
0x00,0x78,0x00,0x00,0x00,0x78,0x00,0x00,0x00,0x78,0x00,0x00,0x00,0x78,0x00,0x00,
0x00,0x78,0x00,0x00,0x80,0xFF,0x07,0x00,0x00,0x00,0x00,0x00,0x00,0x00,0x00,0x00,
0x00,0x00,0x00,0x00,0x00,0x00,0x00,0x00,0x00,0x00,0x00,0x00,0x00,0x00,0x00,0x00,/*"Y",57*/

0x00,0x00,0x00,0x00,0x00,0x00,0x00,0x00,0x00,0x00,0x00,0x00,0x00,0x00,0x00,0x00,
0x00,0x00,0x00,0x00,0x00,0x00,0x00,0x00,0x00,0x00,0x00,0x00,0x00,0x00,0x00,0x00,
0xE0,0xFF,0xFF,0x00,0xE0,0x07,0x78,0x00,0xF0,0x01,0x7C,0x00,0xF0,0x00,0x3C,0x00,
0x70,0x00,0x3E,0x00,0x38,0x00,0x1E,0x00,0x18,0x00,0x1F,0x00,0x00,0x00,0x0F,0x00,
0x00,0x80,0x0F,0x00,0x00,0x80,0x07,0x00,0x00,0xC0,0x07,0x00,0x00,0xC0,0x03,0x00,
0x00,0xE0,0x03,0x00,0x00,0xE0,0x01,0x00,0x00,0xF0,0x00,0x00,0x00,0xF0,0x00,0x00,
0x00,0x78,0x00,0x00,0x00,0x78,0x00,0x00,0x00,0x3C,0x00,0x00,0x00,0x3C,0x00,0x00,
0x00,0x1E,0x00,0x00,0x00,0x1F,0x00,0x00,0x00,0x0F,0x00,0x00,0x80,0x0F,0x00,0x00,
0x80,0x07,0x00,0x00,0xC0,0x07,0x00,0x00,0xC0,0x03,0xC0,0x00,0xE0,0x03,0xE0,0x00,
0xE0,0x01,0x60,0x00,0xF0,0x01,0x70,0x00,0xF0,0x00,0x78,0x00,0xF8,0x00,0x7C,0x00,
0x78,0x00,0x3E,0x00,0xFC,0xFF,0x3F,0x00,0x00,0x00,0x00,0x00,0x00,0x00,0x00,0x00,
0x00,0x00,0x00,0x00,0x00,0x00,0x00,0x00,0x00,0x00,0x00,0x00,0x00,0x00,0x00,0x00,/*"Z",58*/

0x00,0x00,0x00,0x00,0x00,0x00,0x00,0x00,0x00,0xFC,0x3F,0x00,0x00,0xFC,0x3F,0x00,
0x00,0x1C,0x00,0x00,0x00,0x1C,0x00,0x00,0x00,0x1C,0x00,0x00,0x00,0x1C,0x00,0x00,
0x00,0x1C,0x00,0x00,0x00,0x1C,0x00,0x00,0x00,0x1C,0x00,0x00,0x00,0x1C,0x00,0x00,
0x00,0x1C,0x00,0x00,0x00,0x1C,0x00,0x00,0x00,0x1C,0x00,0x00,0x00,0x1C,0x00,0x00,
0x00,0x1C,0x00,0x00,0x00,0x1C,0x00,0x00,0x00,0x1C,0x00,0x00,0x00,0x1C,0x00,0x00,
0x00,0x1C,0x00,0x00,0x00,0x1C,0x00,0x00,0x00,0x1C,0x00,0x00,0x00,0x1C,0x00,0x00,
0x00,0x1C,0x00,0x00,0x00,0x1C,0x00,0x00,0x00,0x1C,0x00,0x00,0x00,0x1C,0x00,0x00,
0x00,0x1C,0x00,0x00,0x00,0x1C,0x00,0x00,0x00,0x1C,0x00,0x00,0x00,0x1C,0x00,0x00,
0x00,0x1C,0x00,0x00,0x00,0x1C,0x00,0x00,0x00,0x1C,0x00,0x00,0x00,0x1C,0x00,0x00,
0x00,0x1C,0x00,0x00,0x00,0x1C,0x00,0x00,0x00,0x1C,0x00,0x00,0x00,0x1C,0x00,0x00,
0x00,0x1C,0x00,0x00,0x00,0x1C,0x00,0x00,0x00,0x1C,0x00,0x00,0x00,0x1C,0x00,0x00,
0x00,0xFC,0x3F,0x00,0x00,0xFC,0x3F,0x00,0x00,0x00,0x00,0x00,0x00,0x00,0x00,0x00,/*"[",59*/

0x00,0x00,0x00,0x00,0x00,0x00,0x00,0x00,0x00,0x00,0x00,0x00,0x00,0x00,0x00,0x00,
0x00,0x00,0x00,0x00,0x00,0x00,0x00,0x00,0x70,0x00,0x00,0x00,0x70,0x00,0x00,0x00,
0xF0,0x00,0x00,0x00,0xE0,0x00,0x00,0x00,0xE0,0x01,0x00,0x00,0xC0,0x01,0x00,0x00,
0xC0,0x01,0x00,0x00,0x80,0x03,0x00,0x00,0x80,0x03,0x00,0x00,0x80,0x07,0x00,0x00,
0x00,0x07,0x00,0x00,0x00,0x0F,0x00,0x00,0x00,0x0E,0x00,0x00,0x00,0x0E,0x00,0x00,
0x00,0x1C,0x00,0x00,0x00,0x1C,0x00,0x00,0x00,0x3C,0x00,0x00,0x00,0x38,0x00,0x00,
0x00,0x78,0x00,0x00,0x00,0x70,0x00,0x00,0x00,0x70,0x00,0x00,0x00,0xE0,0x00,0x00,
0x00,0xE0,0x00,0x00,0x00,0xE0,0x01,0x00,0x00,0xC0,0x01,0x00,0x00,0xC0,0x01,0x00,
0x00,0x80,0x03,0x00,0x00,0x80,0x03,0x00,0x00,0x00,0x07,0x00,0x00,0x00,0x07,0x00,
0x00,0x00,0x0F,0x00,0x00,0x00,0x0E,0x00,0x00,0x00,0x0E,0x00,0x00,0x00,0x1C,0x00,
0x00,0x00,0x1C,0x00,0x00,0x00,0x38,0x00,0x00,0x00,0x38,0x00,0x00,0x00,0x78,0x00,
0x00,0x00,0x70,0x00,0x00,0x00,0x70,0x00,0x00,0x00,0xE0,0x00,0x00,0x00,0x00,0x00,/*"\",60*/

0x00,0x00,0x00,0x00,0x00,0x00,0x00,0x00,0xF8,0xFF,0x00,0x00,0xF8,0xFF,0x00,0x00,
0x00,0xE0,0x00,0x00,0x00,0xE0,0x00,0x00,0x00,0xE0,0x00,0x00,0x00,0xE0,0x00,0x00,
0x00,0xE0,0x00,0x00,0x00,0xE0,0x00,0x00,0x00,0xE0,0x00,0x00,0x00,0xE0,0x00,0x00,
0x00,0xE0,0x00,0x00,0x00,0xE0,0x00,0x00,0x00,0xE0,0x00,0x00,0x00,0xE0,0x00,0x00,
0x00,0xE0,0x00,0x00,0x00,0xE0,0x00,0x00,0x00,0xE0,0x00,0x00,0x00,0xE0,0x00,0x00,
0x00,0xE0,0x00,0x00,0x00,0xE0,0x00,0x00,0x00,0xE0,0x00,0x00,0x00,0xE0,0x00,0x00,
0x00,0xE0,0x00,0x00,0x00,0xE0,0x00,0x00,0x00,0xE0,0x00,0x00,0x00,0xE0,0x00,0x00,
0x00,0xE0,0x00,0x00,0x00,0xE0,0x00,0x00,0x00,0xE0,0x00,0x00,0x00,0xE0,0x00,0x00,
0x00,0xE0,0x00,0x00,0x00,0xE0,0x00,0x00,0x00,0xE0,0x00,0x00,0x00,0xE0,0x00,0x00,
0x00,0xE0,0x00,0x00,0x00,0xE0,0x00,0x00,0x00,0xE0,0x00,0x00,0x00,0xE0,0x00,0x00,
0x00,0xE0,0x00,0x00,0x00,0xE0,0x00,0x00,0x00,0xE0,0x00,0x00,0x00,0xE0,0x00,0x00,
0xF8,0xFF,0x00,0x00,0xF8,0xFF,0x00,0x00,0x00,0x00,0x00,0x00,0x00,0x00,0x00,0x00,/*"]",61*/

0x00,0x00,0x00,0x00,0x00,0xFC,0x00,0x00,0x00,0xFE,0x01,0x00,0x00,0xFF,0x03,0x00,
0x00,0x87,0x03,0x00,0x80,0x03,0x07,0x00,0xC0,0x00,0x0C,0x00,0x00,0x00,0x00,0x00,
0x00,0x00,0x00,0x00,0x00,0x00,0x00,0x00,0x00,0x00,0x00,0x00,0x00,0x00,0x00,0x00,
0x00,0x00,0x00,0x00,0x00,0x00,0x00,0x00,0x00,0x00,0x00,0x00,0x00,0x00,0x00,0x00,
0x00,0x00,0x00,0x00,0x00,0x00,0x00,0x00,0x00,0x00,0x00,0x00,0x00,0x00,0x00,0x00,
0x00,0x00,0x00,0x00,0x00,0x00,0x00,0x00,0x00,0x00,0x00,0x00,0x00,0x00,0x00,0x00,
0x00,0x00,0x00,0x00,0x00,0x00,0x00,0x00,0x00,0x00,0x00,0x00,0x00,0x00,0x00,0x00,
0x00,0x00,0x00,0x00,0x00,0x00,0x00,0x00,0x00,0x00,0x00,0x00,0x00,0x00,0x00,0x00,
0x00,0x00,0x00,0x00,0x00,0x00,0x00,0x00,0x00,0x00,0x00,0x00,0x00,0x00,0x00,0x00,
0x00,0x00,0x00,0x00,0x00,0x00,0x00,0x00,0x00,0x00,0x00,0x00,0x00,0x00,0x00,0x00,
0x00,0x00,0x00,0x00,0x00,0x00,0x00,0x00,0x00,0x00,0x00,0x00,0x00,0x00,0x00,0x00,
0x00,0x00,0x00,0x00,0x00,0x00,0x00,0x00,0x00,0x00,0x00,0x00,0x00,0x00,0x00,0x00,/*"^",62*/

0x00,0x00,0x00,0x00,0x00,0x00,0x00,0x00,0x00,0x00,0x00,0x00,0x00,0x00,0x00,0x00,
0x00,0x00,0x00,0x00,0x00,0x00,0x00,0x00,0x00,0x00,0x00,0x00,0x00,0x00,0x00,0x00,
0x00,0x00,0x00,0x00,0x00,0x00,0x00,0x00,0x00,0x00,0x00,0x00,0x00,0x00,0x00,0x00,
0x00,0x00,0x00,0x00,0x00,0x00,0x00,0x00,0x00,0x00,0x00,0x00,0x00,0x00,0x00,0x00,
0x00,0x00,0x00,0x00,0x00,0x00,0x00,0x00,0x00,0x00,0x00,0x00,0x00,0x00,0x00,0x00,
0x00,0x00,0x00,0x00,0x00,0x00,0x00,0x00,0x00,0x00,0x00,0x00,0x00,0x00,0x00,0x00,
0x00,0x00,0x00,0x00,0x00,0x00,0x00,0x00,0x00,0x00,0x00,0x00,0x00,0x00,0x00,0x00,
0x00,0x00,0x00,0x00,0x00,0x00,0x00,0x00,0x00,0x00,0x00,0x00,0x00,0x00,0x00,0x00,
0x00,0x00,0x00,0x00,0x00,0x00,0x00,0x00,0x00,0x00,0x00,0x00,0x00,0x00,0x00,0x00,
0x00,0x00,0x00,0x00,0x00,0x00,0x00,0x00,0x00,0x00,0x00,0x00,0x00,0x00,0x00,0x00,
0x00,0x00,0x00,0x00,0x00,0x00,0x00,0x00,0x00,0x00,0x00,0x00,0x00,0x00,0x00,0x00,
0x00,0x00,0x00,0x00,0x00,0x00,0x00,0x00,0x00,0x00,0x00,0x00,0x00,0x00,0x00,0x00,/*"_",63*/

0x00,0x00,0x00,0x00,0x00,0x00,0x00,0x00,0xF0,0x07,0x00,0x00,0xC0,0x0F,0x00,0x00,
0x00,0x1F,0x00,0x00,0x00,0x3C,0x00,0x00,0x00,0x60,0x00,0x00,0x00,0x00,0x00,0x00,
0x00,0x00,0x00,0x00,0x00,0x00,0x00,0x00,0x00,0x00,0x00,0x00,0x00,0x00,0x00,0x00,
0x00,0x00,0x00,0x00,0x00,0x00,0x00,0x00,0x00,0x00,0x00,0x00,0x00,0x00,0x00,0x00,
0x00,0x00,0x00,0x00,0x00,0x00,0x00,0x00,0x00,0x00,0x00,0x00,0x00,0x00,0x00,0x00,
0x00,0x00,0x00,0x00,0x00,0x00,0x00,0x00,0x00,0x00,0x00,0x00,0x00,0x00,0x00,0x00,
0x00,0x00,0x00,0x00,0x00,0x00,0x00,0x00,0x00,0x00,0x00,0x00,0x00,0x00,0x00,0x00,
0x00,0x00,0x00,0x00,0x00,0x00,0x00,0x00,0x00,0x00,0x00,0x00,0x00,0x00,0x00,0x00,
0x00,0x00,0x00,0x00,0x00,0x00,0x00,0x00,0x00,0x00,0x00,0x00,0x00,0x00,0x00,0x00,
0x00,0x00,0x00,0x00,0x00,0x00,0x00,0x00,0x00,0x00,0x00,0x00,0x00,0x00,0x00,0x00,
0x00,0x00,0x00,0x00,0x00,0x00,0x00,0x00,0x00,0x00,0x00,0x00,0x00,0x00,0x00,0x00,
0x00,0x00,0x00,0x00,0x00,0x00,0x00,0x00,0x00,0x00,0x00,0x00,0x00,0x00,0x00,0x00,/*"`",64*/

0x00,0x00,0x00,0x00,0x00,0x00,0x00,0x00,0x00,0x00,0x00,0x00,0x00,0x00,0x00,0x00,
0x00,0x00,0x00,0x00,0x00,0x00,0x00,0x00,0x00,0x00,0x00,0x00,0x00,0x00,0x00,0x00,
0x00,0x00,0x00,0x00,0x00,0x00,0x00,0x00,0x00,0x00,0x00,0x00,0x00,0x00,0x00,0x00,
0x00,0x00,0x00,0x00,0x00,0x00,0x00,0x00,0x00,0x00,0x00,0x00,0x00,0x00,0x00,0x00,
0x00,0x00,0x00,0x00,0x00,0x00,0x00,0x00,0x00,0x00,0x00,0x00,0x00,0xFF,0x01,0x00,
0xC0,0x81,0x07,0x00,0x70,0x00,0x0F,0x00,0x78,0x00,0x1E,0x00,0x78,0x00,0x1E,0x00,
0x78,0x00,0x1E,0x00,0x78,0x00,0x1E,0x00,0x00,0x00,0x1E,0x00,0x00,0x80,0x1F,0x00,
0x00,0xFC,0x1E,0x00,0x80,0x0F,0x1E,0x00,0xE0,0x01,0x1E,0x00,0xF0,0x00,0x1E,0x00,
0x78,0x00,0x1E,0x00,0x78,0x00,0x1E,0x00,0x3C,0x00,0x1E,0x00,0x3C,0x00,0x1E,0x00,
0x3C,0x00,0x1E,0x00,0x3C,0x00,0x9E,0x01,0x78,0x00,0x9F,0x01,0x78,0x80,0x9F,0x01,
0xF0,0xE0,0xDF,0x00,0xC0,0x3F,0x7C,0x00,0x00,0x00,0x00,0x00,0x00,0x00,0x00,0x00,
0x00,0x00,0x00,0x00,0x00,0x00,0x00,0x00,0x00,0x00,0x00,0x00,0x00,0x00,0x00,0x00,/*"a",65*/

0x00,0x00,0x00,0x00,0x00,0x00,0x00,0x00,0x00,0x00,0x00,0x00,0x00,0x00,0x00,0x00,
0x00,0x00,0x00,0x00,0x00,0x00,0x00,0x00,0xC0,0x00,0x00,0x00,0xE0,0x00,0x00,0x00,
0xFE,0x00,0x00,0x00,0xF0,0x00,0x00,0x00,0xF0,0x00,0x00,0x00,0xF0,0x00,0x00,0x00,
0xF0,0x00,0x00,0x00,0xF0,0x00,0x00,0x00,0xF0,0x00,0x00,0x00,0xF0,0x00,0x00,0x00,
0xF0,0x00,0x00,0x00,0xF0,0x00,0x00,0x00,0xF0,0x00,0x00,0x00,0xF0,0xF8,0x03,0x00,
0xF0,0x0C,0x0F,0x00,0xF0,0x07,0x1E,0x00,0xF0,0x03,0x1C,0x00,0xF0,0x01,0x3C,0x00,
0xF0,0x01,0x3C,0x00,0xF0,0x00,0x38,0x00,0xF0,0x00,0x78,0x00,0xF0,0x00,0x78,0x00,
0xF0,0x00,0x78,0x00,0xF0,0x00,0x78,0x00,0xF0,0x00,0x78,0x00,0xF0,0x00,0x78,0x00,
0xF0,0x00,0x78,0x00,0xF0,0x00,0x78,0x00,0xF0,0x00,0x78,0x00,0xF0,0x00,0x38,0x00,
0xF0,0x00,0x3C,0x00,0xF0,0x00,0x3C,0x00,0xF0,0x01,0x1E,0x00,0xF0,0x03,0x0E,0x00,
0x70,0x87,0x07,0x00,0x30,0xFC,0x01,0x00,0x00,0x00,0x00,0x00,0x00,0x00,0x00,0x00,
0x00,0x00,0x00,0x00,0x00,0x00,0x00,0x00,0x00,0x00,0x00,0x00,0x00,0x00,0x00,0x00,/*"b",66*/

0x00,0x00,0x00,0x00,0x00,0x00,0x00,0x00,0x00,0x00,0x00,0x00,0x00,0x00,0x00,0x00,
0x00,0x00,0x00,0x00,0x00,0x00,0x00,0x00,0x00,0x00,0x00,0x00,0x00,0x00,0x00,0x00,
0x00,0x00,0x00,0x00,0x00,0x00,0x00,0x00,0x00,0x00,0x00,0x00,0x00,0x00,0x00,0x00,
0x00,0x00,0x00,0x00,0x00,0x00,0x00,0x00,0x00,0x00,0x00,0x00,0x00,0x00,0x00,0x00,
0x00,0x00,0x00,0x00,0x00,0x00,0x00,0x00,0x00,0x00,0x00,0x00,0x00,0xFC,0x03,0x00,
0x00,0x0F,0x0E,0x00,0x80,0x07,0x1C,0x00,0xC0,0x03,0x1C,0x00,0xE0,0x01,0x3C,0x00,
0xF0,0x00,0x3C,0x00,0xF0,0x00,0x3C,0x00,0xF0,0x00,0x3C,0x00,0x78,0x00,0x00,0x00,
0x78,0x00,0x00,0x00,0x78,0x00,0x00,0x00,0x78,0x00,0x00,0x00,0x78,0x00,0x00,0x00,
0x78,0x00,0x00,0x00,0x78,0x00,0x00,0x00,0x78,0x00,0x00,0x00,0xF0,0x00,0x60,0x00,
0xF0,0x00,0x70,0x00,0xE0,0x00,0x30,0x00,0xE0,0x01,0x18,0x00,0xC0,0x03,0x1C,0x00,
0x00,0x0F,0x07,0x00,0x00,0xFC,0x03,0x00,0x00,0x00,0x00,0x00,0x00,0x00,0x00,0x00,
0x00,0x00,0x00,0x00,0x00,0x00,0x00,0x00,0x00,0x00,0x00,0x00,0x00,0x00,0x00,0x00,/*"c",67*/

0x00,0x00,0x00,0x00,0x00,0x00,0x00,0x00,0x00,0x00,0x00,0x00,0x00,0x00,0x00,0x00,
0x00,0x00,0x00,0x00,0x00,0x00,0x00,0x00,0x00,0x00,0x30,0x00,0x00,0x00,0x38,0x00,
0x00,0x80,0x3F,0x00,0x00,0x00,0x3C,0x00,0x00,0x00,0x3C,0x00,0x00,0x00,0x3C,0x00,
0x00,0x00,0x3C,0x00,0x00,0x00,0x3C,0x00,0x00,0x00,0x3C,0x00,0x00,0x00,0x3C,0x00,
0x00,0x00,0x3C,0x00,0x00,0x00,0x3C,0x00,0x00,0x00,0x3C,0x00,0x00,0xFE,0x3C,0x00,
0x80,0x87,0x3F,0x00,0xC0,0x03,0x3E,0x00,0xE0,0x01,0x3C,0x00,0xE0,0x00,0x3C,0x00,
0xF0,0x00,0x3C,0x00,0xF0,0x00,0x3C,0x00,0x78,0x00,0x3C,0x00,0x78,0x00,0x3C,0x00,
0x78,0x00,0x3C,0x00,0x78,0x00,0x3C,0x00,0x78,0x00,0x3C,0x00,0x78,0x00,0x3C,0x00,
0x78,0x00,0x3C,0x00,0x78,0x00,0x3C,0x00,0x78,0x00,0x3C,0x00,0x70,0x00,0x3C,0x00,
0xF0,0x00,0x3C,0x00,0xF0,0x00,0x3E,0x00,0xE0,0x01,0x3E,0x00,0xC0,0x01,0x3F,0x00,
0x80,0xC7,0xFD,0x01,0x00,0x7E,0x1C,0x00,0x00,0x00,0x00,0x00,0x00,0x00,0x00,0x00,
0x00,0x00,0x00,0x00,0x00,0x00,0x00,0x00,0x00,0x00,0x00,0x00,0x00,0x00,0x00,0x00,/*"d",68*/

0x00,0x00,0x00,0x00,0x00,0x00,0x00,0x00,0x00,0x00,0x00,0x00,0x00,0x00,0x00,0x00,
0x00,0x00,0x00,0x00,0x00,0x00,0x00,0x00,0x00,0x00,0x00,0x00,0x00,0x00,0x00,0x00,
0x00,0x00,0x00,0x00,0x00,0x00,0x00,0x00,0x00,0x00,0x00,0x00,0x00,0x00,0x00,0x00,
0x00,0x00,0x00,0x00,0x00,0x00,0x00,0x00,0x00,0x00,0x00,0x00,0x00,0x00,0x00,0x00,
0x00,0x00,0x00,0x00,0x00,0x00,0x00,0x00,0x00,0x00,0x00,0x00,0x00,0xFC,0x01,0x00,
0x00,0x87,0x07,0x00,0x80,0x03,0x0E,0x00,0xC0,0x01,0x1C,0x00,0xE0,0x00,0x3C,0x00,
0xF0,0x00,0x38,0x00,0x70,0x00,0x78,0x00,0x70,0x00,0x78,0x00,0x78,0x00,0x78,0x00,
0x78,0x00,0x78,0x00,0xF8,0xFF,0x7F,0x00,0x78,0x00,0x00,0x00,0x78,0x00,0x00,0x00,
0x78,0x00,0x00,0x00,0x78,0x00,0x00,0x00,0x78,0x00,0x00,0x00,0xF0,0x00,0x30,0x00,
0xF0,0x00,0x30,0x00,0xE0,0x00,0x18,0x00,0xE0,0x01,0x1C,0x00,0xC0,0x03,0x0E,0x00,
0x00,0x0F,0x07,0x00,0x00,0xFC,0x01,0x00,0x00,0x00,0x00,0x00,0x00,0x00,0x00,0x00,
0x00,0x00,0x00,0x00,0x00,0x00,0x00,0x00,0x00,0x00,0x00,0x00,0x00,0x00,0x00,0x00,/*"e",69*/

0x00,0x00,0x00,0x00,0x00,0x00,0x00,0x00,0x00,0x00,0x00,0x00,0x00,0x00,0x00,0x00,
0x00,0x00,0x00,0x00,0x00,0x00,0x00,0x00,0x00,0x00,0x00,0x00,0x00,0x00,0x00,0x00,
0x00,0xC0,0x3F,0x00,0x00,0xF0,0xE0,0x00,0x00,0x38,0xE0,0x01,0x00,0x3C,0xE0,0x01,
0x00,0x1C,0xE0,0x01,0x00,0x1E,0xE0,0x01,0x00,0x1E,0x00,0x00,0x00,0x1E,0x00,0x00,
0x00,0x1E,0x00,0x00,0x00,0x1E,0x00,0x00,0x00,0x1E,0x00,0x00,0xF8,0xFF,0x1F,0x00,
0x00,0x1E,0x00,0x00,0x00,0x1E,0x00,0x00,0x00,0x1E,0x00,0x00,0x00,0x1E,0x00,0x00,
0x00,0x1E,0x00,0x00,0x00,0x1E,0x00,0x00,0x00,0x1E,0x00,0x00,0x00,0x1E,0x00,0x00,
0x00,0x1E,0x00,0x00,0x00,0x1E,0x00,0x00,0x00,0x1E,0x00,0x00,0x00,0x1E,0x00,0x00,
0x00,0x1E,0x00,0x00,0x00,0x1E,0x00,0x00,0x00,0x1E,0x00,0x00,0x00,0x1E,0x00,0x00,
0x00,0x1E,0x00,0x00,0x00,0x1E,0x00,0x00,0x00,0x1E,0x00,0x00,0x00,0x1E,0x00,0x00,
0x00,0x1E,0x00,0x00,0xF0,0xFF,0x07,0x00,0x00,0x00,0x00,0x00,0x00,0x00,0x00,0x00,
0x00,0x00,0x00,0x00,0x00,0x00,0x00,0x00,0x00,0x00,0x00,0x00,0x00,0x00,0x00,0x00,/*"f",70*/

0x00,0x00,0x00,0x00,0x00,0x00,0x00,0x00,0x00,0x00,0x00,0x00,0x00,0x00,0x00,0x00,
0x00,0x00,0x00,0x00,0x00,0x00,0x00,0x00,0x00,0x00,0x00,0x00,0x00,0x00,0x00,0x00,
0x00,0x00,0x00,0x00,0x00,0x00,0x00,0x00,0x00,0x00,0x00,0x00,0x00,0x00,0x00,0x00,
0x00,0x00,0x00,0x00,0x00,0x00,0x00,0x00,0x00,0x00,0x00,0x00,0x00,0x00,0x00,0x00,
0x00,0x00,0x00,0x00,0x00,0x00,0x00,0x00,0x00,0x00,0x00,0x00,0x00,0xFF,0xF8,0x00,
0x80,0xC3,0xFF,0x00,0xC0,0x81,0xF7,0x00,0xE0,0x81,0x07,0x00,0xE0,0x00,0x0F,0x00,
0xF0,0x00,0x0F,0x00,0xF0,0x00,0x0F,0x00,0xF0,0x00,0x0F,0x00,0xF0,0x00,0x0F,0x00,
0xF0,0x00,0x0F,0x00,0xE0,0x81,0x07,0x00,0xC0,0x81,0x07,0x00,0x80,0xC7,0x03,0x00,
0xC0,0xFF,0x00,0x00,0xE0,0x01,0x00,0x00,0xE0,0x01,0x00,0x00,0xE0,0x03,0x00,0x00,
0xC0,0xFF,0x01,0x00,0x80,0xFF,0x1F,0x00,0xC0,0xF9,0x3F,0x00,0xF0,0x00,0x7E,0x00,
0x70,0x00,0x78,0x00,0x78,0x00,0x78,0x00,0x78,0x00,0x78,0x00,0x78,0x00,0x78,0x00,
0xF0,0x00,0x38,0x00,0xF0,0x00,0x3C,0x00,0xC0,0x03,0x0F,0x00,0x00,0xFF,0x03,0x00,/*"g",71*/

0x00,0x00,0x00,0x00,0x00,0x00,0x00,0x00,0x00,0x00,0x00,0x00,0x00,0x00,0x00,0x00,
0x00,0x00,0x00,0x00,0x00,0x00,0x00,0x00,0xC0,0x00,0x00,0x00,0xE0,0x00,0x00,0x00,
0xFE,0x00,0x00,0x00,0xF0,0x00,0x00,0x00,0xF0,0x00,0x00,0x00,0xF0,0x00,0x00,0x00,
0xF0,0x00,0x00,0x00,0xF0,0x00,0x00,0x00,0xF0,0x00,0x00,0x00,0xF0,0x00,0x00,0x00,
0xF0,0x00,0x00,0x00,0xF0,0x00,0x00,0x00,0xF0,0x00,0x00,0x00,0xF0,0xF8,0x07,0x00,
0xF0,0x1E,0x0F,0x00,0xF0,0x07,0x1E,0x00,0xF0,0x03,0x1C,0x00,0xF0,0x01,0x3C,0x00,
0xF0,0x00,0x3C,0x00,0xF0,0x00,0x3C,0x00,0xF0,0x00,0x3C,0x00,0xF0,0x00,0x3C,0x00,
0xF0,0x00,0x3C,0x00,0xF0,0x00,0x3C,0x00,0xF0,0x00,0x3C,0x00,0xF0,0x00,0x3C,0x00,
0xF0,0x00,0x3C,0x00,0xF0,0x00,0x3C,0x00,0xF0,0x00,0x3C,0x00,0xF0,0x00,0x3C,0x00,
0xF0,0x00,0x3C,0x00,0xF0,0x00,0x3C,0x00,0xF0,0x00,0x3C,0x00,0xF0,0x00,0x3C,0x00,
0xF0,0x00,0x3C,0x00,0xFE,0x87,0xFF,0x01,0x00,0x00,0x00,0x00,0x00,0x00,0x00,0x00,
0x00,0x00,0x00,0x00,0x00,0x00,0x00,0x00,0x00,0x00,0x00,0x00,0x00,0x00,0x00,0x00,/*"h",72*/

0x00,0x00,0x00,0x00,0x00,0x00,0x00,0x00,0x00,0x00,0x00,0x00,0x00,0x00,0x00,0x00,
0x00,0x00,0x00,0x00,0x00,0x00,0x00,0x00,0x00,0x00,0x00,0x00,0x00,0x00,0x00,0x00,
0x00,0x78,0x00,0x00,0x00,0xFC,0x00,0x00,0x00,0xFC,0x00,0x00,0x00,0xFC,0x00,0x00,
0x00,0x78,0x00,0x00,0x00,0x00,0x00,0x00,0x00,0x00,0x00,0x00,0x00,0x00,0x00,0x00,
0x00,0x00,0x00,0x00,0x00,0x00,0x00,0x00,0x00,0x70,0x00,0x00,0xE0,0x7F,0x00,0x00,
0x00,0x78,0x00,0x00,0x00,0x78,0x00,0x00,0x00,0x78,0x00,0x00,0x00,0x78,0x00,0x00,
0x00,0x78,0x00,0x00,0x00,0x78,0x00,0x00,0x00,0x78,0x00,0x00,0x00,0x78,0x00,0x00,
0x00,0x78,0x00,0x00,0x00,0x78,0x00,0x00,0x00,0x78,0x00,0x00,0x00,0x78,0x00,0x00,
0x00,0x78,0x00,0x00,0x00,0x78,0x00,0x00,0x00,0x78,0x00,0x00,0x00,0x78,0x00,0x00,
0x00,0x78,0x00,0x00,0x00,0x78,0x00,0x00,0x00,0x78,0x00,0x00,0x00,0x78,0x00,0x00,
0x00,0x78,0x00,0x00,0xE0,0xFF,0x1F,0x00,0x00,0x00,0x00,0x00,0x00,0x00,0x00,0x00,
0x00,0x00,0x00,0x00,0x00,0x00,0x00,0x00,0x00,0x00,0x00,0x00,0x00,0x00,0x00,0x00,/*"i",73*/

0x00,0x00,0x00,0x00,0x00,0x00,0x00,0x00,0x00,0x00,0x00,0x00,0x00,0x00,0x00,0x00,
0x00,0x00,0x00,0x00,0x00,0x00,0x00,0x00,0x00,0x00,0x00,0x00,0x00,0x00,0x00,0x00,
0x00,0x00,0x0F,0x00,0x00,0x80,0x1F,0x00,0x00,0x80,0x1F,0x00,0x00,0x80,0x1F,0x00,
0x00,0x00,0x0F,0x00,0x00,0x00,0x00,0x00,0x00,0x00,0x00,0x00,0x00,0x00,0x00,0x00,
0x00,0x00,0x00,0x00,0x00,0x00,0x00,0x00,0x00,0x00,0x0E,0x00,0x00,0xFC,0x0F,0x00,
0x00,0x00,0x0F,0x00,0x00,0x00,0x0F,0x00,0x00,0x00,0x0F,0x00,0x00,0x00,0x0F,0x00,
0x00,0x00,0x0F,0x00,0x00,0x00,0x0F,0x00,0x00,0x00,0x0F,0x00,0x00,0x00,0x0F,0x00,
0x00,0x00,0x0F,0x00,0x00,0x00,0x0F,0x00,0x00,0x00,0x0F,0x00,0x00,0x00,0x0F,0x00,
0x00,0x00,0x0F,0x00,0x00,0x00,0x0F,0x00,0x00,0x00,0x0F,0x00,0x00,0x00,0x0F,0x00,
0x00,0x00,0x0F,0x00,0x00,0x00,0x0F,0x00,0x00,0x00,0x0F,0x00,0x00,0x00,0x0F,0x00,
0x00,0x00,0x0F,0x00,0x00,0x00,0x0F,0x00,0x00,0x00,0x07,0x00,0xF0,0x80,0x07,0x00,
0xF0,0x80,0x03,0x00,0xF0,0xC0,0x03,0x00,0xE0,0xE1,0x00,0x00,0xC0,0x3F,0x00,0x00,/*"j",74*/

0x00,0x00,0x00,0x00,0x00,0x00,0x00,0x00,0x00,0x00,0x00,0x00,0x00,0x00,0x00,0x00,
0x00,0x00,0x00,0x00,0x00,0x00,0x00,0x00,0x80,0x01,0x00,0x00,0xC0,0x01,0x00,0x00,
0xFC,0x01,0x00,0x00,0xE0,0x01,0x00,0x00,0xE0,0x01,0x00,0x00,0xE0,0x01,0x00,0x00,
0xE0,0x01,0x00,0x00,0xE0,0x01,0x00,0x00,0xE0,0x01,0x00,0x00,0xE0,0x01,0x00,0x00,
0xE0,0x01,0x00,0x00,0xE0,0x01,0x00,0x00,0xE0,0x01,0x00,0x00,0xE0,0xC1,0x3F,0x00,
0xE0,0x01,0x07,0x00,0xE0,0x81,0x03,0x00,0xE0,0x81,0x03,0x00,0xE0,0xC1,0x01,0x00,
0xE0,0xE1,0x00,0x00,0xE0,0x61,0x00,0x00,0xE0,0x71,0x00,0x00,0xE0,0x39,0x00,0x00,
0xE0,0x7D,0x00,0x00,0xE0,0xFF,0x00,0x00,0xE0,0xF7,0x00,0x00,0xE0,0xE7,0x01,0x00,
0xE0,0xE3,0x01,0x00,0xE0,0xC1,0x03,0x00,0xE0,0xC1,0x03,0x00,0xE0,0x81,0x07,0x00,
0xE0,0x81,0x0F,0x00,0xE0,0x01,0x0F,0x00,0xE0,0x01,0x1E,0x00,0xE0,0x01,0x1E,0x00,
0xE0,0x01,0x3E,0x00,0xFC,0x8F,0xFF,0x00,0x00,0x00,0x00,0x00,0x00,0x00,0x00,0x00,
0x00,0x00,0x00,0x00,0x00,0x00,0x00,0x00,0x00,0x00,0x00,0x00,0x00,0x00,0x00,0x00,/*"k",75*/

0x00,0x00,0x00,0x00,0x00,0x00,0x00,0x00,0x00,0x00,0x00,0x00,0x00,0x00,0x00,0x00,
0x00,0x00,0x00,0x00,0x00,0x00,0x00,0x00,0x00,0x60,0x00,0x00,0x00,0x7C,0x00,0x00,
0xE0,0x7F,0x00,0x00,0x00,0x78,0x00,0x00,0x00,0x78,0x00,0x00,0x00,0x78,0x00,0x00,
0x00,0x78,0x00,0x00,0x00,0x78,0x00,0x00,0x00,0x78,0x00,0x00,0x00,0x78,0x00,0x00,
0x00,0x78,0x00,0x00,0x00,0x78,0x00,0x00,0x00,0x78,0x00,0x00,0x00,0x78,0x00,0x00,
0x00,0x78,0x00,0x00,0x00,0x78,0x00,0x00,0x00,0x78,0x00,0x00,0x00,0x78,0x00,0x00,
0x00,0x78,0x00,0x00,0x00,0x78,0x00,0x00,0x00,0x78,0x00,0x00,0x00,0x78,0x00,0x00,
0x00,0x78,0x00,0x00,0x00,0x78,0x00,0x00,0x00,0x78,0x00,0x00,0x00,0x78,0x00,0x00,
0x00,0x78,0x00,0x00,0x00,0x78,0x00,0x00,0x00,0x78,0x00,0x00,0x00,0x78,0x00,0x00,
0x00,0x78,0x00,0x00,0x00,0x78,0x00,0x00,0x00,0x78,0x00,0x00,0x00,0x78,0x00,0x00,
0x00,0x78,0x00,0x00,0xE0,0xFF,0x1F,0x00,0x00,0x00,0x00,0x00,0x00,0x00,0x00,0x00,
0x00,0x00,0x00,0x00,0x00,0x00,0x00,0x00,0x00,0x00,0x00,0x00,0x00,0x00,0x00,0x00,/*"l",76*/

0x00,0x00,0x00,0x00,0x00,0x00,0x00,0x00,0x00,0x00,0x00,0x00,0x00,0x00,0x00,0x00,
0x00,0x00,0x00,0x00,0x00,0x00,0x00,0x00,0x00,0x00,0x00,0x00,0x00,0x00,0x00,0x00,
0x00,0x00,0x00,0x00,0x00,0x00,0x00,0x00,0x00,0x00,0x00,0x00,0x00,0x00,0x00,0x00,
0x00,0x00,0x00,0x00,0x00,0x00,0x00,0x00,0x00,0x00,0x00,0x00,0x00,0x00,0x00,0x00,
0x00,0x00,0x00,0x00,0x00,0x00,0x00,0x00,0x30,0x00,0x00,0x00,0xBF,0x1F,0x3F,0x00,
0xFC,0xFC,0x79,0x00,0x7C,0xF8,0xF0,0x00,0x7C,0xF8,0xF0,0x00,0x3C,0x78,0xF0,0x00,
0x3C,0x78,0xF0,0x00,0x3C,0x78,0xF0,0x00,0x3C,0x78,0xF0,0x00,0x3C,0x78,0xF0,0x00,
0x3C,0x78,0xF0,0x00,0x3C,0x78,0xF0,0x00,0x3C,0x78,0xF0,0x00,0x3C,0x78,0xF0,0x00,
0x3C,0x78,0xF0,0x00,0x3C,0x78,0xF0,0x00,0x3C,0x78,0xF0,0x00,0x3C,0x78,0xF0,0x00,
0x3C,0x78,0xF0,0x00,0x3C,0x78,0xF0,0x00,0x3C,0x78,0xF0,0x00,0x3C,0x78,0xF0,0x00,
0x3C,0x78,0xF0,0x00,0xFF,0xFE,0xFD,0x03,0x00,0x00,0x00,0x00,0x00,0x00,0x00,0x00,
0x00,0x00,0x00,0x00,0x00,0x00,0x00,0x00,0x00,0x00,0x00,0x00,0x00,0x00,0x00,0x00,/*"m",77*/

0x00,0x00,0x00,0x00,0x00,0x00,0x00,0x00,0x00,0x00,0x00,0x00,0x00,0x00,0x00,0x00,
0x00,0x00,0x00,0x00,0x00,0x00,0x00,0x00,0x00,0x00,0x00,0x00,0x00,0x00,0x00,0x00,
0x00,0x00,0x00,0x00,0x00,0x00,0x00,0x00,0x00,0x00,0x00,0x00,0x00,0x00,0x00,0x00,
0x00,0x00,0x00,0x00,0x00,0x00,0x00,0x00,0x00,0x00,0x00,0x00,0x00,0x00,0x00,0x00,
0x00,0x00,0x00,0x00,0x00,0x00,0x00,0x00,0xC0,0x00,0x00,0x00,0xFE,0xF8,0x03,0x00,
0xF0,0x1E,0x0F,0x00,0xF0,0x07,0x1E,0x00,0xF0,0x03,0x1C,0x00,0xF0,0x01,0x3C,0x00,
0xF0,0x00,0x3C,0x00,0xF0,0x00,0x3C,0x00,0xF0,0x00,0x3C,0x00,0xF0,0x00,0x3C,0x00,
0xF0,0x00,0x3C,0x00,0xF0,0x00,0x3C,0x00,0xF0,0x00,0x3C,0x00,0xF0,0x00,0x3C,0x00,
0xF0,0x00,0x3C,0x00,0xF0,0x00,0x3C,0x00,0xF0,0x00,0x3C,0x00,0xF0,0x00,0x3C,0x00,
0xF0,0x00,0x3C,0x00,0xF0,0x00,0x3C,0x00,0xF0,0x00,0x3C,0x00,0xF0,0x00,0x3C,0x00,
0xF0,0x00,0x3C,0x00,0xFE,0x87,0xFF,0x01,0x00,0x00,0x00,0x00,0x00,0x00,0x00,0x00,
0x00,0x00,0x00,0x00,0x00,0x00,0x00,0x00,0x00,0x00,0x00,0x00,0x00,0x00,0x00,0x00,/*"n",78*/

0x00,0x00,0x00,0x00,0x00,0x00,0x00,0x00,0x00,0x00,0x00,0x00,0x00,0x00,0x00,0x00,
0x00,0x00,0x00,0x00,0x00,0x00,0x00,0x00,0x00,0x00,0x00,0x00,0x00,0x00,0x00,0x00,
0x00,0x00,0x00,0x00,0x00,0x00,0x00,0x00,0x00,0x00,0x00,0x00,0x00,0x00,0x00,0x00,
0x00,0x00,0x00,0x00,0x00,0x00,0x00,0x00,0x00,0x00,0x00,0x00,0x00,0x00,0x00,0x00,
0x00,0x00,0x00,0x00,0x00,0x00,0x00,0x00,0x00,0x00,0x00,0x00,0x00,0xFE,0x01,0x00,
0x80,0x87,0x07,0x00,0xC0,0x03,0x0E,0x00,0xE0,0x00,0x1C,0x00,0xF0,0x00,0x3C,0x00,
0x70,0x00,0x38,0x00,0x78,0x00,0x78,0x00,0x38,0x00,0x70,0x00,0x3C,0x00,0xF0,0x00,
0x3C,0x00,0xF0,0x00,0x3C,0x00,0xF0,0x00,0x3C,0x00,0xF0,0x00,0x3C,0x00,0xF0,0x00,
0x3C,0x00,0xF0,0x00,0x3C,0x00,0xF0,0x00,0x38,0x00,0x70,0x00,0x78,0x00,0x78,0x00,
0x78,0x00,0x78,0x00,0x70,0x00,0x38,0x00,0xE0,0x00,0x1C,0x00,0xC0,0x01,0x0E,0x00,
0x80,0x87,0x07,0x00,0x00,0xFE,0x01,0x00,0x00,0x00,0x00,0x00,0x00,0x00,0x00,0x00,
0x00,0x00,0x00,0x00,0x00,0x00,0x00,0x00,0x00,0x00,0x00,0x00,0x00,0x00,0x00,0x00,/*"o",79*/

0x00,0x00,0x00,0x00,0x00,0x00,0x00,0x00,0x00,0x00,0x00,0x00,0x00,0x00,0x00,0x00,
0x00,0x00,0x00,0x00,0x00,0x00,0x00,0x00,0x00,0x00,0x00,0x00,0x00,0x00,0x00,0x00,
0x00,0x00,0x00,0x00,0x00,0x00,0x00,0x00,0x00,0x00,0x00,0x00,0x00,0x00,0x00,0x00,
0x00,0x00,0x00,0x00,0x00,0x00,0x00,0x00,0x00,0x00,0x00,0x00,0x00,0x00,0x00,0x00,
0x00,0x00,0x00,0x00,0x00,0x00,0x00,0x00,0x00,0x00,0x00,0x00,0xC0,0xF8,0x03,0x00,
0xFE,0x1E,0x0F,0x00,0xF0,0x07,0x1C,0x00,0xF0,0x03,0x3C,0x00,0xF0,0x01,0x78,0x00,
0xF0,0x00,0x78,0x00,0xF0,0x00,0x70,0x00,0xF0,0x00,0xF0,0x00,0xF0,0x00,0xF0,0x00,
0xF0,0x00,0xF0,0x00,0xF0,0x00,0xF0,0x00,0xF0,0x00,0xF0,0x00,0xF0,0x00,0xF0,0x00,
0xF0,0x00,0xF0,0x00,0xF0,0x00,0xF0,0x00,0xF0,0x00,0xF0,0x00,0xF0,0x00,0x78,0x00,
0xF0,0x00,0x78,0x00,0xF0,0x00,0x38,0x00,0xF0,0x01,0x3C,0x00,0xF0,0x03,0x1E,0x00,
0xF0,0x8F,0x07,0x00,0xF0,0xFC,0x03,0x00,0xF0,0x00,0x00,0x00,0xF0,0x00,0x00,0x00,
0xF0,0x00,0x00,0x00,0xF0,0x00,0x00,0x00,0xF0,0x00,0x00,0x00,0xFE,0x07,0x00,0x00,/*"p",80*/

0x00,0x00,0x00,0x00,0x00,0x00,0x00,0x00,0x00,0x00,0x00,0x00,0x00,0x00,0x00,0x00,
0x00,0x00,0x00,0x00,0x00,0x00,0x00,0x00,0x00,0x00,0x00,0x00,0x00,0x00,0x00,0x00,
0x00,0x00,0x00,0x00,0x00,0x00,0x00,0x00,0x00,0x00,0x00,0x00,0x00,0x00,0x00,0x00,
0x00,0x00,0x00,0x00,0x00,0x00,0x00,0x00,0x00,0x00,0x00,0x00,0x00,0x00,0x00,0x00,
0x00,0x00,0x00,0x00,0x00,0x00,0x00,0x00,0x00,0x00,0x00,0x00,0x00,0xFE,0x30,0x00,
0x00,0x87,0x3B,0x00,0xC0,0x03,0x3F,0x00,0xE0,0x01,0x3E,0x00,0xE0,0x00,0x3C,0x00,
0xF0,0x00,0x3C,0x00,0xF0,0x00,0x3C,0x00,0x78,0x00,0x3C,0x00,0x78,0x00,0x3C,0x00,
0x78,0x00,0x3C,0x00,0x78,0x00,0x3C,0x00,0x78,0x00,0x3C,0x00,0x78,0x00,0x3C,0x00,
0x78,0x00,0x3C,0x00,0x78,0x00,0x3C,0x00,0x78,0x00,0x3C,0x00,0x70,0x00,0x3C,0x00,
0xF0,0x00,0x3C,0x00,0xF0,0x00,0x3C,0x00,0xE0,0x00,0x3E,0x00,0xC0,0x01,0x3F,0x00,
0x80,0x87,0x3F,0x00,0x00,0xFE,0x3C,0x00,0x00,0x00,0x3C,0x00,0x00,0x00,0x3C,0x00,
0x00,0x00,0x3C,0x00,0x00,0x00,0x3C,0x00,0x00,0x00,0x3C,0x00,0x00,0x80,0xFF,0x01,/*"q",81*/

0x00,0x00,0x00,0x00,0x00,0x00,0x00,0x00,0x00,0x00,0x00,0x00,0x00,0x00,0x00,0x00,
0x00,0x00,0x00,0x00,0x00,0x00,0x00,0x00,0x00,0x00,0x00,0x00,0x00,0x00,0x00,0x00,
0x00,0x00,0x00,0x00,0x00,0x00,0x00,0x00,0x00,0x00,0x00,0x00,0x00,0x00,0x00,0x00,
0x00,0x00,0x00,0x00,0x00,0x00,0x00,0x00,0x00,0x00,0x00,0x00,0x00,0x00,0x00,0x00,
0x00,0x00,0x00,0x00,0x00,0x00,0x00,0x00,0x00,0x07,0x00,0x00,0xFC,0x07,0x3F,0x00,
0x80,0xC7,0xF3,0x00,0x80,0xE7,0xF0,0x00,0x80,0x77,0xF0,0x00,0x80,0x3F,0xF0,0x00,
0x80,0x1F,0x00,0x00,0x80,0x0F,0x00,0x00,0x80,0x0F,0x00,0x00,0x80,0x07,0x00,0x00,
0x80,0x07,0x00,0x00,0x80,0x07,0x00,0x00,0x80,0x07,0x00,0x00,0x80,0x07,0x00,0x00,
0x80,0x07,0x00,0x00,0x80,0x07,0x00,0x00,0x80,0x07,0x00,0x00,0x80,0x07,0x00,0x00,
0x80,0x07,0x00,0x00,0x80,0x07,0x00,0x00,0x80,0x07,0x00,0x00,0x80,0x07,0x00,0x00,
0x80,0x07,0x00,0x00,0xFE,0xFF,0x01,0x00,0x00,0x00,0x00,0x00,0x00,0x00,0x00,0x00,
0x00,0x00,0x00,0x00,0x00,0x00,0x00,0x00,0x00,0x00,0x00,0x00,0x00,0x00,0x00,0x00,/*"r",82*/

0x00,0x00,0x00,0x00,0x00,0x00,0x00,0x00,0x00,0x00,0x00,0x00,0x00,0x00,0x00,0x00,
0x00,0x00,0x00,0x00,0x00,0x00,0x00,0x00,0x00,0x00,0x00,0x00,0x00,0x00,0x00,0x00,
0x00,0x00,0x00,0x00,0x00,0x00,0x00,0x00,0x00,0x00,0x00,0x00,0x00,0x00,0x00,0x00,
0x00,0x00,0x00,0x00,0x00,0x00,0x00,0x00,0x00,0x00,0x00,0x00,0x00,0x00,0x00,0x00,
0x00,0x00,0x00,0x00,0x00,0x00,0x00,0x00,0x00,0x00,0x00,0x00,0x00,0xFE,0x01,0x00,
0x80,0x87,0x0F,0x00,0xC0,0x03,0x1E,0x00,0xC0,0x01,0x1C,0x00,0xE0,0x01,0x1C,0x00,
0xE0,0x01,0x18,0x00,0xE0,0x01,0x00,0x00,0xE0,0x03,0x00,0x00,0xC0,0x07,0x00,0x00,
0xC0,0x3F,0x00,0x00,0x80,0xFF,0x00,0x00,0x00,0xFC,0x03,0x00,0x00,0xF0,0x0F,0x00,
0x00,0xC0,0x1F,0x00,0x00,0x00,0x3F,0x00,0x00,0x00,0x3E,0x00,0x30,0x00,0x3C,0x00,
0x30,0x00,0x3C,0x00,0x70,0x00,0x3C,0x00,0xF0,0x00,0x1C,0x00,0xF0,0x01,0x1E,0x00,
0xF0,0x03,0x0F,0x00,0x60,0xFE,0x03,0x00,0x00,0x00,0x00,0x00,0x00,0x00,0x00,0x00,
0x00,0x00,0x00,0x00,0x00,0x00,0x00,0x00,0x00,0x00,0x00,0x00,0x00,0x00,0x00,0x00,/*"s",83*/

0x00,0x00,0x00,0x00,0x00,0x00,0x00,0x00,0x00,0x00,0x00,0x00,0x00,0x00,0x00,0x00,
0x00,0x00,0x00,0x00,0x00,0x00,0x00,0x00,0x00,0x00,0x00,0x00,0x00,0x00,0x00,0x00,
0x00,0x00,0x00,0x00,0x00,0x00,0x00,0x00,0x00,0x00,0x00,0x00,0x00,0x18,0x00,0x00,
0x00,0x18,0x00,0x00,0x00,0x1C,0x00,0x00,0x00,0x1C,0x00,0x00,0x00,0x1C,0x00,0x00,
0x00,0x1E,0x00,0x00,0x00,0x1E,0x00,0x00,0x80,0x1F,0x00,0x00,0xF8,0xFF,0x0F,0x00,
0x00,0x1E,0x00,0x00,0x00,0x1E,0x00,0x00,0x00,0x1E,0x00,0x00,0x00,0x1E,0x00,0x00,
0x00,0x1E,0x00,0x00,0x00,0x1E,0x00,0x00,0x00,0x1E,0x00,0x00,0x00,0x1E,0x00,0x00,
0x00,0x1E,0x00,0x00,0x00,0x1E,0x00,0x00,0x00,0x1E,0x00,0x00,0x00,0x1E,0x00,0x00,
0x00,0x1E,0x00,0x00,0x00,0x1E,0x00,0x00,0x00,0x1E,0x00,0x00,0x00,0x1E,0x00,0x00,
0x00,0x1E,0x30,0x00,0x00,0x1E,0x30,0x00,0x00,0x1C,0x18,0x00,0x00,0x3C,0x18,0x00,
0x00,0x78,0x0C,0x00,0x00,0xF0,0x07,0x00,0x00,0x00,0x00,0x00,0x00,0x00,0x00,0x00,
0x00,0x00,0x00,0x00,0x00,0x00,0x00,0x00,0x00,0x00,0x00,0x00,0x00,0x00,0x00,0x00,/*"t",84*/

0x00,0x00,0x00,0x00,0x00,0x00,0x00,0x00,0x00,0x00,0x00,0x00,0x00,0x00,0x00,0x00,
0x00,0x00,0x00,0x00,0x00,0x00,0x00,0x00,0x00,0x00,0x00,0x00,0x00,0x00,0x00,0x00,
0x00,0x00,0x00,0x00,0x00,0x00,0x00,0x00,0x00,0x00,0x00,0x00,0x00,0x00,0x00,0x00,
0x00,0x00,0x00,0x00,0x00,0x00,0x00,0x00,0x00,0x00,0x00,0x00,0x00,0x00,0x00,0x00,
0x00,0x00,0x00,0x00,0x00,0x00,0x00,0x00,0xC0,0x00,0x30,0x00,0xFE,0x80,0x3F,0x00,
0xF0,0x00,0x3C,0x00,0xF0,0x00,0x3C,0x00,0xF0,0x00,0x3C,0x00,0xF0,0x00,0x3C,0x00,
0xF0,0x00,0x3C,0x00,0xF0,0x00,0x3C,0x00,0xF0,0x00,0x3C,0x00,0xF0,0x00,0x3C,0x00,
0xF0,0x00,0x3C,0x00,0xF0,0x00,0x3C,0x00,0xF0,0x00,0x3C,0x00,0xF0,0x00,0x3C,0x00,
0xF0,0x00,0x3C,0x00,0xF0,0x00,0x3C,0x00,0xF0,0x00,0x3C,0x00,0xF0,0x00,0x3C,0x00,
0xF0,0x00,0x3C,0x00,0xF0,0x00,0x3E,0x00,0xE0,0x00,0x3E,0x00,0xE0,0x01,0x3F,0x00,
0xC0,0xC3,0xFD,0x01,0x00,0x7F,0x1C,0x00,0x00,0x00,0x00,0x00,0x00,0x00,0x00,0x00,
0x00,0x00,0x00,0x00,0x00,0x00,0x00,0x00,0x00,0x00,0x00,0x00,0x00,0x00,0x00,0x00,/*"u",85*/

0x00,0x00,0x00,0x00,0x00,0x00,0x00,0x00,0x00,0x00,0x00,0x00,0x00,0x00,0x00,0x00,
0x00,0x00,0x00,0x00,0x00,0x00,0x00,0x00,0x00,0x00,0x00,0x00,0x00,0x00,0x00,0x00,
0x00,0x00,0x00,0x00,0x00,0x00,0x00,0x00,0x00,0x00,0x00,0x00,0x00,0x00,0x00,0x00,
0x00,0x00,0x00,0x00,0x00,0x00,0x00,0x00,0x00,0x00,0x00,0x00,0x00,0x00,0x00,0x00,
0x00,0x00,0x00,0x00,0x00,0x00,0x00,0x00,0x00,0x00,0x00,0x00,0xFC,0x07,0xFF,0x00,
0xF0,0x01,0x3C,0x00,0xE0,0x01,0x1C,0x00,0xE0,0x01,0x1C,0x00,0xC0,0x03,0x0C,0x00,
0xC0,0x03,0x0E,0x00,0xC0,0x03,0x0E,0x00,0x80,0x03,0x06,0x00,0x80,0x07,0x07,0x00,
0x80,0x07,0x07,0x00,0x00,0x07,0x03,0x00,0x00,0x8F,0x03,0x00,0x00,0x8F,0x03,0x00,
0x00,0x8E,0x01,0x00,0x00,0xDE,0x01,0x00,0x00,0xDE,0x00,0x00,0x00,0xDC,0x00,0x00,
0x00,0xFC,0x00,0x00,0x00,0x7C,0x00,0x00,0x00,0x78,0x00,0x00,0x00,0x78,0x00,0x00,
0x00,0x38,0x00,0x00,0x00,0x30,0x00,0x00,0x00,0x00,0x00,0x00,0x00,0x00,0x00,0x00,
0x00,0x00,0x00,0x00,0x00,0x00,0x00,0x00,0x00,0x00,0x00,0x00,0x00,0x00,0x00,0x00,/*"v",86*/

0x00,0x00,0x00,0x00,0x00,0x00,0x00,0x00,0x00,0x00,0x00,0x00,0x00,0x00,0x00,0x00,
0x00,0x00,0x00,0x00,0x00,0x00,0x00,0x00,0x00,0x00,0x00,0x00,0x00,0x00,0x00,0x00,
0x00,0x00,0x00,0x00,0x00,0x00,0x00,0x00,0x00,0x00,0x00,0x00,0x00,0x00,0x00,0x00,
0x00,0x00,0x00,0x00,0x00,0x00,0x00,0x00,0x00,0x00,0x00,0x00,0x00,0x00,0x00,0x00,
0x00,0x00,0x00,0x00,0x00,0x00,0x00,0x00,0x00,0x00,0x00,0x00,0xFF,0xFE,0xFD,0x03,
0x3C,0x78,0xE0,0x00,0x3C,0x78,0x60,0x00,0x38,0x70,0x60,0x00,0x38,0x70,0x70,0x00,
0x78,0x78,0x30,0x00,0x78,0xF8,0x30,0x00,0x70,0xF8,0x30,0x00,0xF0,0xF8,0x38,0x00,
0xF0,0xFC,0x18,0x00,0xF0,0xEC,0x19,0x00,0xE0,0xEC,0x19,0x00,0xE0,0xED,0x1D,0x00,
0xE0,0xCF,0x0D,0x00,0xE0,0xC7,0x0D,0x00,0xE0,0xC7,0x0F,0x00,0xC0,0xC7,0x0F,0x00,
0xC0,0x87,0x07,0x00,0xC0,0x87,0x07,0x00,0xC0,0x83,0x07,0x00,0x80,0x83,0x07,0x00,
0x80,0x03,0x03,0x00,0x80,0x03,0x03,0x00,0x00,0x00,0x00,0x00,0x00,0x00,0x00,0x00,
0x00,0x00,0x00,0x00,0x00,0x00,0x00,0x00,0x00,0x00,0x00,0x00,0x00,0x00,0x00,0x00,/*"w",87*/

0x00,0x00,0x00,0x00,0x00,0x00,0x00,0x00,0x00,0x00,0x00,0x00,0x00,0x00,0x00,0x00,
0x00,0x00,0x00,0x00,0x00,0x00,0x00,0x00,0x00,0x00,0x00,0x00,0x00,0x00,0x00,0x00,
0x00,0x00,0x00,0x00,0x00,0x00,0x00,0x00,0x00,0x00,0x00,0x00,0x00,0x00,0x00,0x00,
0x00,0x00,0x00,0x00,0x00,0x00,0x00,0x00,0x00,0x00,0x00,0x00,0x00,0x00,0x00,0x00,
0x00,0x00,0x00,0x00,0x00,0x00,0x00,0x00,0x00,0x00,0x00,0x00,0xF8,0x9F,0x7F,0x00,
0xC0,0x07,0x0E,0x00,0xC0,0x07,0x0E,0x00,0x80,0x07,0x07,0x00,0x00,0x0F,0x07,0x00,
0x00,0x8F,0x03,0x00,0x00,0x9E,0x01,0x00,0x00,0xFE,0x01,0x00,0x00,0xFC,0x00,0x00,
0x00,0xFC,0x00,0x00,0x00,0x78,0x00,0x00,0x00,0xF8,0x00,0x00,0x00,0xF8,0x00,0x00,
0x00,0xFC,0x01,0x00,0x00,0xEC,0x01,0x00,0x00,0xCE,0x03,0x00,0x00,0x87,0x07,0x00,
0x00,0x83,0x07,0x00,0x80,0x03,0x0F,0x00,0xC0,0x01,0x0F,0x00,0xC0,0x01,0x1E,0x00,
0xE0,0x01,0x3E,0x00,0xFC,0xC7,0xFF,0x00,0x00,0x00,0x00,0x00,0x00,0x00,0x00,0x00,
0x00,0x00,0x00,0x00,0x00,0x00,0x00,0x00,0x00,0x00,0x00,0x00,0x00,0x00,0x00,0x00,/*"x",88*/

0x00,0x00,0x00,0x00,0x00,0x00,0x00,0x00,0x00,0x00,0x00,0x00,0x00,0x00,0x00,0x00,
0x00,0x00,0x00,0x00,0x00,0x00,0x00,0x00,0x00,0x00,0x00,0x00,0x00,0x00,0x00,0x00,
0x00,0x00,0x00,0x00,0x00,0x00,0x00,0x00,0x00,0x00,0x00,0x00,0x00,0x00,0x00,0x00,
0x00,0x00,0x00,0x00,0x00,0x00,0x00,0x00,0x00,0x00,0x00,0x00,0x00,0x00,0x00,0x00,
0x00,0x00,0x00,0x00,0x00,0x00,0x00,0x00,0x00,0x00,0x00,0x00,0xFC,0x87,0xFF,0x00,
0xF0,0x01,0x1E,0x00,0xE0,0x01,0x0C,0x00,0xE0,0x01,0x0E,0x00,0xC0,0x03,0x0E,0x00,
0xC0,0x03,0x06,0x00,0xC0,0x03,0x07,0x00,0x80,0x07,0x07,0x00,0x80,0x07,0x03,0x00,
0x00,0x87,0x03,0x00,0x00,0x8F,0x03,0x00,0x00,0x8F,0x01,0x00,0x00,0xCE,0x01,0x00,
0x00,0xDE,0x01,0x00,0x00,0xDE,0x00,0x00,0x00,0xFC,0x00,0x00,0x00,0xFC,0x00,0x00,
0x00,0x78,0x00,0x00,0x00,0x78,0x00,0x00,0x00,0x78,0x00,0x00,0x00,0x30,0x00,0x00,
0x00,0x38,0x00,0x00,0x00,0x38,0x00,0x00,0x00,0x18,0x00,0x00,0x00,0x1C,0x00,0x00,
0x70,0x0C,0x00,0x00,0xF8,0x0E,0x00,0x00,0xF8,0x07,0x00,0x00,0xF0,0x01,0x00,0x00,/*"y",89*/

0x00,0x00,0x00,0x00,0x00,0x00,0x00,0x00,0x00,0x00,0x00,0x00,0x00,0x00,0x00,0x00,
0x00,0x00,0x00,0x00,0x00,0x00,0x00,0x00,0x00,0x00,0x00,0x00,0x00,0x00,0x00,0x00,
0x00,0x00,0x00,0x00,0x00,0x00,0x00,0x00,0x00,0x00,0x00,0x00,0x00,0x00,0x00,0x00,
0x00,0x00,0x00,0x00,0x00,0x00,0x00,0x00,0x00,0x00,0x00,0x00,0x00,0x00,0x00,0x00,
0x00,0x00,0x00,0x00,0x00,0x00,0x00,0x00,0x00,0x00,0x00,0x00,0xF0,0xFF,0x1F,0x00,
0xF0,0x00,0x1F,0x00,0x70,0x00,0x0F,0x00,0x38,0x80,0x07,0x00,0x38,0xC0,0x07,0x00,
0x38,0xC0,0x03,0x00,0x18,0xE0,0x01,0x00,0x00,0xF0,0x01,0x00,0x00,0xF0,0x00,0x00,
0x00,0x78,0x00,0x00,0x00,0x7C,0x00,0x00,0x00,0x3C,0x00,0x00,0x00,0x3E,0x00,0x00,
0x00,0x1F,0x00,0x00,0x00,0x0F,0x00,0x00,0x80,0x0F,0x30,0x00,0x80,0x07,0x38,0x00,
0xC0,0x03,0x38,0x00,0xE0,0x03,0x18,0x00,0xE0,0x01,0x1C,0x00,0xF0,0x00,0x1E,0x00,
0xF8,0x00,0x1F,0x00,0xF8,0xFF,0x1F,0x00,0x00,0x00,0x00,0x00,0x00,0x00,0x00,0x00,
0x00,0x00,0x00,0x00,0x00,0x00,0x00,0x00,0x00,0x00,0x00,0x00,0x00,0x00,0x00,0x00,/*"z",90*/

0x00,0x00,0x00,0x00,0x00,0x00,0x00,0x00,0x00,0x00,0x78,0x00,0x00,0x00,0x0E,0x00,
0x00,0x00,0x07,0x00,0x00,0x00,0x03,0x00,0x00,0x80,0x03,0x00,0x00,0x80,0x03,0x00,
0x00,0x80,0x03,0x00,0x00,0x80,0x03,0x00,0x00,0x80,0x03,0x00,0x00,0x80,0x03,0x00,
0x00,0x80,0x03,0x00,0x00,0x80,0x03,0x00,0x00,0x80,0x03,0x00,0x00,0x80,0x03,0x00,
0x00,0x80,0x03,0x00,0x00,0x80,0x03,0x00,0x00,0x80,0x03,0x00,0x00,0x80,0x03,0x00,
0x00,0x80,0x03,0x00,0x00,0xC0,0x01,0x00,0x00,0xE0,0x00,0x00,0x00,0x38,0x00,0x00,
0x00,0xE0,0x00,0x00,0x00,0xC0,0x01,0x00,0x00,0x80,0x03,0x00,0x00,0x80,0x03,0x00,
0x00,0x80,0x03,0x00,0x00,0x80,0x03,0x00,0x00,0x80,0x03,0x00,0x00,0x80,0x03,0x00,
0x00,0x80,0x03,0x00,0x00,0x80,0x03,0x00,0x00,0x80,0x03,0x00,0x00,0x80,0x03,0x00,
0x00,0x80,0x03,0x00,0x00,0x80,0x03,0x00,0x00,0x80,0x03,0x00,0x00,0x80,0x03,0x00,
0x00,0x80,0x03,0x00,0x00,0x80,0x03,0x00,0x00,0x00,0x07,0x00,0x00,0x00,0x07,0x00,
0x00,0x00,0x0E,0x00,0x00,0x00,0x78,0x00,0x00,0x00,0x00,0x00,0x00,0x00,0x00,0x00,/*"",91*/

0x00,0x70,0x00,0x00,0x00,0x70,0x00,0x00,0x00,0x70,0x00,0x00,0x00,0x70,0x00,0x00,
0x00,0x70,0x00,0x00,0x00,0x70,0x00,0x00,0x00,0x70,0x00,0x00,0x00,0x70,0x00,0x00,
0x00,0x70,0x00,0x00,0x00,0x70,0x00,0x00,0x00,0x70,0x00,0x00,0x00,0x70,0x00,0x00,
0x00,0x70,0x00,0x00,0x00,0x70,0x00,0x00,0x00,0x70,0x00,0x00,0x00,0x70,0x00,0x00,
0x00,0x70,0x00,0x00,0x00,0x70,0x00,0x00,0x00,0x70,0x00,0x00,0x00,0x70,0x00,0x00,
0x00,0x70,0x00,0x00,0x00,0x70,0x00,0x00,0x00,0x70,0x00,0x00,0x00,0x70,0x00,0x00,
0x00,0x70,0x00,0x00,0x00,0x70,0x00,0x00,0x00,0x70,0x00,0x00,0x00,0x70,0x00,0x00,
0x00,0x70,0x00,0x00,0x00,0x70,0x00,0x00,0x00,0x70,0x00,0x00,0x00,0x70,0x00,0x00,
0x00,0x70,0x00,0x00,0x00,0x70,0x00,0x00,0x00,0x70,0x00,0x00,0x00,0x70,0x00,0x00,
0x00,0x70,0x00,0x00,0x00,0x70,0x00,0x00,0x00,0x70,0x00,0x00,0x00,0x70,0x00,0x00,
0x00,0x70,0x00,0x00,0x00,0x70,0x00,0x00,0x00,0x70,0x00,0x00,0x00,0x70,0x00,0x00,
0x00,0x70,0x00,0x00,0x00,0x70,0x00,0x00,0x00,0x70,0x00,0x00,0x00,0x70,0x00,0x00,/*"|",92*/

0x00,0x00,0x00,0x00,0x00,0x00,0x00,0x00,0x78,0x00,0x00,0x00,0xC0,0x01,0x00,0x00,
0x80,0x03,0x00,0x00,0x00,0x03,0x00,0x00,0x00,0x07,0x00,0x00,0x00,0x07,0x00,0x00,
0x00,0x07,0x00,0x00,0x00,0x07,0x00,0x00,0x00,0x07,0x00,0x00,0x00,0x07,0x00,0x00,
0x00,0x07,0x00,0x00,0x00,0x07,0x00,0x00,0x00,0x07,0x00,0x00,0x00,0x07,0x00,0x00,
0x00,0x07,0x00,0x00,0x00,0x07,0x00,0x00,0x00,0x07,0x00,0x00,0x00,0x07,0x00,0x00,
0x00,0x07,0x00,0x00,0x00,0x0E,0x00,0x00,0x00,0x1C,0x00,0x00,0x00,0x70,0x00,0x00,
0x00,0x1C,0x00,0x00,0x00,0x0E,0x00,0x00,0x00,0x06,0x00,0x00,0x00,0x07,0x00,0x00,
0x00,0x07,0x00,0x00,0x00,0x07,0x00,0x00,0x00,0x07,0x00,0x00,0x00,0x07,0x00,0x00,
0x00,0x07,0x00,0x00,0x00,0x07,0x00,0x00,0x00,0x07,0x00,0x00,0x00,0x07,0x00,0x00,
0x00,0x07,0x00,0x00,0x00,0x07,0x00,0x00,0x00,0x07,0x00,0x00,0x00,0x07,0x00,0x00,
0x00,0x07,0x00,0x00,0x00,0x07,0x00,0x00,0x80,0x03,0x00,0x00,0x80,0x03,0x00,0x00,
0xC0,0x01,0x00,0x00,0x78,0x00,0x00,0x00,0x00,0x00,0x00,0x00,0x00,0x00,0x00,0x00,/*"",93*/

0xC0,0x07,0x00,0x00,0xF0,0x0F,0x00,0x00,0x30,0x1E,0xC0,0x00,0x18,0x3C,0xC0,0x00,
0x18,0x78,0x60,0x00,0x0C,0xF0,0x60,0x00,0x0C,0xE0,0x33,0x00,0x00,0xC0,0x3F,0x00,
0x00,0x80,0x0F,0x00,0x00,0x00,0x00,0x00,0x00,0x00,0x00,0x00,0x00,0x00,0x00,0x00,
0x00,0x00,0x00,0x00,0x00,0x00,0x00,0x00,0x00,0x00,0x00,0x00,0x00,0x00,0x00,0x00,
0x00,0x00,0x00,0x00,0x00,0x00,0x00,0x00,0x00,0x00,0x00,0x00,0x00,0x00,0x00,0x00,
0x00,0x00,0x00,0x00,0x00,0x00,0x00,0x00,0x00,0x00,0x00,0x00,0x00,0x00,0x00,0x00,
0x00,0x00,0x00,0x00,0x00,0x00,0x00,0x00,0x00,0x00,0x00,0x00,0x00,0x00,0x00,0x00,
0x00,0x00,0x00,0x00,0x00,0x00,0x00,0x00,0x00,0x00,0x00,0x00,0x00,0x00,0x00,0x00,
0x00,0x00,0x00,0x00,0x00,0x00,0x00,0x00,0x00,0x00,0x00,0x00,0x00,0x00,0x00,0x00,
0x00,0x00,0x00,0x00,0x00,0x00,0x00,0x00,0x00,0x00,0x00,0x00,0x00,0x00,0x00,0x00,
0x00,0x00,0x00,0x00,0x00,0x00,0x00,0x00,0x00,0x00,0x00,0x00,0x00,0x00,0x00,0x00,
0x00,0x00,0x00,0x00,0x00,0x00,0x00,0x00,0x00,0x00,0x00,0x00,0x00,0x00,0x00,0x00,/*"~",94*/


//				0x1C,0x3E,0x63,0x63,0x63,0x7F,0x63,0x63,0x63,0x63, // A (41)
//				0x3F,0x66,0x66,0x66,0x3E,0x66,0x66,0x66,0x66,0x3F, // B (42)
//				0x3E,0x67,0x63,0x03,0x03,0x03,0x03,0x63,0x67,0x3E, // C (43)
//				0x3F,0x66,0x66,0x66,0x66,0x66,0x66,0x66,0x66,0x3F, // D (44)
//				0x7F,0x03,0x03,0x03,0x1F,0x03,0x03,0x03,0x03,0x7F, // E (45)
//				0x7F,0x03,0x03,0x03,0x1F,0x03,0x03,0x03,0x03,0x03, // F (46)
//				0x3E,0x63,0x63,0x03,0x03,0x03,0x73,0x63,0x63,0x3E, // G (47)
//				0x63,0x63,0x63,0x63,0x7F,0x63,0x63,0x63,0x63,0x63, // H (48)
//				0x3C,0x18,0x18,0x18,0x18,0x18,0x18,0x18,0x18,0x3C, // I (49)
//				0x70,0x60,0x60,0x60,0x60,0x60,0x60,0x63,0x63,0x3E, // J (4A)
//				0x63,0x63,0x33,0x1B,0x0F,0x0F,0x1B,0x33,0x63,0x63, // K (4B)
//				0x03,0x03,0x03,0x03,0x03,0x03,0x03,0x03,0x43,0x7F, // L (4C)
//				0x63,0x63,0x77,0x7F,0x6B,0x63,0x63,0x63,0x63,0x63, // M (4D)
//				0x63,0x63,0x67,0x67,0x6F,0x7B,0x73,0x73,0x63,0x63, // N (4E)
//				0x3E,0x63,0x63,0x63,0x63,0x63,0x63,0x63,0x63,0x3E, // O (4F)
//				0x3F,0x63,0x63,0x63,0x63,0x3F,0x03,0x03,0x03,0x03, // P (50)
//				0x3E,0x63,0x63,0x63,0x63,0x63,0x63,0x7B,0x3E,0x60, // Q (51)
//				0x3F,0x63,0x63,0x63,0x3F,0x1F,0x33,0x33,0x63,0x63, // R (52)
//				0x3E,0x63,0x63,0x03,0x3E,0x60,0x60,0x63,0x63,0x3E, // S (53)
//				0x7E,0x18,0x18,0x18,0x18,0x18,0x18,0x18,0x18,0x18, // T (54)
//				0x63,0x63,0x63,0x63,0x63,0x63,0x63,0x63,0x63,0x3E, // U (55)
//				0x63,0x63,0x63,0x63,0x22,0x36,0x36,0x1C,0x1C,0x08, // V (56)
//				0x63,0x63,0x63,0x63,0x63,0x63,0x6B,0x6B,0x7F,0x36, // W (57)
//				0x63,0x63,0x36,0x36,0x1C,0x1C,0x36,0x36,0x63,0x63, // X (58)
//				0x66,0x66,0x66,0x3C,0x3C,0x18,0x18,0x18,0x18,0x18, // Y (59)
//				0x7F,0x60,0x60,0x30,0x18,0x0C,0x06,0x03,0x03,0x7F, // Z (5A)
//				0x3E,0x06,0x06,0x06,0x06,0x06,0x06,0x06,0x06,0x3E, // [ (5B)
//				0x01,0x03,0x03,0x06,0x0C,0x18,0x30,0x60,0x60,0x40, // \ (5C)
//				0x3E,0x30,0x30,0x30,0x30,0x30,0x30,0x30,0x30,0x3E, // ] (5D)
//				0x08,0x1C,0x36,0x63,0x00,0x00,0x00,0x00,0x00,0x00, // ^ (5E)
//				0x00,0x00,0x00,0x00,0x00,0x00,0x00,0x00,0x00,0x7F, // _ (5F)
//				0x0C,0x18,0x30,0x00,0x00,0x00,0x00,0x00,0x00,0x00, // ` (60)
//				0x00,0x00,0x00,0x3E,0x60,0x7E,0x63,0x63,0x73,0x6E, // a (61)
//				0x03,0x03,0x03,0x3B,0x67,0x63,0x63,0x63,0x67,0x3B, // b (62)
//				0x00,0x00,0x00,0x3E,0x67,0x03,0x03,0x03,0x67,0x3E, // c (63)
//				0x60,0x60,0x60,0x6E,0x73,0x63,0x63,0x63,0x73,0x6E, // d (64)
//				0x00,0x00,0x00,0x3E,0x63,0x63,0x7F,0x03,0x63,0x3E, // e (65)
//				0x3C,0x66,0x06,0x06,0x06,0x3F,0x06,0x06,0x06,0x06, // f (66)
//				0x00,0x00,0x00,0x7E,0x33,0x1E,0x0F,0x3E,0x63,0x3E, // g (67)
//				0x03,0x03,0x03,0x3B,0x67,0x63,0x63,0x63,0x63,0x63, // h (68)
//				0x00,0x18,0x18,0x00,0x1C,0x18,0x18,0x18,0x18,0x3C, // i (69)
//				0x00,0x60,0x60,0x00,0x70,0x60,0x60,0x63,0x63,0x3E, // j (6A)
//				0x03,0x03,0x03,0x33,0x1B,0x0F,0x0F,0x1B,0x33,0x63, // k (6B)
//				0x1C,0x18,0x18,0x18,0x18,0x18,0x18,0x18,0x18,0x3C, // l (6C)
//				0x00,0x00,0x00,0x36,0x7F,0x6B,0x6B,0x63,0x63,0x63, // m (6D)
//				0x00,0x00,0x00,0x3B,0x67,0x63,0x63,0x63,0x63,0x63, // n (6E)
//				0x00,0x00,0x00,0x3E,0x63,0x63,0x63,0x63,0x63,0x3E, // o (6F)
//				0x00,0x00,0x00,0x3B,0x67,0x63,0x67,0x3B,0x03,0x03, // p (70)
//				0x00,0x00,0x00,0x6E,0x73,0x63,0x73,0x6E,0x60,0x60, // q (71)
//				0x00,0x00,0x00,0x3B,0x67,0x03,0x03,0x03,0x03,0x03, // r (72)
//				0x00,0x00,0x00,0x3E,0x63,0x06,0x1C,0x30,0x63,0x3E, // s (73)
//				0x06,0x06,0x06,0x06,0x3F,0x06,0x06,0x06,0x66,0x3C, // t (74)
//				0x00,0x00,0x00,0x63,0x63,0x63,0x63,0x63,0x73,0x6E, // u (75)
//				0x00,0x00,0x00,0x63,0x63,0x63,0x63,0x36,0x36,0x1C, // v (76)
//				0x00,0x00,0x00,0x63,0x63,0x63,0x6B,0x6B,0x7F,0x36, // w (77)
//				0x00,0x00,0x00,0x63,0x63,0x36,0x1C,0x36,0x63,0x63, // x (78)
//				0x00,0x00,0x00,0x63,0x63,0x73,0x6E,0x60,0x63,0x3E, // y (79)
//				0x00,0x00,0x00,0x7F,0x30,0x18,0x0C,0x06,0x03,0x7F, // z (7A)
};

static const Font_TypeDef Font7x10 = {
	.font_Width = 26,
	.font_Height = 50,
	.font_BPC = 192,
	.font_Scan = FONT_H,
	.font_MinChar = 32,
	.font_MaxChar = 126,
	.font_UnknownChar = 32,
	.font_Data = Font7x10_Data   // ? ??:?????????
};


#endif // __FONT7x10_H
